MCFG @ 0x0000000000000000
    0000: 4D 43 46 47 3C 00 00 00 01 A9 41 4C 41 53 4B 41  MCFG<.....ALASKA
    0010: 41 20 4D 20 49 00 00 00 09 20 07 01 4D 53 46 54  A M I.... ..MSFT
    0020: 97 00 00 00 00 00 00 00 00 00 00 00 00 00 00 F8  ................
    0030: 00 00 00 00 00 00 00 3F 00 00 00 00              .......?....

APIC @ 0x0000000000000000
    0000: 41 50 49 43 92 00 00 00 03 D2 41 4C 41 53 4B 41  APIC......ALASKA
    0010: 41 20 4D 20 49 00 00 00 09 20 07 01 41 4D 49 20  A M I.... ..AMI 
    0020: 13 00 01 00 00 00 E0 FE 01 00 00 00 00 08 01 00  ................
    0030: 01 00 00 00 00 08 02 02 01 00 00 00 00 08 03 04  ................
    0040: 01 00 00 00 00 08 04 06 01 00 00 00 00 08 05 01  ................
    0050: 01 00 00 00 00 08 06 03 01 00 00 00 00 08 07 05  ................
    0060: 01 00 00 00 00 08 08 07 01 00 00 00 01 0C 02 00  ................
    0070: 00 00 C0 FE 00 00 00 00 02 0A 00 00 02 00 00 00  ................
    0080: 00 00 02 0A 00 09 09 00 00 00 0D 00 04 06 FF 05  ................
    0090: 00 01                                            ..

SSDT @ 0x0000000000000000
    0000: 53 53 44 54 AA 09 00 00 01 9F 50 6D 52 65 66 00  SSDT......PmRef.
    0010: 43 70 75 30 49 73 74 00 00 30 00 00 49 4E 54 4C  Cpu0Ist..0..INTL
    0020: 17 11 05 20 10 45 98 5C 2E 5F 50 52 5F 43 50 55  ... .E.\._PR_CPU
    0030: 30 08 5F 50 50 43 00 14 4E 08 5F 50 43 54 00 70  0._PPC..N._PCT.p
    0040: 5C 2E 5F 50 52 5F 43 50 50 43 5C 2F 03 5F 50 52  \._PR_CPPC\/._PR
    0050: 5F 43 50 55 30 5F 50 50 43 A0 3E 90 7B 43 46 47  _CPU0_PPC.>.{CFG
    0060: 44 01 00 7B 50 44 43 30 01 00 A4 12 2C 02 11 14  D..{PDC0....,...
    0070: 0A 11 82 0C 00 7F 00 00 00 00 00 00 00 00 00 00  ................
    0080: 00 79 00 11 14 0A 11 82 0C 00 7F 00 00 00 00 00  .y..............
    0090: 00 00 00 00 00 00 79 00 A4 12 2C 02 11 14 0A 11  ......y...,.....
    00A0: 82 0C 00 01 10 00 00 00 10 00 00 00 00 00 00 79  ...............y
    00B0: 00 11 14 0A 11 82 0C 00 01 08 00 00 B3 00 00 00  ................
    00C0: 00 00 00 00 79 00 14 19 58 50 53 53 00 A0 0D 7B  ....y...XPSS...{
    00D0: 50 44 43 30 01 00 A4 4E 50 53 53 A4 53 50 53 53  PDC0...NPSS.SPSS
    00E0: 08 53 50 53 53 12 43 21 10 12 20 06 0C 49 0D 00  .SPSS.C!.. ..I..
    00F0: 00 0C C8 2C 01 00 0C 6E 00 00 00 0C 0A 00 00 00  ...,...n........
    0100: 0C 83 00 00 00 0C 00 00 00 00 12 20 06 0C 48 0D  ........... ..H.
    0110: 00 00 0C C8 2C 01 00 0C 6E 00 00 00 0C 0A 00 00  ....,...n.......
    0120: 00 0C 83 01 00 00 0C 01 00 00 00 12 20 06 0C E4  ............ ...
    0130: 0C 00 00 0C 70 20 01 00 0C 6E 00 00 00 0C 0A 00  ....p ...n......
    0140: 00 00 0C 83 02 00 00 0C 02 00 00 00 12 20 06 0C  ............. ..
    0150: 1C 0C 00 00 0C 6E 08 01 00 0C 6E 00 00 00 0C 0A  .....n....n.....
    0160: 00 00 00 0C 83 03 00 00 0C 03 00 00 00 12 20 06  .............. .
    0170: 0C B8 0B 00 00 0C C1 FC 00 00 0C 6E 00 00 00 0C  ...........n....
    0180: 0A 00 00 00 0C 83 04 00 00 0C 04 00 00 00 12 20  ............... 
    0190: 06 0C 54 0B 00 00 0C 4C F1 00 00 0C 6E 00 00 00  ..T....L....n...
    01A0: 0C 0A 00 00 00 0C 83 05 00 00 0C 05 00 00 00 12  ................
    01B0: 20 06 0C F0 0A 00 00 0C 1B E6 00 00 0C 6E 00 00   ............n..
    01C0: 00 0C 0A 00 00 00 0C 83 06 00 00 0C 06 00 00 00  ................
    01D0: 12 20 06 0C 28 0A 00 00 0C 43 D0 00 00 0C 6E 00  . ..(....C....n.
    01E0: 00 00 0C 0A 00 00 00 0C 83 07 00 00 0C 07 00 00  ................
    01F0: 00 12 20 06 0C C4 09 00 00 0C A9 C5 00 00 0C 6E  .. ............n
    0200: 00 00 00 0C 0A 00 00 00 0C 83 08 00 00 0C 08 00  ................
    0210: 00 00 12 20 06 0C 60 09 00 00 0C 44 BB 00 00 0C  ... ..`....D....
    0220: 6E 00 00 00 0C 0A 00 00 00 0C 83 09 00 00 0C 09  n...............
    0230: 00 00 00 12 20 06 0C 98 08 00 00 0C 23 A7 00 00  .... .......#...
    0240: 0C 6E 00 00 00 0C 0A 00 00 00 0C 83 0A 00 00 0C  .n..............
    0250: 0A 00 00 00 12 20 06 0C 34 08 00 00 0C 5C 9D 00  ..... ..4....\..
    0260: 00 0C 6E 00 00 00 0C 0A 00 00 00 0C 83 0B 00 00  ..n.............
    0270: 0C 0B 00 00 00 12 20 06 0C D0 07 00 00 0C C9 93  ...... .........
    0280: 00 00 0C 6E 00 00 00 0C 0A 00 00 00 0C 83 0C 00  ...n............
    0290: 00 0C 0C 00 00 00 12 20 06 0C 6C 07 00 00 0C 69  ....... ..l....i
    02A0: 8A 00 00 0C 6E 00 00 00 0C 0A 00 00 00 0C 83 0D  ....n...........
    02B0: 00 00 0C 0D 00 00 00 12 20 06 0C A4 06 00 00 0C  ........ .......
    02C0: BD 7A 00 00 0C 6E 00 00 00 0C 0A 00 00 00 0C 83  .z...n..........
    02D0: 0E 00 00 0C 0E 00 00 00 12 20 06 0C 40 06 00 00  ......... ..@...
    02E0: 0C EC 71 00 00 0C 6E 00 00 00 0C 0A 00 00 00 0C  ..q...n.........
    02F0: 83 0F 00 00 0C 0F 00 00 00 12 20 06 0C 00 00 00  .......... .....
    0300: 80 0C 00 00 00 80 0C 00 00 00 80 0C 00 00 00 80  ................
    0310: 0C 00 00 00 80 0C 00 00 00 80 12 20 06 0C 00 00  ........... ....
    0320: 00 80 0C 00 00 00 80 0C 00 00 00 80 0C 00 00 00  ................
    0330: 80 0C 00 00 00 80 0C 00 00 00 80 12 20 06 0C 00  ............ ...
    0340: 00 00 80 0C 00 00 00 80 0C 00 00 00 80 0C 00 00  ................
    0350: 00 80 0C 00 00 00 80 0C 00 00 00 80 12 20 06 0C  ............. ..
    0360: 00 00 00 80 0C 00 00 00 80 0C 00 00 00 80 0C 00  ................
    0370: 00 00 80 0C 00 00 00 80 0C 00 00 00 80 12 20 06  .............. .
    0380: 0C 00 00 00 80 0C 00 00 00 80 0C 00 00 00 80 0C  ................
    0390: 00 00 00 80 0C 00 00 00 80 0C 00 00 00 80 12 20  ............... 
    03A0: 06 0C 00 00 00 80 0C 00 00 00 80 0C 00 00 00 80  ................
    03B0: 0C 00 00 00 80 0C 00 00 00 80 0C 00 00 00 80 12  ................
    03C0: 20 06 0C 00 00 00 80 0C 00 00 00 80 0C 00 00 00   ...............
    03D0: 80 0C 00 00 00 80 0C 00 00 00 80 0C 00 00 00 80  ................
    03E0: 12 20 06 0C 00 00 00 80 0C 00 00 00 80 0C 00 00  . ..............
    03F0: 00 80 0C 00 00 00 80 0C 00 00 00 80 0C 00 00 00  ................
    0400: 80 12 20 06 0C 00 00 00 80 0C 00 00 00 80 0C 00  .. .............
    0410: 00 00 80 0C 00 00 00 80 0C 00 00 00 80 0C 00 00  ................
    0420: 00 80 12 20 06 0C 00 00 00 80 0C 00 00 00 80 0C  ... ............
    0430: 00 00 00 80 0C 00 00 00 80 0C 00 00 00 80 0C 00  ................
    0440: 00 00 80 12 20 06 0C 00 00 00 80 0C 00 00 00 80  .... ...........
    0450: 0C 00 00 00 80 0C 00 00 00 80 0C 00 00 00 80 0C  ................
    0460: 00 00 00 80 12 20 06 0C 00 00 00 80 0C 00 00 00  ..... ..........
    0470: 80 0C 00 00 00 80 0C 00 00 00 80 0C 00 00 00 80  ................
    0480: 0C 00 00 00 80 12 20 06 0C 00 00 00 80 0C 00 00  ...... .........
    0490: 00 80 0C 00 00 00 80 0C 00 00 00 80 0C 00 00 00  ................
    04A0: 80 0C 00 00 00 80 12 20 06 0C 00 00 00 80 0C 00  ....... ........
    04B0: 00 00 80 0C 00 00 00 80 0C 00 00 00 80 0C 00 00  ................
    04C0: 00 80 0C 00 00 00 80 12 20 06 0C 00 00 00 80 0C  ........ .......
    04D0: 00 00 00 80 0C 00 00 00 80 0C 00 00 00 80 0C 00  ................
    04E0: 00 00 80 0C 00 00 00 80 12 20 06 0C 00 00 00 80  ......... ......
    04F0: 0C 00 00 00 80 0C 00 00 00 80 0C 00 00 00 80 0C  ................
    0500: 00 00 00 80 0C 00 00 00 80 08 5F 50 53 53 12 43  .........._PSS.C
    0510: 21 10 12 20 06 0C 49 0D 00 00 0C C8 2C 01 00 0C  !.. ..I.....,...
    0520: 0A 00 00 00 0C 0A 00 00 00 0C 00 26 00 00 0C 00  ...........&....
    0530: 26 00 00 12 20 06 0C 48 0D 00 00 0C C8 2C 01 00  &... ..H.....,..
    0540: 0C 0A 00 00 00 0C 0A 00 00 00 0C 00 22 00 00 0C  ............"...
    0550: 00 22 00 00 12 20 06 0C E4 0C 00 00 0C 70 20 01  ."... .......p .
    0560: 00 0C 0A 00 00 00 0C 0A 00 00 00 0C 00 21 00 00  .............!..
    0570: 0C 00 21 00 00 12 20 06 0C 1C 0C 00 00 0C 6E 08  ..!... .......n.
    0580: 01 00 0C 0A 00 00 00 0C 0A 00 00 00 0C 00 1F 00  ................
    0590: 00 0C 00 1F 00 00 12 20 06 0C B8 0B 00 00 0C C1  ....... ........
    05A0: FC 00 00 0C 0A 00 00 00 0C 0A 00 00 00 0C 00 1E  ................
    05B0: 00 00 0C 00 1E 00 00 12 20 06 0C 54 0B 00 00 0C  ........ ..T....
    05C0: 4C F1 00 00 0C 0A 00 00 00 0C 0A 00 00 00 0C 00  L...............
    05D0: 1D 00 00 0C 00 1D 00 00 12 20 06 0C F0 0A 00 00  ......... ......
    05E0: 0C 1B E6 00 00 0C 0A 00 00 00 0C 0A 00 00 00 0C  ................
    05F0: 00 1C 00 00 0C 00 1C 00 00 12 20 06 0C 28 0A 00  .......... ..(..
    0600: 00 0C 43 D0 00 00 0C 0A 00 00 00 0C 0A 00 00 00  ..C.............
    0610: 0C 00 1A 00 00 0C 00 1A 00 00 12 20 06 0C C4 09  ........... ....
    0620: 00 00 0C A9 C5 00 00 0C 0A 00 00 00 0C 0A 00 00  ................
    0630: 00 0C 00 19 00 00 0C 00 19 00 00 12 20 06 0C 60  ............ ..`
    0640: 09 00 00 0C 44 BB 00 00 0C 0A 00 00 00 0C 0A 00  ....D...........
    0650: 00 00 0C 00 18 00 00 0C 00 18 00 00 12 20 06 0C  ............. ..
    0660: 98 08 00 00 0C 23 A7 00 00 0C 0A 00 00 00 0C 0A  .....#..........
    0670: 00 00 00 0C 00 16 00 00 0C 00 16 00 00 12 20 06  .............. .
    0680: 0C 34 08 00 00 0C 5C 9D 00 00 0C 0A 00 00 00 0C  .4....\.........
    0690: 0A 00 00 00 0C 00 15 00 00 0C 00 15 00 00 12 20  ............... 
    06A0: 06 0C D0 07 00 00 0C C9 93 00 00 0C 0A 00 00 00  ................
    06B0: 0C 0A 00 00 00 0C 00 14 00 00 0C 00 14 00 00 12  ................
    06C0: 20 06 0C 6C 07 00 00 0C 69 8A 00 00 0C 0A 00 00   ..l....i.......
    06D0: 00 0C 0A 00 00 00 0C 00 13 00 00 0C 00 13 00 00  ................
    06E0: 12 20 06 0C A4 06 00 00 0C BD 7A 00 00 0C 0A 00  . ........z.....
    06F0: 00 00 0C 0A 00 00 00 0C 00 11 00 00 0C 00 11 00  ................
    0700: 00 12 20 06 0C 40 06 00 00 0C EC 71 00 00 0C 0A  .. ..@.....q....
    0710: 00 00 00 0C 0A 00 00 00 0C 00 10 00 00 0C 00 10  ................
    0720: 00 00 12 20 06 0C 00 00 00 80 0C 00 00 00 80 0C  ... ............
    0730: 00 00 00 80 0C 00 00 00 80 0C 00 00 00 80 0C 00  ................
    0740: 00 00 80 12 20 06 0C 00 00 00 80 0C 00 00 00 80  .... ...........
    0750: 0C 00 00 00 80 0C 00 00 00 80 0C 00 00 00 80 0C  ................
    0760: 00 00 00 80 12 20 06 0C 00 00 00 80 0C 00 00 00  ..... ..........
    0770: 80 0C 00 00 00 80 0C 00 00 00 80 0C 00 00 00 80  ................
    0780: 0C 00 00 00 80 12 20 06 0C 00 00 00 80 0C 00 00  ...... .........
    0790: 00 80 0C 00 00 00 80 0C 00 00 00 80 0C 00 00 00  ................
    07A0: 80 0C 00 00 00 80 12 20 06 0C 00 00 00 80 0C 00  ....... ........
    07B0: 00 00 80 0C 00 00 00 80 0C 00 00 00 80 0C 00 00  ................
    07C0: 00 80 0C 00 00 00 80 12 20 06 0C 00 00 00 80 0C  ........ .......
    07D0: 00 00 00 80 0C 00 00 00 80 0C 00 00 00 80 0C 00  ................
    07E0: 00 00 80 0C 00 00 00 80 12 20 06 0C 00 00 00 80  ......... ......
    07F0: 0C 00 00 00 80 0C 00 00 00 80 0C 00 00 00 80 0C  ................
    0800: 00 00 00 80 0C 00 00 00 80 12 20 06 0C 00 00 00  .......... .....
    0810: 80 0C 00 00 00 80 0C 00 00 00 80 0C 00 00 00 80  ................
    0820: 0C 00 00 00 80 0C 00 00 00 80 12 20 06 0C 00 00  ........... ....
    0830: 00 80 0C 00 00 00 80 0C 00 00 00 80 0C 00 00 00  ................
    0840: 80 0C 00 00 00 80 0C 00 00 00 80 12 20 06 0C 00  ............ ...
    0850: 00 00 80 0C 00 00 00 80 0C 00 00 00 80 0C 00 00  ................
    0860: 00 80 0C 00 00 00 80 0C 00 00 00 80 12 20 06 0C  ............. ..
    0870: 00 00 00 80 0C 00 00 00 80 0C 00 00 00 80 0C 00  ................
    0880: 00 00 80 0C 00 00 00 80 0C 00 00 00 80 12 20 06  .............. .
    0890: 0C 00 00 00 80 0C 00 00 00 80 0C 00 00 00 80 0C  ................
    08A0: 00 00 00 80 0C 00 00 00 80 0C 00 00 00 80 12 20  ............... 
    08B0: 06 0C 00 00 00 80 0C 00 00 00 80 0C 00 00 00 80  ................
    08C0: 0C 00 00 00 80 0C 00 00 00 80 0C 00 00 00 80 12  ................
    08D0: 20 06 0C 00 00 00 80 0C 00 00 00 80 0C 00 00 00   ...............
    08E0: 80 0C 00 00 00 80 0C 00 00 00 80 0C 00 00 00 80  ................
    08F0: 12 20 06 0C 00 00 00 80 0C 00 00 00 80 0C 00 00  . ..............
    0900: 00 80 0C 00 00 00 80 0C 00 00 00 80 0C 00 00 00  ................
    0910: 80 12 20 06 0C 00 00 00 80 0C 00 00 00 80 0C 00  .. .............
    0920: 00 00 80 0C 00 00 00 80 0C 00 00 00 80 0C 00 00  ................
    0930: 00 80 08 50 53 44 46 00 14 4B 04 5F 50 53 44 00  ...PSDF..K._PSD.
    0940: A0 2E 92 50 53 44 46 70 54 43 4E 54 88 83 88 48  ...PSDFpTCNT...H
    0950: 50 53 44 00 00 0A 04 00 70 54 43 4E 54 88 83 88  PSD.....pTCNT...
    0960: 53 50 53 44 00 00 0A 04 00 70 FF 50 53 44 46 A0  SPSD.....p.PSDF.
    0970: 0F 7B 50 44 43 30 0B 00 08 00 A4 48 50 53 44 A4  .{PDC0.....HPSD.
    0980: 53 50 53 44 08 48 50 53 44 12 0D 01 12 0A 05 0A  SPSD.HPSD.......
    0990: 05 00 00 0A FE 0A 80 08 53 50 53 44 12 0D 01 12  ........SPSD....
    09A0: 0A 05 0A 05 00 00 0A FC 0A 80                    ..........

DSDT @ 0x0000000000000000
    0000: 44 53 44 54 47 7F 00 00 02 A9 41 4C 41 53 4B 41  DSDTG.....ALASKA
    0010: 41 20 4D 20 49 00 00 00 01 00 00 00 49 4E 54 4C  A M I.......INTL
    0020: 17 11 05 20 08 53 4D 42 53 0B 80 05 08 53 4D 42  ... .SMBS....SMB
    0030: 4C 0A 20 08 50 4D 42 53 0B 00 04 08 50 4D 4C 4E  L. .PMBS....PMLN
    0040: 0A 80 08 47 50 42 53 0B 00 05 08 47 50 4C 4E 0A  ...GPBS....GPLN.
    0050: 80 08 53 4D 49 50 0A B2 08 41 50 43 42 0C 00 00  ..SMIP...APCB...
    0060: C0 FE 08 41 50 43 4C 0B 00 10 08 53 4D 43 52 0B  ...APCL....SMCR.
    0070: 30 04 08 48 50 54 42 0C 00 00 D0 FE 08 48 50 54  0..HPTB......HPT
    0080: 43 0C 04 F4 D1 FE 08 46 4C 53 5A 0C 00 00 28 00  C......FLSZ...(.
    0090: 08 53 52 43 42 0C 00 C0 D1 FE 08 52 43 4C 4E 0B  .SRCB......RCLN.
    00A0: 00 40 08 54 43 42 52 0C 00 80 D0 FE 08 54 43 4C  .@.TCBR......TCL
    00B0: 54 0B 00 10 08 50 45 42 53 0C 00 00 00 F8 08 50  T....PEBS......P
    00C0: 45 4C 4E 0C 00 00 00 04 08 4C 41 50 42 0C 00 00  ELN......LAPB...
    00D0: E0 FE 08 45 47 50 42 0C 00 90 D1 FE 08 4D 43 48  ...EGPB......MCH
    00E0: 42 0C 00 00 D1 FE 08 56 54 42 53 0C 00 00 D9 FE  B......VTBS.....
    00F0: 08 56 54 4C 4E 0B 00 40 08 41 43 50 48 0A DE 08  .VTLN..@.ACPH...
    0100: 41 53 53 42 00 08 41 4F 54 42 00 08 41 41 58 42  ASSB..AOTB..AAXB
    0110: 00 08 50 45 48 50 01 08 53 48 50 43 01 08 50 45  ..PEHP..SHPC..PE
    0120: 50 4D 01 08 50 45 45 52 01 08 50 45 43 53 01 08  PM..PEER..PECS..
    0130: 49 54 4B 45 00 08 4D 42 45 43 0B FF FF 08 46 4D  ITKE..MBEC....FM
    0140: 42 4C 01 08 46 44 54 50 0A 02 08 46 55 50 53 0A  BL..FDTP...FUPS.
    0150: 03 08 46 55 57 53 0A 04 08 42 53 48 5F 00 08 42  ..FUWS...BSH_..B
    0160: 45 4C 5F 01 08 42 45 48 5F 0A 02 08 42 52 48 5F  EL_..BEH_...BRH_
    0170: 0A 03 08 42 54 46 5F 0A 04 08 42 48 43 5F 0A 05  ...BTF_...BHC_..
    0180: 08 42 59 42 5F 0A 06 08 42 50 48 5F 0A 07 08 42  .BYB_...BPH_...B
    0190: 53 48 53 0A 08 08 42 45 4C 43 0A 09 08 42 52 48  SHS...BELC...BRH
    01A0: 50 0A 0A 08 42 54 46 43 0A 0B 08 42 45 48 50 0A  P...BTFC...BEHP.
    01B0: 0C 08 42 50 48 53 0A 0D 08 42 45 4C 50 0A 0E 08  ..BPHS...BELP...
    01C0: 42 54 4C 5F 0A 10 08 42 54 46 50 0A 11 08 42 53  BTL_...BTFP...BS
    01D0: 52 5F 0A 14 08 42 43 48 5F 0A 16 08 42 4C 52 5F  R_...BCH_...BLR_
    01E0: 0A 18 08 42 4C 48 5F 0A 19 08 42 4F 46 5F 0A 20  ...BLH_...BOF_. 
    01F0: 08 42 45 46 5F 0A 21 08 42 4C 4C 45 0A 22 08 42  .BEF_.!.BLLE.".B
    0200: 4C 4C 43 0A 23 08 42 4C 43 41 0A 24 08 42 4C 4C  LLC.#.BLCA.$.BLL
    0210: 53 0A 25 08 42 4C 4C 50 0A 26 08 42 4C 4C 44 0A  S.%.BLLP.&.BLLD.
    0220: 27 08 42 48 42 45 0A 30 08 42 48 42 43 0A 31 08  '.BHBE.0.BHBC.1.
    0230: 42 48 42 4E 0A 32 08 42 48 42 4D 0A 33 08 54 52  BHBN.2.BHBM.3.TR
    0240: 54 50 01 08 57 44 54 45 01 08 54 52 54 44 0A 02  TP..WDTE..TRTD..
    0250: 08 54 52 54 49 0A 03 08 47 43 44 44 01 08 44 53  .TRTI...GCDD..DS
    0260: 54 41 0A 0A 08 44 53 4C 4F 0A 0C 08 44 53 4C 43  TA...DSLO...DSLC
    0270: 0A 0E 08 50 49 54 53 0A 10 08 53 42 43 53 0A 12  ...PITS...SBCS..
    0280: 08 53 41 4C 53 0A 13 08 4C 53 53 53 0A 2A 08 53  .SALS...LSSS.*.S
    0290: 4F 4F 54 0A 35 08 50 44 42 52 0A 4D 08 53 52 53  OOT.5.PDBR.M.SRS
    02A0: 49 0A B2 08 43 53 4D 49 0A 61 08 44 53 53 50 00  I...CSMI.a.DSSP.
    02B0: 08 46 48 50 50 00 08 53 4D 49 41 0A B2 08 53 4D  .FHPP..SMIA...SM
    02C0: 49 42 0A B3 08 4F 46 53 54 0A 35 08 54 50 4D 46  IB...OFST.5.TPMF
    02D0: 00 08 54 43 4D 46 00 08 54 4D 46 31 00 08 54 4D  ..TCMF..TMF1..TM
    02E0: 46 32 00 08 54 4D 46 33 00 08 54 52 53 54 0A 02  F2..TMF3..TRST..
    02F0: 08 48 49 44 4B 0D 4D 53 46 54 30 30 30 31 00 08  .HIDK.MSFT0001..
    0300: 48 49 44 4D 0D 4D 53 46 54 30 30 30 33 00 08 43  HIDM.MSFT0003..C
    0310: 49 44 4B 0C 41 D0 03 03 08 43 49 44 4D 0C 41 D0  IDK.A....CIDM.A.
    0320: 0F 03 08 53 53 31 5F 01 08 53 53 32 5F 00 08 53  ...SS1_..SS2_..S
    0330: 53 33 5F 00 08 53 53 34 5F 01 08 49 4F 53 54 0B  S3_..SS4_..IOST.
    0340: 00 00 08 54 4F 50 4D 0C 00 00 00 00 08 52 4F 4D  ...TOPM......ROM
    0350: 53 0C 00 00 E0 FF 08 56 47 41 46 01 5B 80 47 4E  S......VGAF.[.GN
    0360: 56 53 00 0C 18 3E C1 DA 0B D1 01 5B 81 45 43 47  VS...>.....[.ECG
    0370: 4E 56 53 10 4F 53 59 53 10 53 4D 49 46 08 50 52  NVS.OSYS.SMIF.PR
    0380: 4D 30 08 50 52 4D 31 08 53 43 49 46 08 50 52 4D  M0.PRM1.SCIF.PRM
    0390: 32 08 50 52 4D 33 08 4C 43 4B 46 08 50 52 4D 34  2.PRM3.LCKF.PRM4
    03A0: 08 50 52 4D 35 08 50 38 30 44 20 4C 49 44 53 08  .PRM5.P80D LIDS.
    03B0: 50 57 52 53 08 44 42 47 53 08 54 48 4F 46 08 41  PWRS.DBGS.THOF.A
    03C0: 43 54 31 08 41 43 54 54 08 50 53 56 54 08 54 43  CT1.ACTT.PSVT.TC
    03D0: 31 56 08 54 43 32 56 08 54 53 50 56 08 43 52 54  1V.TC2V.TSPV.CRT
    03E0: 54 08 44 54 53 45 08 44 54 53 31 08 44 54 53 32  T.DTSE.DTS1.DTS2
    03F0: 08 44 54 53 46 08 00 38 52 45 56 4E 08 52 45 53  .DTSF..8REVN.RES
    0400: 33 08 00 08 41 50 49 43 08 54 43 4E 54 08 50 43  3...APIC.TCNT.PC
    0410: 50 30 08 50 43 50 31 08 50 50 43 4D 08 50 50 4D  P0.PCP1.PPCM.PPM
    0420: 46 20 43 36 37 4C 08 4E 41 54 50 08 43 4D 41 50  F C67L.NATP.CMAP
    0430: 08 43 4D 42 50 08 4C 50 54 50 08 46 44 43 50 08  .CMBP.LPTP.FDCP.
    0440: 43 4D 43 50 08 43 49 52 50 08 53 4D 53 43 08 57  CMCP.CIRP.SMSC.W
    0450: 33 38 31 08 53 4D 43 31 08 49 47 44 53 08 54 4C  381.SMC1.IGDS.TL
    0460: 53 54 08 43 41 44 4C 08 50 41 44 4C 08 43 53 54  ST.CADL.PADL.CST
    0470: 45 10 4E 53 54 45 10 53 53 54 45 10 4E 44 49 44  E.NSTE.SSTE.NDID
    0480: 08 44 49 44 31 20 44 49 44 32 20 44 49 44 33 20  .DID1 DID2 DID3 
    0490: 44 49 44 34 20 44 49 44 35 20 4B 53 56 30 20 4B  DID4 DID5 KSV0 K
    04A0: 53 56 31 08 00 38 42 4C 43 53 08 42 52 54 4C 08  SV1..8BLCS.BRTL.
    04B0: 41 4C 53 45 08 41 4C 41 46 08 4C 4C 4F 57 08 4C  ALSE.ALAF.LLOW.L
    04C0: 48 49 48 08 00 08 45 4D 41 45 08 45 4D 41 50 10  HIH...EMAE.EMAP.
    04D0: 45 4D 41 4C 10 00 08 4D 45 46 45 08 44 53 54 53  EMAL...MEFE.DSTS
    04E0: 08 00 10 54 50 4D 50 08 54 50 4D 45 08 4D 4F 52  ...TPMP.TPME.MOR
    04F0: 44 08 54 43 47 50 08 50 50 52 50 20 50 50 52 51  D.TCGP.PPRP PPRQ
    0500: 08 4C 50 50 52 08 47 54 46 30 38 47 54 46 32 38  .LPPR.GTF08GTF28
    0510: 49 44 45 4D 08 47 54 46 31 38 42 49 44 5F 08 50  IDEM.GTF18BID_.P
    0520: 4C 49 44 08 00 40 08 41 53 4C 42 20 49 42 54 54  LID..@.ASLB IBTT
    0530: 08 49 50 41 54 08 49 54 56 46 08 49 54 56 4D 08  .IPAT.ITVF.ITVM.
    0540: 49 50 53 43 08 49 42 4C 43 08 49 42 49 41 08 49  IPSC.IBLC.IBIA.I
    0550: 53 53 43 08 49 34 30 39 08 49 35 30 39 08 49 36  SSC.I409.I509.I6
    0560: 30 39 08 49 37 30 39 08 49 50 43 46 08 49 44 4D  09.I709.IPCF.IDM
    0570: 53 08 49 46 31 45 08 48 56 43 4F 08 4E 58 44 31  S.IF1E.HVCO.NXD1
    0580: 20 4E 58 44 32 20 4E 58 44 33 20 4E 58 44 34 20   NXD2 NXD3 NXD4 
    0590: 4E 58 44 35 20 4E 58 44 36 20 4E 58 44 37 20 4E  NXD5 NXD6 NXD7 N
    05A0: 58 44 38 20 47 53 4D 49 08 50 41 56 50 08 00 08  XD8 GSMI.PAVP...
    05B0: 4F 53 43 43 08 4E 45 58 50 08 53 42 56 31 08 53  OSCC.NEXP.SBV1.S
    05C0: 42 56 32 08 00 30 44 53 45 4E 08 45 43 4F 4E 08  BV2..0DSEN.ECON.
    05D0: 47 50 49 43 08 43 54 59 50 08 4C 30 31 43 08 56  GPIC.CTYP.L01C.V
    05E0: 46 4E 30 08 56 46 4E 31 08 56 46 4E 32 08 56 46  FN0.VFN1.VFN2.VF
    05F0: 4E 33 08 56 46 4E 34 08 56 46 4E 35 08 56 46 4E  N3.VFN4.VFN5.VFN
    0600: 36 08 56 46 4E 37 08 56 46 4E 38 08 56 46 4E 39  6.VFN7.VFN8.VFN9
    0610: 08 00 30 4E 56 47 41 20 4E 56 48 41 20 41 4D 44  ..0NVGA NVHA AMD
    0620: 41 20 44 49 44 36 20 44 49 44 37 20 44 49 44 38  A DID6 DID7 DID8
    0630: 20 45 42 41 53 20 43 50 53 50 20 45 45 43 50 20   EBAS CPSP EECP 
    0640: 45 56 43 50 20 58 42 41 53 20 4F 42 53 31 20 4F  EVCP XBAS OBS1 O
    0650: 42 53 32 20 4F 42 53 33 20 4F 42 53 34 20 4F 42  BS2 OBS3 OBS4 OB
    0660: 53 35 20 4F 42 53 36 20 4F 42 53 37 20 4F 42 53  S5 OBS6 OBS7 OBS
    0670: 38 20 00 48 05 41 54 4D 43 08 50 54 4D 43 08 41  8 .H.ATMC.PTMC.A
    0680: 54 52 41 08 50 54 52 41 08 50 4E 48 4D 20 54 42  TRA.PTRA.PNHM TB
    0690: 41 42 20 54 42 41 48 20 52 54 49 50 08 54 53 4F  AB TBAH RTIP.TSO
    06A0: 44 08 41 54 50 43 08 50 54 50 43 08 50 46 4C 56  D.ATPC.PTPC.PFLV
    06B0: 08 42 52 45 56 08 53 47 4D 44 08 53 47 46 4C 08  .BREV.SGMD.SGFL.
    06C0: 50 57 4F 4B 08 48 4C 52 53 08 44 53 45 4C 08 45  PWOK.HLRS.DSEL.E
    06D0: 53 45 4C 08 50 53 45 4C 08 50 57 45 4E 08 50 52  SEL.PSEL.PWEN.PR
    06E0: 53 54 08 4D 58 44 31 20 4D 58 44 32 20 4D 58 44  ST.MXD1 MXD2 MXD
    06F0: 33 20 4D 58 44 34 20 4D 58 44 35 20 4D 58 44 36  3 MXD4 MXD5 MXD6
    0700: 20 4D 58 44 37 20 4D 58 44 38 20 47 42 41 53 10   MXD7 MXD8 GBAS.
    0710: 53 47 47 50 08 50 58 46 58 08 50 58 44 59 08 50  SGGP.PXFX.PXDY.P
    0720: 58 46 44 08 00 08 41 4C 46 50 08 49 4D 4F 4E 08  XFD...ALFP.IMON.
    0730: 50 44 54 53 08 50 4B 47 41 08 50 41 4D 54 08 41  PDTS.PKGA.PAMT.A
    0740: 43 30 46 08 41 43 31 46 08 44 54 53 33 08 44 54  C0F.AC1F.DTS3.DT
    0750: 53 34 08 00 20 58 48 43 49 08 58 48 50 4D 08 58  S4.. XHCI.XHPM.X
    0760: 54 55 42 20 58 54 55 53 20 58 4D 50 42 20 4C 50  TUB XTUS XMPB LP
    0770: 4D 56 08 44 44 52 46 08 4D 4D 36 34 08 50 53 4B  MV.DDRF.MM64.PSK
    0780: 45 08 50 53 4D 45 08 00 30 41 4F 41 43 08 53 4C  E.PSME..0AOAC.SL
    0790: 44 52 20 45 43 54 4D 20 41 46 4E 53 08 48 59 53  DR ECTM AFNS.HYS
    07A0: 53 20 10 8D 6E 02 5F 53 42 5F 08 50 52 30 30 12  S ..n._SB_.PR00.
    07B0: 41 1D 20 12 0D 04 0C FF FF 1F 00 00 4C 4E 4B 46  A. .........LNKF
    07C0: 00 12 0D 04 0C FF FF 1F 00 01 4C 4E 4B 44 00 12  ..........LNKD..
    07D0: 0E 04 0C FF FF 1F 00 0A 02 4C 4E 4B 43 00 12 0E  .........LNKC...
    07E0: 04 0C FF FF 1F 00 0A 03 4C 4E 4B 41 00 12 0D 04  ........LNKA....
    07F0: 0C FF FF 14 00 00 4C 4E 4B 41 00 12 0D 04 0C FF  ......LNKA......
    0800: FF 1D 00 00 4C 4E 4B 48 00 12 0D 04 0C FF FF 1D  ....LNKH........
    0810: 00 01 4C 4E 4B 44 00 12 0E 04 0C FF FF 1D 00 0A  ..LNKD..........
    0820: 02 4C 4E 4B 41 00 12 0E 04 0C FF FF 1D 00 0A 03  .LNKA...........
    0830: 4C 4E 4B 43 00 12 0D 04 0C FF FF 1A 00 00 4C 4E  LNKC..........LN
    0840: 4B 41 00 12 0D 04 0C FF FF 1A 00 01 4C 4E 4B 46  KA..........LNKF
    0850: 00 12 0E 04 0C FF FF 1A 00 0A 02 4C 4E 4B 43 00  ...........LNKC.
    0860: 12 0E 04 0C FF FF 1A 00 0A 03 4C 4E 4B 44 00 12  ..........LNKD..
    0870: 0D 04 0C FF FF 1B 00 00 4C 4E 4B 47 00 12 0D 04  ........LNKG....
    0880: 0C FF FF 19 00 00 4C 4E 4B 45 00 12 0D 04 0C FF  ......LNKE......
    0890: FF 16 00 00 4C 4E 4B 41 00 12 0D 04 0C FF FF 16  ....LNKA........
    08A0: 00 01 4C 4E 4B 44 00 12 0E 04 0C FF FF 16 00 0A  ..LNKD..........
    08B0: 02 4C 4E 4B 43 00 12 0E 04 0C FF FF 16 00 0A 03  .LNKC...........
    08C0: 4C 4E 4B 42 00 12 0D 04 0C FF FF 1C 00 00 4C 4E  LNKB..........LN
    08D0: 4B 41 00 12 0D 04 0C FF FF 1C 00 01 4C 4E 4B 42  KA..........LNKB
    08E0: 00 12 0E 04 0C FF FF 1C 00 0A 02 4C 4E 4B 43 00  ...........LNKC.
    08F0: 12 0E 04 0C FF FF 1C 00 0A 03 4C 4E 4B 44 00 12  ..........LNKD..
    0900: 0D 04 0C FF FF 01 00 00 4C 4E 4B 41 00 12 0D 04  ........LNKA....
    0910: 0C FF FF 01 00 01 4C 4E 4B 42 00 12 0E 04 0C FF  ......LNKB......
    0920: FF 01 00 0A 02 4C 4E 4B 43 00 12 0E 04 0C FF FF  .....LNKC.......
    0930: 01 00 0A 03 4C 4E 4B 44 00 12 0D 04 0C FF FF 02  ....LNKD........
    0940: 00 00 4C 4E 4B 41 00 12 0D 04 0C FF FF 04 00 00  ..LNKA..........
    0950: 4C 4E 4B 41 00 12 0D 04 0C FF FF 04 00 01 4C 4E  LNKA..........LN
    0960: 4B 42 00 12 0E 04 0C FF FF 04 00 0A 02 4C 4E 4B  KB...........LNK
    0970: 43 00 12 0E 04 0C FF FF 04 00 0A 03 4C 4E 4B 44  C...........LNKD
    0980: 00 08 41 52 30 30 12 41 19 20 12 0B 04 0C FF FF  ..AR00.A. ......
    0990: 1F 00 00 00 0A 15 12 0B 04 0C FF FF 1F 00 01 00  ................
    09A0: 0A 13 12 0C 04 0C FF FF 1F 00 0A 02 00 0A 12 12  ................
    09B0: 0C 04 0C FF FF 1F 00 0A 03 00 0A 10 12 0B 04 0C  ................
    09C0: FF FF 14 00 00 00 0A 10 12 0B 04 0C FF FF 1D 00  ................
    09D0: 00 00 0A 17 12 0B 04 0C FF FF 1D 00 01 00 0A 13  ................
    09E0: 12 0C 04 0C FF FF 1D 00 0A 02 00 0A 10 12 0C 04  ................
    09F0: 0C FF FF 1D 00 0A 03 00 0A 12 12 0B 04 0C FF FF  ................
    0A00: 1A 00 00 00 0A 10 12 0B 04 0C FF FF 1A 00 01 00  ................
    0A10: 0A 15 12 0C 04 0C FF FF 1A 00 0A 02 00 0A 12 12  ................
    0A20: 0C 04 0C FF FF 1A 00 0A 03 00 0A 13 12 0B 04 0C  ................
    0A30: FF FF 1B 00 00 00 0A 16 12 0B 04 0C FF FF 19 00  ................
    0A40: 00 00 0A 14 12 0B 04 0C FF FF 16 00 00 00 0A 10  ................
    0A50: 12 0B 04 0C FF FF 16 00 01 00 0A 13 12 0C 04 0C  ................
    0A60: FF FF 16 00 0A 02 00 0A 12 12 0C 04 0C FF FF 16  ................
    0A70: 00 0A 03 00 0A 11 12 0B 04 0C FF FF 1C 00 00 00  ................
    0A80: 0A 10 12 0B 04 0C FF FF 1C 00 01 00 0A 11 12 0C  ................
    0A90: 04 0C FF FF 1C 00 0A 02 00 0A 12 12 0C 04 0C FF  ................
    0AA0: FF 1C 00 0A 03 00 0A 13 12 0B 04 0C FF FF 01 00  ................
    0AB0: 00 00 0A 10 12 0B 04 0C FF FF 01 00 01 00 0A 11  ................
    0AC0: 12 0C 04 0C FF FF 01 00 0A 02 00 0A 12 12 0C 04  ................
    0AD0: 0C FF FF 01 00 0A 03 00 0A 13 12 0B 04 0C FF FF  ................
    0AE0: 02 00 00 00 0A 10 12 0B 04 0C FF FF 04 00 00 00  ................
    0AF0: 0A 10 12 0B 04 0C FF FF 04 00 01 00 0A 11 12 0C  ................
    0B00: 04 0C FF FF 04 00 0A 02 00 0A 12 12 0C 04 0C FF  ................
    0B10: FF 04 00 0A 03 00 0A 13 08 50 52 30 34 12 34 04  .........PR04.4.
    0B20: 12 0B 04 0B FF FF 00 4C 4E 4B 41 00 12 0B 04 0B  .......LNKA.....
    0B30: FF FF 01 4C 4E 4B 42 00 12 0C 04 0B FF FF 0A 02  ...LNKB.........
    0B40: 4C 4E 4B 43 00 12 0C 04 0B FF FF 0A 03 4C 4E 4B  LNKC.........LNK
    0B50: 44 00 08 41 52 30 34 12 2C 04 12 09 04 0B FF FF  D..AR04.,.......
    0B60: 00 00 0A 10 12 09 04 0B FF FF 01 00 0A 11 12 0A  ................
    0B70: 04 0B FF FF 0A 02 00 0A 12 12 0A 04 0B FF FF 0A  ................
    0B80: 03 00 0A 13 08 50 52 30 35 12 34 04 12 0B 04 0B  .....PR05.4.....
    0B90: FF FF 00 4C 4E 4B 42 00 12 0B 04 0B FF FF 01 4C  ...LNKB........L
    0BA0: 4E 4B 43 00 12 0C 04 0B FF FF 0A 02 4C 4E 4B 44  NKC.........LNKD
    0BB0: 00 12 0C 04 0B FF FF 0A 03 4C 4E 4B 41 00 08 41  .........LNKA..A
    0BC0: 52 30 35 12 2C 04 12 09 04 0B FF FF 00 00 0A 11  R05.,...........
    0BD0: 12 09 04 0B FF FF 01 00 0A 12 12 0A 04 0B FF FF  ................
    0BE0: 0A 02 00 0A 13 12 0A 04 0B FF FF 0A 03 00 0A 10  ................
    0BF0: 08 50 52 30 36 12 34 04 12 0B 04 0B FF FF 00 4C  .PR06.4........L
    0C00: 4E 4B 43 00 12 0B 04 0B FF FF 01 4C 4E 4B 44 00  NKC........LNKD.
    0C10: 12 0C 04 0B FF FF 0A 02 4C 4E 4B 41 00 12 0C 04  ........LNKA....
    0C20: 0B FF FF 0A 03 4C 4E 4B 42 00 08 41 52 30 36 12  .....LNKB..AR06.
    0C30: 2C 04 12 09 04 0B FF FF 00 00 0A 12 12 09 04 0B  ,...............
    0C40: FF FF 01 00 0A 13 12 0A 04 0B FF FF 0A 02 00 0A  ................
    0C50: 10 12 0A 04 0B FF FF 0A 03 00 0A 11 08 50 52 30  .............PR0
    0C60: 37 12 34 04 12 0B 04 0B FF FF 00 4C 4E 4B 44 00  7.4........LNKD.
    0C70: 12 0B 04 0B FF FF 01 4C 4E 4B 41 00 12 0C 04 0B  .......LNKA.....
    0C80: FF FF 0A 02 4C 4E 4B 42 00 12 0C 04 0B FF FF 0A  ....LNKB........
    0C90: 03 4C 4E 4B 43 00 08 41 52 30 37 12 2C 04 12 09  .LNKC..AR07.,...
    0CA0: 04 0B FF FF 00 00 0A 13 12 09 04 0B FF FF 01 00  ................
    0CB0: 0A 10 12 0A 04 0B FF FF 0A 02 00 0A 11 12 0A 04  ................
    0CC0: 0B FF FF 0A 03 00 0A 12 08 50 52 30 38 12 34 04  .........PR08.4.
    0CD0: 12 0B 04 0B FF FF 00 4C 4E 4B 41 00 12 0B 04 0B  .......LNKA.....
    0CE0: FF FF 01 4C 4E 4B 42 00 12 0C 04 0B FF FF 0A 02  ...LNKB.........
    0CF0: 4C 4E 4B 43 00 12 0C 04 0B FF FF 0A 03 4C 4E 4B  LNKC.........LNK
    0D00: 44 00 08 41 52 30 38 12 2C 04 12 09 04 0B FF FF  D..AR08.,.......
    0D10: 00 00 0A 10 12 09 04 0B FF FF 01 00 0A 11 12 0A  ................
    0D20: 04 0B FF FF 0A 02 00 0A 12 12 0A 04 0B FF FF 0A  ................
    0D30: 03 00 0A 13 08 50 52 30 39 12 34 04 12 0B 04 0B  .....PR09.4.....
    0D40: FF FF 00 4C 4E 4B 42 00 12 0B 04 0B FF FF 01 4C  ...LNKB........L
    0D50: 4E 4B 43 00 12 0C 04 0B FF FF 0A 02 4C 4E 4B 44  NKC.........LNKD
    0D60: 00 12 0C 04 0B FF FF 0A 03 4C 4E 4B 41 00 08 41  .........LNKA..A
    0D70: 52 30 39 12 2C 04 12 09 04 0B FF FF 00 00 0A 11  R09.,...........
    0D80: 12 09 04 0B FF FF 01 00 0A 12 12 0A 04 0B FF FF  ................
    0D90: 0A 02 00 0A 13 12 0A 04 0B FF FF 0A 03 00 0A 10  ................
    0DA0: 08 50 52 30 45 12 34 04 12 0B 04 0B FF FF 00 4C  .PR0E.4........L
    0DB0: 4E 4B 43 00 12 0B 04 0B FF FF 01 4C 4E 4B 44 00  NKC........LNKD.
    0DC0: 12 0C 04 0B FF FF 0A 02 4C 4E 4B 41 00 12 0C 04  ........LNKA....
    0DD0: 0B FF FF 0A 03 4C 4E 4B 42 00 08 41 52 30 45 12  .....LNKB..AR0E.
    0DE0: 2C 04 12 09 04 0B FF FF 00 00 0A 12 12 09 04 0B  ,...............
    0DF0: FF FF 01 00 0A 13 12 0A 04 0B FF FF 0A 02 00 0A  ................
    0E00: 10 12 0A 04 0B FF FF 0A 03 00 0A 11 08 50 52 30  .............PR0
    0E10: 46 12 34 04 12 0B 04 0B FF FF 00 4C 4E 4B 44 00  F.4........LNKD.
    0E20: 12 0B 04 0B FF FF 01 4C 4E 4B 41 00 12 0C 04 0B  .......LNKA.....
    0E30: FF FF 0A 02 4C 4E 4B 42 00 12 0C 04 0B FF FF 0A  ....LNKB........
    0E40: 03 4C 4E 4B 43 00 08 41 52 30 46 12 2C 04 12 09  .LNKC..AR0F.,...
    0E50: 04 0B FF FF 00 00 0A 13 12 09 04 0B FF FF 01 00  ................
    0E60: 0A 10 12 0A 04 0B FF FF 0A 02 00 0A 11 12 0A 04  ................
    0E70: 0B FF FF 0A 03 00 0A 12 08 50 52 30 31 12 43 0E  .........PR01.C.
    0E80: 10 12 0B 04 0B FF FF 00 4C 4E 4B 41 00 12 0B 04  ........LNKA....
    0E90: 0B FF FF 01 4C 4E 4B 42 00 12 0C 04 0B FF FF 0A  ....LNKB........
    0EA0: 02 4C 4E 4B 43 00 12 0C 04 0B FF FF 0A 03 4C 4E  .LNKC.........LN
    0EB0: 4B 44 00 12 0D 04 0C FF FF 01 00 00 4C 4E 4B 42  KD..........LNKB
    0EC0: 00 12 0D 04 0C FF FF 01 00 01 4C 4E 4B 43 00 12  ..........LNKC..
    0ED0: 0E 04 0C FF FF 01 00 0A 02 4C 4E 4B 44 00 12 0E  .........LNKD...
    0EE0: 04 0C FF FF 01 00 0A 03 4C 4E 4B 41 00 12 0D 04  ........LNKA....
    0EF0: 0C FF FF 02 00 00 4C 4E 4B 43 00 12 0D 04 0C FF  ......LNKC......
    0F00: FF 02 00 01 4C 4E 4B 44 00 12 0E 04 0C FF FF 02  ....LNKD........
    0F10: 00 0A 02 4C 4E 4B 41 00 12 0E 04 0C FF FF 02 00  ...LNKA.........
    0F20: 0A 03 4C 4E 4B 42 00 12 0D 04 0C FF FF 03 00 00  ..LNKB..........
    0F30: 4C 4E 4B 44 00 12 0D 04 0C FF FF 03 00 01 4C 4E  LNKD..........LN
    0F40: 4B 41 00 12 0E 04 0C FF FF 03 00 0A 02 4C 4E 4B  KA...........LNK
    0F50: 42 00 12 0E 04 0C FF FF 03 00 0A 03 4C 4E 4B 43  B...........LNKC
    0F60: 00 08 41 52 30 31 12 43 0C 10 12 09 04 0B FF FF  ..AR01.C........
    0F70: 00 00 0A 10 12 09 04 0B FF FF 01 00 0A 11 12 0A  ................
    0F80: 04 0B FF FF 0A 02 00 0A 12 12 0A 04 0B FF FF 0A  ................
    0F90: 03 00 0A 13 12 0B 04 0C FF FF 01 00 00 00 0A 11  ................
    0FA0: 12 0B 04 0C FF FF 01 00 01 00 0A 12 12 0C 04 0C  ................
    0FB0: FF FF 01 00 0A 02 00 0A 13 12 0C 04 0C FF FF 01  ................
    0FC0: 00 0A 03 00 0A 10 12 0B 04 0C FF FF 02 00 00 00  ................
    0FD0: 0A 12 12 0B 04 0C FF FF 02 00 01 00 0A 13 12 0C  ................
    0FE0: 04 0C FF FF 02 00 0A 02 00 0A 10 12 0C 04 0C FF  ................
    0FF0: FF 02 00 0A 03 00 0A 11 12 0B 04 0C FF FF 03 00  ................
    1000: 00 00 0A 13 12 0B 04 0C FF FF 03 00 01 00 0A 10  ................
    1010: 12 0C 04 0C FF FF 03 00 0A 02 00 0A 11 12 0C 04  ................
    1020: 0C FF FF 03 00 0A 03 00 0A 12 08 50 52 30 32 12  ...........PR02.
    1030: 34 04 12 0B 04 0B FF FF 00 4C 4E 4B 41 00 12 0B  4........LNKA...
    1040: 04 0B FF FF 01 4C 4E 4B 42 00 12 0C 04 0B FF FF  .....LNKB.......
    1050: 0A 02 4C 4E 4B 43 00 12 0C 04 0B FF FF 0A 03 4C  ..LNKC.........L
    1060: 4E 4B 44 00 08 41 52 30 32 12 2C 04 12 09 04 0B  NKD..AR02.,.....
    1070: FF FF 00 00 0A 10 12 09 04 0B FF FF 01 00 0A 11  ................
    1080: 12 0A 04 0B FF FF 0A 02 00 0A 12 12 0A 04 0B FF  ................
    1090: FF 0A 03 00 0A 13 08 50 52 53 41 11 09 0A 06 23  .......PRSA....#
    10A0: 78 DC 18 79 00 06 50 52 53 41 50 52 53 42 06 50  x..y..PRSAPRSB.P
    10B0: 52 53 41 50 52 53 43 06 50 52 53 41 50 52 53 44  RSAPRSC.PRSAPRSD
    10C0: 06 50 52 53 41 50 52 53 45 06 50 52 53 41 50 52  .PRSAPRSE.PRSAPR
    10D0: 53 46 06 50 52 53 41 50 52 53 47 06 50 52 53 41  SF.PRSAPRSG.PRSA
    10E0: 50 52 53 48 5B 82 8A CD 01 50 43 49 30 08 5F 48  PRSH[....PCI0._H
    10F0: 49 44 0C 41 D0 0A 08 08 5F 43 49 44 0C 41 D0 0A  ID.A...._CID.A..
    1100: 03 08 5F 41 44 52 00 14 09 5E 42 4E 30 30 00 A4  .._ADR...^BN00..
    1110: 00 14 0B 5F 42 42 4E 00 A4 42 4E 30 30 08 5F 55  ..._BBN..BN00._U
    1120: 49 44 00 14 16 5F 50 52 54 00 A0 0A 50 49 43 4D  ID..._PRT...PICM
    1130: A4 41 52 30 30 A4 50 52 30 30 5B 80 48 42 55 53  .AR00.PR00[.HBUS
    1140: 02 00 0B 00 01 5B 81 4B 0D 48 42 55 53 03 00 40  .....[.K.HBUS..@
    1150: 20 45 50 45 4E 01 00 0B 45 50 42 52 14 00 20 4D   EPEN...EPBR.. M
    1160: 48 45 4E 01 00 0E 4D 48 42 52 11 00 20 47 43 4C  HEN...MHBR.. GCL
    1170: 4B 01 00 1F 44 30 45 4E 01 00 4F 05 50 58 45 4E  K...D0EN..O.PXEN
    1180: 01 50 58 53 5A 02 00 17 50 58 42 52 06 00 20 44  .PXSZ...PXBR.. D
    1190: 49 45 4E 01 00 0B 44 49 42 52 14 00 20 00 14 4D  IEN...DIBR.. ..M
    11A0: 45 42 52 0C 00 40 06 00 04 50 4D 30 48 02 00 02  EBR..@...PM0H...
    11B0: 50 4D 31 4C 02 00 02 50 4D 31 48 02 00 02 50 4D  PM1L...PM1H...PM
    11C0: 32 4C 02 00 02 50 4D 32 48 02 00 02 50 4D 33 4C  2L...PM2H...PM3L
    11D0: 02 00 02 50 4D 33 48 02 00 02 50 4D 34 4C 02 00  ...PM3H...PM4L..
    11E0: 02 50 4D 34 48 02 00 02 50 4D 35 4C 02 00 02 50  .PM4H...PM5L...P
    11F0: 4D 35 48 02 00 02 50 4D 36 4C 02 00 02 50 4D 36  M5H...PM6L...PM6
    1200: 48 02 00 02 00 48 10 00 14 54 55 55 44 13 00 49  H....H...TUUD..I
    1210: 07 00 14 54 4C 55 44 0C 00 40 04 00 07 48 54 53  ...TLUD..@...HTS
    1220: 45 01 5B 80 4D 43 48 54 00 0C 00 00 D1 FE 0B 00  E.[.MCHT........
    1230: 11 5B 81 06 4D 43 48 54 01 08 42 55 46 30 11 47  .[..MCHT..BUF0.G
    1240: 20 0B 02 02 88 0D 00 02 0C 00 00 00 00 00 FF 00   ...............
    1250: 00 00 00 01 87 17 00 01 0C 03 00 00 00 00 00 00  ................
    1260: 00 00 F7 0C 00 00 00 00 00 00 F8 0C 00 00 47 01  ..............G.
    1270: F8 0C F8 0C 01 08 87 17 00 01 0C 03 00 00 00 00  ................
    1280: 00 0D 00 00 FF FF 00 00 00 00 00 00 00 F3 00 00  ................
    1290: 87 17 00 00 0C 03 00 00 00 00 00 00 0A 00 FF FF  ................
    12A0: 0B 00 00 00 00 00 00 00 02 00 87 17 00 00 0C 03  ................
    12B0: 00 00 00 00 00 00 0C 00 FF 3F 0C 00 00 00 00 00  .........?......
    12C0: 00 40 00 00 87 17 00 00 0C 03 00 00 00 00 00 40  .@.............@
    12D0: 0C 00 FF 7F 0C 00 00 00 00 00 00 40 00 00 87 17  ...........@....
    12E0: 00 00 0C 03 00 00 00 00 00 80 0C 00 FF BF 0C 00  ................
    12F0: 00 00 00 00 00 40 00 00 87 17 00 00 0C 03 00 00  .....@..........
    1300: 00 00 00 C0 0C 00 FF FF 0C 00 00 00 00 00 00 40  ...............@
    1310: 00 00 87 17 00 00 0C 03 00 00 00 00 00 00 0D 00  ................
    1320: FF 3F 0D 00 00 00 00 00 00 40 00 00 87 17 00 00  .?.......@......
    1330: 0C 03 00 00 00 00 00 40 0D 00 FF 7F 0D 00 00 00  .......@........
    1340: 00 00 00 40 00 00 87 17 00 00 0C 03 00 00 00 00  ...@............
    1350: 00 80 0D 00 FF BF 0D 00 00 00 00 00 00 40 00 00  .............@..
    1360: 87 17 00 00 0C 03 00 00 00 00 00 C0 0D 00 FF FF  ................
    1370: 0D 00 00 00 00 00 00 40 00 00 87 17 00 00 0C 03  .......@........
    1380: 00 00 00 00 00 00 0E 00 FF 3F 0E 00 00 00 00 00  .........?......
    1390: 00 40 00 00 87 17 00 00 0C 03 00 00 00 00 00 40  .@.............@
    13A0: 0E 00 FF 7F 0E 00 00 00 00 00 00 40 00 00 87 17  ...........@....
    13B0: 00 00 0C 03 00 00 00 00 00 80 0E 00 FF BF 0E 00  ................
    13C0: 00 00 00 00 00 40 00 00 87 17 00 00 0C 03 00 00  .....@..........
    13D0: 00 00 00 C0 0E 00 FF FF 0E 00 00 00 00 00 00 40  ...............@
    13E0: 00 00 87 17 00 00 0C 03 00 00 00 00 00 00 0F 00  ................
    13F0: FF FF 0F 00 00 00 00 00 00 00 01 00 87 17 00 00  ................
    1400: 0C 03 00 00 00 00 00 00 00 00 FF FF AF FE 00 00  ................
    1410: 00 00 00 00 B0 FE 8A 2B 00 00 0C 03 00 00 00 00  .......+........
    1420: 00 00 00 00 00 00 01 00 00 00 00 00 FF FF 01 00  ................
    1430: 00 00 00 00 00 00 00 00 00 00 00 00 00 00 01 00  ................
    1440: 00 00 00 00 79 00 14 45 39 5F 43 52 53 08 8B 42  ....y..E9_CRS..B
    1450: 55 46 30 0A 0A 50 42 4D 58 70 74 7A 50 45 4C 4E  UF0..PBMXptzPELN
    1460: 0A 14 00 0A 02 00 50 42 4D 58 8B 42 55 46 30 0A  ......PBMX.BUF0.
    1470: 0E 50 42 4C 4E 70 74 7A 50 45 4C 4E 0A 14 00 01  .PBLNptzPELN....
    1480: 00 50 42 4C 4E A0 16 50 4D 31 4C 8A 42 55 46 30  .PBLN..PM1L.BUF0
    1490: 0A 7C 43 30 4C 4E 70 00 43 30 4C 4E A0 19 93 50  .|C0LNp.C0LN...P
    14A0: 4D 31 4C 01 8D 42 55 46 30 0B 58 03 43 30 52 57  M1L..BUF0.X.C0RW
    14B0: 70 00 43 30 52 57 A0 16 50 4D 31 48 8A 42 55 46  p.C0RW..PM1H.BUF
    14C0: 30 0A 96 43 34 4C 4E 70 00 43 34 4C 4E A0 19 93  0..C4LNp.C4LN...
    14D0: 50 4D 31 48 01 8D 42 55 46 30 0B 28 04 43 34 52  PM1H..BUF0.(.C4R
    14E0: 57 70 00 43 34 52 57 A0 16 50 4D 32 4C 8A 42 55  Wp.C4RW..PM2L.BU
    14F0: 46 30 0A B0 43 38 4C 4E 70 00 43 38 4C 4E A0 19  F0..C8LNp.C8LN..
    1500: 93 50 4D 32 4C 01 8D 42 55 46 30 0B F8 04 43 38  .PM2L..BUF0...C8
    1510: 52 57 70 00 43 38 52 57 A0 16 50 4D 32 48 8A 42  RWp.C8RW..PM2H.B
    1520: 55 46 30 0A CA 43 43 4C 4E 70 00 43 43 4C 4E A0  UF0..CCLNp.CCLN.
    1530: 19 93 50 4D 32 48 01 8D 42 55 46 30 0B C8 05 43  ..PM2H..BUF0...C
    1540: 43 52 57 70 00 43 43 52 57 A0 16 50 4D 33 4C 8A  CRWp.CCRW..PM3L.
    1550: 42 55 46 30 0A E4 44 30 4C 4E 70 00 44 30 4C 4E  BUF0..D0LNp.D0LN
    1560: A0 19 93 50 4D 33 4C 01 8D 42 55 46 30 0B 98 06  ...PM3L..BUF0...
    1570: 44 30 52 57 70 00 44 30 52 57 A0 16 50 4D 33 48  D0RWp.D0RW..PM3H
    1580: 8A 42 55 46 30 0A FE 44 34 4C 4E 70 00 44 34 4C  .BUF0..D4LNp.D4L
    1590: 4E A0 19 93 50 4D 33 48 01 8D 42 55 46 30 0B 68  N...PM3H..BUF0.h
    15A0: 07 44 34 52 57 70 00 44 34 52 57 A0 17 50 4D 34  .D4RWp.D4RW..PM4
    15B0: 4C 8A 42 55 46 30 0B 18 01 44 38 4C 4E 70 00 44  L.BUF0...D8LNp.D
    15C0: 38 4C 4E A0 19 93 50 4D 34 4C 01 8D 42 55 46 30  8LN...PM4L..BUF0
    15D0: 0B 38 08 44 38 52 57 70 00 44 38 52 57 A0 17 50  .8.D8RWp.D8RW..P
    15E0: 4D 34 48 8A 42 55 46 30 0B 32 01 44 43 4C 4E 70  M4H.BUF0.2.DCLNp
    15F0: 00 44 43 4C 4E A0 19 93 50 4D 34 48 01 8D 42 55  .DCLN...PM4H..BU
    1600: 46 30 0B 08 09 44 43 52 57 70 00 44 43 52 57 A0  F0...DCRWp.DCRW.
    1610: 17 50 4D 35 4C 8A 42 55 46 30 0B 4C 01 45 30 4C  .PM5L.BUF0.L.E0L
    1620: 4E 70 00 45 30 4C 4E A0 19 93 50 4D 35 4C 01 8D  Np.E0LN...PM5L..
    1630: 42 55 46 30 0B D8 09 45 30 52 57 70 00 45 30 52  BUF0...E0RWp.E0R
    1640: 57 A0 17 50 4D 35 48 8A 42 55 46 30 0B 66 01 45  W..PM5H.BUF0.f.E
    1650: 34 4C 4E 70 00 45 34 4C 4E A0 19 93 50 4D 35 48  4LNp.E4LN...PM5H
    1660: 01 8D 42 55 46 30 0B A8 0A 45 34 52 57 70 00 45  ..BUF0...E4RWp.E
    1670: 34 52 57 A0 17 50 4D 36 4C 8A 42 55 46 30 0B 80  4RW..PM6L.BUF0..
    1680: 01 45 38 4C 4E 70 00 45 38 4C 4E A0 19 93 50 4D  .E8LNp.E8LN...PM
    1690: 36 4C 01 8D 42 55 46 30 0B 78 0B 45 38 52 57 70  6L..BUF0.x.E8RWp
    16A0: 00 45 38 52 57 A0 17 50 4D 36 48 8A 42 55 46 30  .E8RW..PM6H.BUF0
    16B0: 0B 9A 01 45 43 4C 4E 70 00 45 43 4C 4E A0 19 93  ...ECLNp.ECLN...
    16C0: 50 4D 36 48 01 8D 42 55 46 30 0B 48 0C 45 43 52  PM6H..BUF0.H.ECR
    16D0: 57 70 00 45 43 52 57 A0 17 50 4D 30 48 8A 42 55  Wp.ECRW..PM0H.BU
    16E0: 46 30 0B B4 01 46 30 4C 4E 70 00 46 30 4C 4E A0  F0...F0LNp.F0LN.
    16F0: 19 93 50 4D 30 48 01 8D 42 55 46 30 0B 18 0D 46  ..PM0H..BUF0...F
    1700: 30 52 57 70 00 46 30 52 57 8A 42 55 46 30 0B C2  0RWp.F0RW.BUF0..
    1710: 01 4D 31 4D 4E 8A 42 55 46 30 0B C6 01 4D 31 4D  .M1MN.BUF0...M1M
    1720: 58 8A 42 55 46 30 0B CE 01 4D 31 4C 4E 79 54 4C  X.BUF0...M1LNyTL
    1730: 55 44 0A 14 4D 31 4D 4E 72 74 4D 31 4D 58 4D 31  UD..M1MNrtM1MXM1
    1740: 4D 4E 00 01 4D 31 4C 4E A0 23 91 93 4D 4D 36 34  MN..M1LN.#..MM64
    1750: 00 92 94 4F 53 59 53 0B D3 07 8A 42 55 46 30 0B  ...OSYS....BUF0.
    1760: F8 01 4D 53 4C 4E 70 00 4D 53 4C 4E A1 4A 06 8F  ..MSLNp.MSLN.J..
    1770: 42 55 46 30 0B F8 01 4D 32 4C 4E 8F 42 55 46 30  BUF0...M2LN.BUF0
    1780: 0B E0 01 4D 32 4D 4E 8F 42 55 46 30 0B E8 01 4D  ...M2MN.BUF0...M
    1790: 32 4D 58 70 0E 00 00 00 00 04 00 00 00 4D 32 4C  2MXp.........M2L
    17A0: 4E A0 15 92 95 54 55 55 44 0B 00 10 79 54 55 55  N....TUUD...yTUU
    17B0: 44 0A 14 4D 32 4D 4E A1 0F 70 0E 00 00 00 00 01  D..M2MN..p......
    17C0: 00 00 00 4D 32 4D 4E 74 72 4D 32 4D 4E 4D 32 4C  ...M2MNtrM2MNM2L
    17D0: 4E 00 01 4D 32 4D 58 A4 42 55 46 30 08 47 55 49  N..M2MX.BUF0.GUI
    17E0: 44 11 13 0A 10 5B 4D DB 33 F7 1F 1C 40 96 57 74  D....[M.3...@.Wt
    17F0: 41 C0 3D D7 66 08 53 55 50 50 00 08 43 54 52 4C  A.=.f.SUPP..CTRL
    1800: 00 08 58 43 4E 54 00 14 41 11 5F 4F 53 43 0C 70  ..XCNT..A._OSC.p
    1810: 6B 60 8A 60 00 43 44 57 31 8A 60 0A 04 43 44 57  k`.`.CDW1.`..CDW
    1820: 32 8A 60 0A 08 43 44 57 33 A0 1A 5E 2E 58 48 43  2.`..CDW3..^.XHC
    1830: 5F 43 55 49 44 68 A4 5E 2E 58 48 43 5F 50 4F 53  _CUIDh.^.XHC_POS
    1840: 43 69 6A 6B A1 2C A0 2A 5F 4F 53 49 0D 57 69 6E  Cijk.,.*_OSI.Win
    1850: 64 6F 77 73 20 32 30 31 32 00 A0 16 93 58 43 4E  dows 2012....XCN
    1860: 54 00 5E 2E 58 48 43 5F 58 53 45 4C 75 58 43 4E  T.^.XHC_XSELuXCN
    1870: 54 A0 48 09 93 68 47 55 49 44 70 43 44 57 32 53  T.H..hGUIDpCDW2S
    1880: 55 50 50 70 43 44 57 33 43 54 52 4C A0 15 93 4E  UPPpCDW3CTRL...N
    1890: 45 58 50 00 7B 43 54 52 4C 0C F8 FF FF FF 43 54  EXP.{CTRL.....CT
    18A0: 52 4C A0 2B 4E 45 58 50 A0 25 80 7B 43 44 57 31  RL.+NEXP.%.{CDW1
    18B0: 01 00 00 A0 0C 7B 43 54 52 4C 01 00 4E 48 50 47  .....{CTRL..NHPG
    18C0: A0 0D 7B 43 54 52 4C 0A 04 00 4E 50 4D 45 A0 10  ..{CTRL...NPME..
    18D0: 92 93 69 01 7D 43 44 57 31 0A 08 43 44 57 31 A0  ..i.}CDW1..CDW1.
    18E0: 16 92 93 43 44 57 33 43 54 52 4C 7D 43 44 57 31  ...CDW3CTRL}CDW1
    18F0: 0A 10 43 44 57 31 70 43 54 52 4C 43 44 57 33 70  ..CDW1pCTRLCDW3p
    1900: 43 54 52 4C 4F 53 43 43 A4 60 A1 0E 7D 43 44 57  CTRLOSCC.`..}CDW
    1910: 31 0A 04 43 44 57 31 A4 60 10 40 14 5C 2E 5F 53  1..CDW1.`.@.\._S
    1920: 42 5F 50 43 49 30 14 0D 41 52 30 30 00 A4 5E 5E  B_PCI0..AR00..^^
    1930: 41 52 30 30 14 0D 50 52 30 30 00 A4 5E 5E 50 52  AR00..PR00..^^PR
    1940: 30 30 14 0D 41 52 30 31 00 A4 5E 5E 41 52 30 31  00..AR01..^^AR01
    1950: 14 0D 50 52 30 31 00 A4 5E 5E 50 52 30 31 14 0D  ..PR01..^^PR01..
    1960: 41 52 30 32 00 A4 5E 5E 41 52 30 32 14 0D 50 52  AR02..^^AR02..PR
    1970: 30 32 00 A4 5E 5E 50 52 30 32 14 0D 41 52 30 34  02..^^PR02..AR04
    1980: 00 A4 5E 5E 41 52 30 34 14 0D 50 52 30 34 00 A4  ..^^AR04..PR04..
    1990: 5E 5E 50 52 30 34 14 0D 41 52 30 35 00 A4 5E 5E  ^^PR04..AR05..^^
    19A0: 41 52 30 35 14 0D 50 52 30 35 00 A4 5E 5E 50 52  AR05..PR05..^^PR
    19B0: 30 35 14 0D 41 52 30 36 00 A4 5E 5E 41 52 30 36  05..AR06..^^AR06
    19C0: 14 0D 50 52 30 36 00 A4 5E 5E 50 52 30 36 14 0D  ..PR06..^^PR06..
    19D0: 41 52 30 37 00 A4 5E 5E 41 52 30 37 14 0D 50 52  AR07..^^AR07..PR
    19E0: 30 37 00 A4 5E 5E 50 52 30 37 14 0D 41 52 30 38  07..^^PR07..AR08
    19F0: 00 A4 5E 5E 41 52 30 38 14 0D 50 52 30 38 00 A4  ..^^AR08..PR08..
    1A00: 5E 5E 50 52 30 38 14 0D 41 52 30 39 00 A4 5E 5E  ^^PR08..AR09..^^
    1A10: 41 52 30 39 14 0D 50 52 30 39 00 A4 5E 5E 50 52  AR09..PR09..^^PR
    1A20: 30 39 14 0D 41 52 30 45 00 A4 5E 5E 41 52 30 45  09..AR0E..^^AR0E
    1A30: 14 0D 50 52 30 45 00 A4 5E 5E 50 52 30 45 14 0D  ..PR0E..^^PR0E..
    1A40: 41 52 30 46 00 A4 5E 5E 41 52 30 46 14 0D 50 52  AR0F..^^AR0F..PR
    1A50: 30 46 00 A4 5E 5E 50 52 30 46 5B 82 45 A0 4C 50  0F..^^PR0F[.E.LP
    1A60: 43 42 08 5F 41 44 52 0C 00 00 1F 00 10 4F 58 5C  CB._ADR......OX\
    1A70: 5F 53 42 5F 5B 80 2F 03 50 43 49 30 4C 50 43 42  _SB_[./.PCI0LPCB
    1A80: 4C 50 43 31 02 0A 40 0A C0 5B 81 4A 04 2F 03 50  LPC1..@..[.J./.P
    1A90: 43 49 30 4C 50 43 42 4C 50 43 31 00 00 40 10 50  CI0LPCBLPC1..@.P
    1AA0: 41 52 43 08 50 42 52 43 08 50 43 52 43 08 50 44  ARC.PBRC.PCRC.PD
    1AB0: 52 43 08 00 20 50 45 52 43 08 50 46 52 43 08 50  RC.. PERC.PFRC.P
    1AC0: 47 52 43 08 50 48 52 43 08 00 40 20 00 08 00 08  GRC.PHRC..@ ....
    1AD0: 58 55 53 42 01 5B 82 42 0A 4C 4E 4B 41 08 5F 48  XUSB.[.B.LNKA._H
    1AE0: 49 44 0C 41 D0 0C 0F 08 5F 55 49 44 01 14 11 5F  ID.A...._UID..._
    1AF0: 44 49 53 08 7D 50 41 52 43 0A 80 50 41 52 43 14  DIS.}PARC..PARC.
    1B00: 0B 5F 50 52 53 08 A4 50 52 53 41 14 38 5F 43 52  ._PRS..PRSA.8_CR
    1B10: 53 08 08 52 54 4C 41 11 09 0A 06 23 00 00 18 79  S..RTLA....#...y
    1B20: 00 8B 52 54 4C 41 01 49 52 51 30 70 00 49 52 51  ..RTLA.IRQ0p.IRQ
    1B30: 30 79 01 7B 50 41 52 43 0A 0F 00 49 52 51 30 A4  0y.{PARC...IRQ0.
    1B40: 52 54 4C 41 14 1B 5F 53 52 53 09 8B 68 01 49 52  RTLA.._SRS..h.IR
    1B50: 51 30 82 49 52 51 30 60 76 60 70 60 50 41 52 43  Q0.IRQ0`v`p`PARC
    1B60: 14 18 5F 53 54 41 08 A0 0C 7B 50 41 52 43 0A 80  .._STA...{PARC..
    1B70: 00 A4 0A 09 A1 04 A4 0A 0B 5B 82 43 0A 4C 4E 4B  .........[.C.LNK
    1B80: 42 08 5F 48 49 44 0C 41 D0 0C 0F 08 5F 55 49 44  B._HID.A...._UID
    1B90: 0A 02 14 11 5F 44 49 53 08 7D 50 42 52 43 0A 80  ...._DIS.}PBRC..
    1BA0: 50 42 52 43 14 0B 5F 50 52 53 08 A4 50 52 53 42  PBRC.._PRS..PRSB
    1BB0: 14 38 5F 43 52 53 08 08 52 54 4C 42 11 09 0A 06  .8_CRS..RTLB....
    1BC0: 23 00 00 18 79 00 8B 52 54 4C 42 01 49 52 51 30  #...y..RTLB.IRQ0
    1BD0: 70 00 49 52 51 30 79 01 7B 50 42 52 43 0A 0F 00  p.IRQ0y.{PBRC...
    1BE0: 49 52 51 30 A4 52 54 4C 42 14 1B 5F 53 52 53 09  IRQ0.RTLB.._SRS.
    1BF0: 8B 68 01 49 52 51 30 82 49 52 51 30 60 76 60 70  .h.IRQ0.IRQ0`v`p
    1C00: 60 50 42 52 43 14 18 5F 53 54 41 08 A0 0C 7B 50  `PBRC.._STA...{P
    1C10: 42 52 43 0A 80 00 A4 0A 09 A1 04 A4 0A 0B 5B 82  BRC...........[.
    1C20: 43 0A 4C 4E 4B 43 08 5F 48 49 44 0C 41 D0 0C 0F  C.LNKC._HID.A...
    1C30: 08 5F 55 49 44 0A 03 14 11 5F 44 49 53 08 7D 50  ._UID...._DIS.}P
    1C40: 43 52 43 0A 80 50 43 52 43 14 0B 5F 50 52 53 08  CRC..PCRC.._PRS.
    1C50: A4 50 52 53 43 14 38 5F 43 52 53 08 08 52 54 4C  .PRSC.8_CRS..RTL
    1C60: 43 11 09 0A 06 23 00 00 18 79 00 8B 52 54 4C 43  C....#...y..RTLC
    1C70: 01 49 52 51 30 70 00 49 52 51 30 79 01 7B 50 43  .IRQ0p.IRQ0y.{PC
    1C80: 52 43 0A 0F 00 49 52 51 30 A4 52 54 4C 43 14 1B  RC...IRQ0.RTLC..
    1C90: 5F 53 52 53 09 8B 68 01 49 52 51 30 82 49 52 51  _SRS..h.IRQ0.IRQ
    1CA0: 30 60 76 60 70 60 50 43 52 43 14 18 5F 53 54 41  0`v`p`PCRC.._STA
    1CB0: 08 A0 0C 7B 50 43 52 43 0A 80 00 A4 0A 09 A1 04  ...{PCRC........
    1CC0: A4 0A 0B 5B 82 43 0A 4C 4E 4B 44 08 5F 48 49 44  ...[.C.LNKD._HID
    1CD0: 0C 41 D0 0C 0F 08 5F 55 49 44 0A 04 14 11 5F 44  .A...._UID...._D
    1CE0: 49 53 08 7D 50 44 52 43 0A 80 50 44 52 43 14 0B  IS.}PDRC..PDRC..
    1CF0: 5F 50 52 53 08 A4 50 52 53 44 14 38 5F 43 52 53  _PRS..PRSD.8_CRS
    1D00: 08 08 52 54 4C 44 11 09 0A 06 23 00 00 18 79 00  ..RTLD....#...y.
    1D10: 8B 52 54 4C 44 01 49 52 51 30 70 00 49 52 51 30  .RTLD.IRQ0p.IRQ0
    1D20: 79 01 7B 50 44 52 43 0A 0F 00 49 52 51 30 A4 52  y.{PDRC...IRQ0.R
    1D30: 54 4C 44 14 1B 5F 53 52 53 09 8B 68 01 49 52 51  TLD.._SRS..h.IRQ
    1D40: 30 82 49 52 51 30 60 76 60 70 60 50 44 52 43 14  0.IRQ0`v`p`PDRC.
    1D50: 18 5F 53 54 41 08 A0 0C 7B 50 44 52 43 0A 80 00  ._STA...{PDRC...
    1D60: A4 0A 09 A1 04 A4 0A 0B 5B 82 43 0A 4C 4E 4B 45  ........[.C.LNKE
    1D70: 08 5F 48 49 44 0C 41 D0 0C 0F 08 5F 55 49 44 0A  ._HID.A...._UID.
    1D80: 05 14 11 5F 44 49 53 08 7D 50 45 52 43 0A 80 50  ..._DIS.}PERC..P
    1D90: 45 52 43 14 0B 5F 50 52 53 08 A4 50 52 53 45 14  ERC.._PRS..PRSE.
    1DA0: 38 5F 43 52 53 08 08 52 54 4C 45 11 09 0A 06 23  8_CRS..RTLE....#
    1DB0: 00 00 18 79 00 8B 52 54 4C 45 01 49 52 51 30 70  ...y..RTLE.IRQ0p
    1DC0: 00 49 52 51 30 79 01 7B 50 45 52 43 0A 0F 00 49  .IRQ0y.{PERC...I
    1DD0: 52 51 30 A4 52 54 4C 45 14 1B 5F 53 52 53 09 8B  RQ0.RTLE.._SRS..
    1DE0: 68 01 49 52 51 30 82 49 52 51 30 60 76 60 70 60  h.IRQ0.IRQ0`v`p`
    1DF0: 50 45 52 43 14 18 5F 53 54 41 08 A0 0C 7B 50 45  PERC.._STA...{PE
    1E00: 52 43 0A 80 00 A4 0A 09 A1 04 A4 0A 0B 5B 82 43  RC...........[.C
    1E10: 0A 4C 4E 4B 46 08 5F 48 49 44 0C 41 D0 0C 0F 08  .LNKF._HID.A....
    1E20: 5F 55 49 44 0A 06 14 11 5F 44 49 53 08 7D 50 46  _UID...._DIS.}PF
    1E30: 52 43 0A 80 50 46 52 43 14 0B 5F 50 52 53 08 A4  RC..PFRC.._PRS..
    1E40: 50 52 53 46 14 38 5F 43 52 53 08 08 52 54 4C 46  PRSF.8_CRS..RTLF
    1E50: 11 09 0A 06 23 00 00 18 79 00 8B 52 54 4C 46 01  ....#...y..RTLF.
    1E60: 49 52 51 30 70 00 49 52 51 30 79 01 7B 50 46 52  IRQ0p.IRQ0y.{PFR
    1E70: 43 0A 0F 00 49 52 51 30 A4 52 54 4C 46 14 1B 5F  C...IRQ0.RTLF.._
    1E80: 53 52 53 09 8B 68 01 49 52 51 30 82 49 52 51 30  SRS..h.IRQ0.IRQ0
    1E90: 60 76 60 70 60 50 46 52 43 14 18 5F 53 54 41 08  `v`p`PFRC.._STA.
    1EA0: A0 0C 7B 50 46 52 43 0A 80 00 A4 0A 09 A1 04 A4  ..{PFRC.........
    1EB0: 0A 0B 5B 82 43 0A 4C 4E 4B 47 08 5F 48 49 44 0C  ..[.C.LNKG._HID.
    1EC0: 41 D0 0C 0F 08 5F 55 49 44 0A 07 14 11 5F 44 49  A...._UID...._DI
    1ED0: 53 08 7D 50 47 52 43 0A 80 50 47 52 43 14 0B 5F  S.}PGRC..PGRC.._
    1EE0: 50 52 53 08 A4 50 52 53 47 14 38 5F 43 52 53 08  PRS..PRSG.8_CRS.
    1EF0: 08 52 54 4C 47 11 09 0A 06 23 00 00 18 79 00 8B  .RTLG....#...y..
    1F00: 52 54 4C 47 01 49 52 51 30 70 00 49 52 51 30 79  RTLG.IRQ0p.IRQ0y
    1F10: 01 7B 50 47 52 43 0A 0F 00 49 52 51 30 A4 52 54  .{PGRC...IRQ0.RT
    1F20: 4C 47 14 1B 5F 53 52 53 09 8B 68 01 49 52 51 30  LG.._SRS..h.IRQ0
    1F30: 82 49 52 51 30 60 76 60 70 60 50 47 52 43 14 18  .IRQ0`v`p`PGRC..
    1F40: 5F 53 54 41 08 A0 0C 7B 50 47 52 43 0A 80 00 A4  _STA...{PGRC....
    1F50: 0A 09 A1 04 A4 0A 0B 5B 82 43 0A 4C 4E 4B 48 08  .......[.C.LNKH.
    1F60: 5F 48 49 44 0C 41 D0 0C 0F 08 5F 55 49 44 0A 08  _HID.A...._UID..
    1F70: 14 11 5F 44 49 53 08 7D 50 48 52 43 0A 80 50 48  .._DIS.}PHRC..PH
    1F80: 52 43 14 0B 5F 50 52 53 08 A4 50 52 53 48 14 38  RC.._PRS..PRSH.8
    1F90: 5F 43 52 53 08 08 52 54 4C 48 11 09 0A 06 23 00  _CRS..RTLH....#.
    1FA0: 00 18 79 00 8B 52 54 4C 48 01 49 52 51 30 70 00  ..y..RTLH.IRQ0p.
    1FB0: 49 52 51 30 79 01 7B 50 48 52 43 0A 0F 00 49 52  IRQ0y.{PHRC...IR
    1FC0: 51 30 A4 52 54 4C 48 14 1B 5F 53 52 53 09 8B 68  Q0.RTLH.._SRS..h
    1FD0: 01 49 52 51 30 82 49 52 51 30 60 76 60 70 60 50  .IRQ0.IRQ0`v`p`P
    1FE0: 48 52 43 14 18 5F 53 54 41 08 A0 0C 7B 50 48 52  HRC.._STA...{PHR
    1FF0: 43 0A 80 00 A4 0A 09 A1 04 A4 0A 0B 5B 80 4C 50  C...........[.LP
    2000: 43 30 02 0A 40 0A C0 5B 81 22 4C 50 43 30 00 00  C0..@..[."LPC0..
    2010: 40 20 49 4F 44 30 08 49 4F 44 31 08 00 40 37 52  @ IOD0.IOD1..@7R
    2020: 41 45 4E 01 00 0D 52 43 42 41 12 5B 82 3D 44 4D  AEN...RCBA.[.=DM
    2030: 41 43 08 5F 48 49 44 0C 41 D0 02 00 08 5F 43 52  AC._HID.A...._CR
    2040: 53 11 28 0A 25 47 01 00 00 00 00 01 20 47 01 81  S.(.%G...... G..
    2050: 00 81 00 01 11 47 01 93 00 93 00 01 0D 47 01 C0  .....G.......G..
    2060: 00 C0 00 01 20 2A 10 01 79 00 5B 82 4C 0A 48 50  .... *..y.[.L.HP
    2070: 45 54 08 5F 48 49 44 0C 41 D0 01 03 08 5F 55 49  ET._HID.A...._UI
    2080: 44 00 08 42 55 46 30 11 11 0A 0E 86 09 00 01 00  D..BUF0.........
    2090: 00 D0 FE 00 04 00 00 79 00 14 27 5F 53 54 41 00  .......y..'_STA.
    20A0: A0 13 92 95 4F 53 59 53 0B D1 07 A0 08 48 50 41  ....OSYS.....HPA
    20B0: 45 A4 0A 0F A1 0A A0 08 48 50 41 45 A4 0A 0B A4  E.......HPAE....
    20C0: 00 14 46 05 5F 43 52 53 08 A0 49 04 48 50 41 45  ..F._CRS..I.HPAE
    20D0: 8A 42 55 46 30 0A 04 48 50 54 30 A0 11 93 48 50  .BUF0..HPT0...HP
    20E0: 41 53 01 70 0C 00 10 D0 FE 48 50 54 30 A0 12 93  AS.p.....HPT0...
    20F0: 48 50 41 53 0A 02 70 0C 00 20 D0 FE 48 50 54 30  HPAS..p.. ..HPT0
    2100: A0 12 93 48 50 41 53 0A 03 70 0C 00 30 D0 FE 48  ...HPAS..p..0..H
    2110: 50 54 30 A4 42 55 46 30 5B 82 45 0A 49 50 49 43  PT0.BUF0[.E.IPIC
    2120: 08 5F 48 49 44 0B 41 D0 08 5F 43 52 53 11 41 09  ._HID.A.._CRS.A.
    2130: 0A 8D 47 01 20 00 20 00 01 02 47 01 24 00 24 00  ..G. . ...G.$.$.
    2140: 01 02 47 01 28 00 28 00 01 02 47 01 2C 00 2C 00  ..G.(.(...G.,.,.
    2150: 01 02 47 01 30 00 30 00 01 02 47 01 34 00 34 00  ..G.0.0...G.4.4.
    2160: 01 02 47 01 38 00 38 00 01 02 47 01 3C 00 3C 00  ..G.8.8...G.<.<.
    2170: 01 02 47 01 A0 00 A0 00 01 02 47 01 A4 00 A4 00  ..G.......G.....
    2180: 01 02 47 01 A8 00 A8 00 01 02 47 01 AC 00 AC 00  ..G.......G.....
    2190: 01 02 47 01 B0 00 B0 00 01 02 47 01 B4 00 B4 00  ..G.......G.....
    21A0: 01 02 47 01 B8 00 B8 00 01 02 47 01 BC 00 BC 00  ..G.......G.....
    21B0: 01 02 47 01 D0 04 D0 04 01 02 22 04 00 79 00 5B  ..G......."..y.[
    21C0: 82 43 0B 4C 44 52 43 08 5F 48 49 44 0C 41 D0 0C  .C.LDRC._HID.A..
    21D0: 02 08 5F 55 49 44 0A 02 08 5F 43 52 53 11 46 09  .._UID..._CRS.F.
    21E0: 0A 92 47 01 2E 00 2E 00 01 02 47 01 4E 00 4E 00  ..G.......G.N.N.
    21F0: 01 02 47 01 61 00 61 00 01 01 47 01 63 00 63 00  ..G.a.a...G.c.c.
    2200: 01 01 47 01 65 00 65 00 01 01 47 01 67 00 67 00  ..G.e.e...G.g.g.
    2210: 01 01 47 01 70 00 70 00 01 01 47 01 80 00 80 00  ..G.p.p...G.....
    2220: 01 01 47 01 92 00 92 00 01 01 47 01 B2 00 B2 00  ..G.......G.....
    2230: 01 02 47 01 80 06 80 06 01 20 47 01 00 10 00 10  ..G...... G.....
    2240: 01 10 47 01 FF FF FF FF 01 01 47 01 FF FF FF FF  ..G.......G.....
    2250: 01 01 47 01 00 04 00 04 01 54 47 01 58 04 58 04  ..G......TG.X.X.
    2260: 01 28 47 01 00 05 00 05 01 80 47 01 4E 16 4E 16  .(G.......G.N.N.
    2270: 01 02 79 00 5B 82 25 52 54 43 5F 08 5F 48 49 44  ..y.[.%RTC_._HID
    2280: 0C 41 D0 0B 00 08 5F 43 52 53 11 10 0A 0D 47 01  .A...._CRS....G.
    2290: 70 00 70 00 01 08 22 00 01 79 00 5B 82 2D 54 49  p.p..."..y.[.-TI
    22A0: 4D 52 08 5F 48 49 44 0C 41 D0 01 00 08 5F 43 52  MR._HID.A...._CR
    22B0: 53 11 18 0A 15 47 01 40 00 40 00 01 04 47 01 50  S....G.@.@...G.P
    22C0: 00 50 00 10 04 22 01 00 79 00 5B 82 4F 04 43 57  .P..."..y.[.O.CW
    22D0: 44 54 08 5F 48 49 44 0C 25 D4 3F 0D 08 5F 43 49  DT._HID.%.?.._CI
    22E0: 44 0C 41 D0 0C 02 08 42 55 46 30 11 0D 0A 0A 47  D.A....BUF0....G
    22F0: 01 54 04 54 04 04 04 79 00 14 15 5F 53 54 41 08  .T.T...y..._STA.
    2300: A0 0A 93 57 44 54 45 01 A4 0A 0F A1 03 A4 00 14  ...WDTE.........
    2310: 0B 5F 43 52 53 08 A4 42 55 46 30 5B 82 4D 11 52  ._CRS..BUF0[.M.R
    2320: 4D 53 43 08 5F 48 49 44 0C 41 D0 0C 02 08 5F 55  MSC._HID.A...._U
    2330: 49 44 0A 10 08 43 52 53 31 11 46 07 0A 72 47 01  ID...CRS1.F..rG.
    2340: 10 00 10 00 00 10 47 01 22 00 22 00 00 1E 47 01  ......G."."...G.
    2350: 44 00 44 00 00 1C 47 01 62 00 62 00 00 02 47 01  D.D...G.b.b...G.
    2360: 65 00 65 00 00 0B 47 01 72 00 72 00 00 0E 47 01  e.e...G.r.r...G.
    2370: 80 00 80 00 00 01 47 01 84 00 84 00 00 03 47 01  ......G.......G.
    2380: 88 00 88 00 00 01 47 01 8C 00 8C 00 00 03 47 01  ......G.......G.
    2390: 90 00 90 00 00 10 47 01 A2 00 A2 00 00 1E 47 01  ......G.......G.
    23A0: E0 00 E0 00 00 10 47 01 D0 04 D0 04 00 02 79 00  ......G.......y.
    23B0: 08 43 52 53 32 11 46 06 0A 62 47 01 10 00 10 00  .CRS2.F..bG.....
    23C0: 00 10 47 01 22 00 22 00 00 1E 47 01 44 00 44 00  ..G."."...G.D.D.
    23D0: 00 1C 47 01 72 00 72 00 00 0E 47 01 80 00 80 00  ..G.r.r...G.....
    23E0: 00 01 47 01 84 00 84 00 00 03 47 01 88 00 88 00  ..G.......G.....
    23F0: 00 01 47 01 8C 00 8C 00 00 03 47 01 90 00 90 00  ..G.......G.....
    2400: 00 10 47 01 A2 00 A2 00 00 1E 47 01 E0 00 E0 00  ..G.......G.....
    2410: 00 10 47 01 D0 04 D0 04 00 02 79 00 14 1D 5F 43  ..G.......y..._C
    2420: 52 53 00 A0 0F 7B 4D 42 45 43 0B FF FF 00 A4 43  RS...{MBEC.....C
    2430: 52 53 31 A1 06 A4 43 52 53 32 5B 82 25 43 4F 50  RS1...CRS2[.%COP
    2440: 52 08 5F 48 49 44 0C 41 D0 0C 04 08 5F 43 52 53  R._HID.A...._CRS
    2450: 11 10 0A 0D 47 01 F0 00 F0 00 00 10 22 00 20 79  ....G.......". y
    2460: 00 5B 82 36 50 30 50 31 08 5F 41 44 52 0C 00 00  .[.6P0P1._ADR...
    2470: 1E 00 14 0F 5F 50 52 57 00 A4 47 50 52 57 0A 0B  ...._PRW..GPRW..
    2480: 0A 04 14 16 5F 50 52 54 00 A0 0A 50 49 43 4D A4  ...._PRT...PICM.
    2490: 41 52 30 31 A4 50 52 30 31 5B 82 1F 55 53 42 31  AR01.PR01[..USB1
    24A0: 08 5F 41 44 52 0C 01 00 1D 00 14 0F 5F 50 52 57  ._ADR......._PRW
    24B0: 00 A4 47 50 52 57 0A 03 0A 03 5B 82 1F 55 53 42  ..GPRW....[..USB
    24C0: 32 08 5F 41 44 52 0C 02 00 1D 00 14 0F 5F 50 52  2._ADR......._PR
    24D0: 57 00 A4 47 50 52 57 0A 04 0A 03 5B 82 1F 55 53  W..GPRW....[..US
    24E0: 42 33 08 5F 41 44 52 0C 03 00 1D 00 14 0F 5F 50  B3._ADR......._P
    24F0: 52 57 00 A4 47 50 52 57 0A 0C 0A 03 5B 82 1F 55  RW..GPRW....[..U
    2500: 53 42 34 08 5F 41 44 52 0C 04 00 1D 00 14 0F 5F  SB4._ADR......._
    2510: 50 52 57 00 A4 47 50 52 57 0A 0E 0A 03 5B 82 1F  PRW..GPRW....[..
    2520: 55 53 42 35 08 5F 41 44 52 0C 01 00 1A 00 14 0F  USB5._ADR.......
    2530: 5F 50 52 57 00 A4 47 50 52 57 0A 05 0A 03 5B 82  _PRW..GPRW....[.
    2540: 1F 55 53 42 36 08 5F 41 44 52 0C 02 00 1A 00 14  .USB6._ADR......
    2550: 0F 5F 50 52 57 00 A4 47 50 52 57 0A 20 0A 03 5B  ._PRW..GPRW. ..[
    2560: 82 1F 55 53 42 37 08 5F 41 44 52 0C 03 00 1A 00  ..USB7._ADR.....
    2570: 14 0F 5F 50 52 57 00 A4 47 50 52 57 0A 25 0A 03  .._PRW..GPRW.%..
    2580: 5B 82 4D 0F 52 50 30 31 08 5F 41 44 52 0C 00 00  [.M.RP01._ADR...
    2590: 1C 00 08 5F 48 50 50 12 08 04 0A 08 0A 40 01 00  ..._HPP......@..
    25A0: 5B 80 50 58 43 53 02 0A 40 0A C0 5B 81 42 05 50  [.PXCS..@..[.B.P
    25B0: 58 43 53 00 00 40 08 4C 30 53 45 01 00 07 00 08  XCS..@.L0SE.....
    25C0: 00 0D 4C 41 53 58 01 00 02 00 06 48 50 43 45 01  ..LASX.....HPCE.
    25D0: 00 29 41 42 50 58 01 00 02 50 44 43 58 01 00 02  .)ABPX...PDCX...
    25E0: 50 44 53 58 01 00 01 00 28 00 10 50 53 50 58 01  PDSX....(..PSPX.
    25F0: 00 4F 3A 00 1E 48 50 45 58 01 50 4D 45 58 01 5B  .O:..HPEX.PMEX.[
    2600: 81 20 50 58 43 53 40 00 40 4A 00 01 45 49 46 44  . PXCS@.@J..EIFD
    2610: 01 00 06 00 38 00 1E 48 50 53 58 01 50 4D 53 58  ....8..HPSX.PMSX
    2620: 01 5B 82 17 50 58 53 58 08 5F 41 44 52 00 08 5F  .[..PXSX._ADR.._
    2630: 50 52 57 12 06 02 0A 09 0A 04 14 2D 48 50 4D 45  PRW........-HPME
    2640: 08 A0 26 50 4D 53 58 70 0A C8 60 A2 15 60 70 01  ..&PMSXp..`..`p.
    2650: 50 4D 53 58 A0 07 50 4D 53 58 76 60 A1 04 70 00  PMSX..PMSXv`..p.
    2660: 60 86 50 58 53 58 0A 02 14 16 5F 50 52 54 00 A0  `.PXSX...._PRT..
    2670: 0A 50 49 43 4D A4 41 52 30 34 A4 50 52 30 34 5B  .PICM.AR04.PR04[
    2680: 82 4D 0F 52 50 30 32 08 5F 41 44 52 0C 01 00 1C  .M.RP02._ADR....
    2690: 00 08 5F 48 50 50 12 08 04 0A 08 0A 40 01 00 5B  .._HPP......@..[
    26A0: 80 50 58 43 53 02 0A 40 0A C0 5B 81 42 05 50 58  .PXCS..@..[.B.PX
    26B0: 43 53 00 00 40 08 4C 30 53 45 01 00 07 00 08 00  CS..@.L0SE......
    26C0: 0D 4C 41 53 58 01 00 02 00 06 48 50 43 45 01 00  .LASX.....HPCE..
    26D0: 29 41 42 50 58 01 00 02 50 44 43 58 01 00 02 50  )ABPX...PDCX...P
    26E0: 44 53 58 01 00 01 00 28 00 10 50 53 50 58 01 00  DSX....(..PSPX..
    26F0: 4F 3A 00 1E 48 50 45 58 01 50 4D 45 58 01 5B 81  O:..HPEX.PMEX.[.
    2700: 20 50 58 43 53 40 00 40 4A 00 01 45 49 46 44 01   PXCS@.@J..EIFD.
    2710: 00 06 00 38 00 1E 48 50 53 58 01 50 4D 53 58 01  ...8..HPSX.PMSX.
    2720: 5B 82 17 50 58 53 58 08 5F 41 44 52 00 08 5F 50  [..PXSX._ADR.._P
    2730: 52 57 12 06 02 0A 09 0A 04 14 2D 48 50 4D 45 08  RW........-HPME.
    2740: A0 26 50 4D 53 58 70 0A C8 60 A2 15 60 70 01 50  .&PMSXp..`..`p.P
    2750: 4D 53 58 A0 07 50 4D 53 58 76 60 A1 04 70 00 60  MSX..PMSXv`..p.`
    2760: 86 50 58 53 58 0A 02 14 16 5F 50 52 54 00 A0 0A  .PXSX...._PRT...
    2770: 50 49 43 4D A4 41 52 30 35 A4 50 52 30 35 5B 82  PICM.AR05.PR05[.
    2780: 4D 0F 52 50 30 33 08 5F 41 44 52 0C 02 00 1C 00  M.RP03._ADR.....
    2790: 08 5F 48 50 50 12 08 04 0A 08 0A 40 01 00 5B 80  ._HPP......@..[.
    27A0: 50 58 43 53 02 0A 40 0A C0 5B 81 42 05 50 58 43  PXCS..@..[.B.PXC
    27B0: 53 00 00 40 08 4C 30 53 45 01 00 07 00 08 00 0D  S..@.L0SE.......
    27C0: 4C 41 53 58 01 00 02 00 06 48 50 43 45 01 00 29  LASX.....HPCE..)
    27D0: 41 42 50 58 01 00 02 50 44 43 58 01 00 02 50 44  ABPX...PDCX...PD
    27E0: 53 58 01 00 01 00 28 00 10 50 53 50 58 01 00 4F  SX....(..PSPX..O
    27F0: 3A 00 1E 48 50 45 58 01 50 4D 45 58 01 5B 81 20  :..HPEX.PMEX.[. 
    2800: 50 58 43 53 40 00 40 4A 00 01 45 49 46 44 01 00  PXCS@.@J..EIFD..
    2810: 06 00 38 00 1E 48 50 53 58 01 50 4D 53 58 01 5B  ..8..HPSX.PMSX.[
    2820: 82 17 50 58 53 58 08 5F 41 44 52 00 08 5F 50 52  ..PXSX._ADR.._PR
    2830: 57 12 06 02 0A 09 0A 04 14 2D 48 50 4D 45 08 A0  W........-HPME..
    2840: 26 50 4D 53 58 70 0A C8 60 A2 15 60 70 01 50 4D  &PMSXp..`..`p.PM
    2850: 53 58 A0 07 50 4D 53 58 76 60 A1 04 70 00 60 86  SX..PMSXv`..p.`.
    2860: 50 58 53 58 0A 02 14 16 5F 50 52 54 00 A0 0A 50  PXSX...._PRT...P
    2870: 49 43 4D A4 41 52 30 36 A4 50 52 30 36 5B 82 4D  ICM.AR06.PR06[.M
    2880: 0F 52 50 30 34 08 5F 41 44 52 0C 03 00 1C 00 08  .RP04._ADR......
    2890: 5F 48 50 50 12 08 04 0A 08 0A 40 01 00 5B 80 50  _HPP......@..[.P
    28A0: 58 43 53 02 0A 40 0A C0 5B 81 42 05 50 58 43 53  XCS..@..[.B.PXCS
    28B0: 00 00 40 08 4C 30 53 45 01 00 07 00 08 00 0D 4C  ..@.L0SE.......L
    28C0: 41 53 58 01 00 02 00 06 48 50 43 45 01 00 29 41  ASX.....HPCE..)A
    28D0: 42 50 58 01 00 02 50 44 43 58 01 00 02 50 44 53  BPX...PDCX...PDS
    28E0: 58 01 00 01 00 28 00 10 50 53 50 58 01 00 4F 3A  X....(..PSPX..O:
    28F0: 00 1E 48 50 45 58 01 50 4D 45 58 01 5B 81 20 50  ..HPEX.PMEX.[. P
    2900: 58 43 53 40 00 40 4A 00 01 45 49 46 44 01 00 06  XCS@.@J..EIFD...
    2910: 00 38 00 1E 48 50 53 58 01 50 4D 53 58 01 5B 82  .8..HPSX.PMSX.[.
    2920: 17 50 58 53 58 08 5F 41 44 52 00 08 5F 50 52 57  .PXSX._ADR.._PRW
    2930: 12 06 02 0A 09 0A 04 14 2D 48 50 4D 45 08 A0 26  ........-HPME..&
    2940: 50 4D 53 58 70 0A C8 60 A2 15 60 70 01 50 4D 53  PMSXp..`..`p.PMS
    2950: 58 A0 07 50 4D 53 58 76 60 A1 04 70 00 60 86 50  X..PMSXv`..p.`.P
    2960: 58 53 58 0A 02 14 16 5F 50 52 54 00 A0 0A 50 49  XSX...._PRT...PI
    2970: 43 4D A4 41 52 30 37 A4 50 52 30 37 5B 82 4D 0F  CM.AR07.PR07[.M.
    2980: 52 50 30 35 08 5F 41 44 52 0C 04 00 1C 00 08 5F  RP05._ADR......_
    2990: 48 50 50 12 08 04 0A 08 0A 40 01 00 5B 80 50 58  HPP......@..[.PX
    29A0: 43 53 02 0A 40 0A C0 5B 81 42 05 50 58 43 53 00  CS..@..[.B.PXCS.
    29B0: 00 40 08 4C 30 53 45 01 00 07 00 08 00 0D 4C 41  .@.L0SE.......LA
    29C0: 53 58 01 00 02 00 06 48 50 43 45 01 00 29 41 42  SX.....HPCE..)AB
    29D0: 50 58 01 00 02 50 44 43 58 01 00 02 50 44 53 58  PX...PDCX...PDSX
    29E0: 01 00 01 00 28 00 10 50 53 50 58 01 00 4F 3A 00  ....(..PSPX..O:.
    29F0: 1E 48 50 45 58 01 50 4D 45 58 01 5B 81 20 50 58  .HPEX.PMEX.[. PX
    2A00: 43 53 40 00 40 4A 00 01 45 49 46 44 01 00 06 00  CS@.@J..EIFD....
    2A10: 38 00 1E 48 50 53 58 01 50 4D 53 58 01 5B 82 17  8..HPSX.PMSX.[..
    2A20: 50 58 53 58 08 5F 41 44 52 00 08 5F 50 52 57 12  PXSX._ADR.._PRW.
    2A30: 06 02 0A 09 0A 04 14 2D 48 50 4D 45 08 A0 26 50  .......-HPME..&P
    2A40: 4D 53 58 70 0A C8 60 A2 15 60 70 01 50 4D 53 58  MSXp..`..`p.PMSX
    2A50: A0 07 50 4D 53 58 76 60 A1 04 70 00 60 86 50 58  ..PMSXv`..p.`.PX
    2A60: 53 58 0A 02 14 16 5F 50 52 54 00 A0 0A 50 49 43  SX...._PRT...PIC
    2A70: 4D A4 41 52 30 38 A4 50 52 30 38 5B 82 4D 0F 52  M.AR08.PR08[.M.R
    2A80: 50 30 36 08 5F 41 44 52 0C 05 00 1C 00 08 5F 48  P06._ADR......_H
    2A90: 50 50 12 08 04 0A 08 0A 40 01 00 5B 80 50 58 43  PP......@..[.PXC
    2AA0: 53 02 0A 40 0A C0 5B 81 42 05 50 58 43 53 00 00  S..@..[.B.PXCS..
    2AB0: 40 08 4C 30 53 45 01 00 07 00 08 00 0D 4C 41 53  @.L0SE.......LAS
    2AC0: 58 01 00 02 00 06 48 50 43 45 01 00 29 41 42 50  X.....HPCE..)ABP
    2AD0: 58 01 00 02 50 44 43 58 01 00 02 50 44 53 58 01  X...PDCX...PDSX.
    2AE0: 00 01 00 28 00 10 50 53 50 58 01 00 4F 3A 00 1E  ...(..PSPX..O:..
    2AF0: 48 50 45 58 01 50 4D 45 58 01 5B 81 20 50 58 43  HPEX.PMEX.[. PXC
    2B00: 53 40 00 40 4A 00 01 45 49 46 44 01 00 06 00 38  S@.@J..EIFD....8
    2B10: 00 1E 48 50 53 58 01 50 4D 53 58 01 5B 82 17 50  ..HPSX.PMSX.[..P
    2B20: 58 53 58 08 5F 41 44 52 00 08 5F 50 52 57 12 06  XSX._ADR.._PRW..
    2B30: 02 0A 09 0A 04 14 2D 48 50 4D 45 08 A0 26 50 4D  ......-HPME..&PM
    2B40: 53 58 70 0A C8 60 A2 15 60 70 01 50 4D 53 58 A0  SXp..`..`p.PMSX.
    2B50: 07 50 4D 53 58 76 60 A1 04 70 00 60 86 50 58 53  .PMSXv`..p.`.PXS
    2B60: 58 0A 02 14 16 5F 50 52 54 00 A0 0A 50 49 43 4D  X...._PRT...PICM
    2B70: A4 41 52 30 39 A4 50 52 30 39 5B 82 4D 0F 52 50  .AR09.PR09[.M.RP
    2B80: 30 37 08 5F 41 44 52 0C 06 00 1C 00 08 5F 48 50  07._ADR......_HP
    2B90: 50 12 08 04 0A 08 0A 40 01 00 5B 80 50 58 43 53  P......@..[.PXCS
    2BA0: 02 0A 40 0A C0 5B 81 42 05 50 58 43 53 00 00 40  ..@..[.B.PXCS..@
    2BB0: 08 4C 30 53 45 01 00 07 00 08 00 0D 4C 41 53 58  .L0SE.......LASX
    2BC0: 01 00 02 00 06 48 50 43 45 01 00 29 41 42 50 58  .....HPCE..)ABPX
    2BD0: 01 00 02 50 44 43 58 01 00 02 50 44 53 58 01 00  ...PDCX...PDSX..
    2BE0: 01 00 28 00 10 50 53 50 58 01 00 4F 3A 00 1E 48  ..(..PSPX..O:..H
    2BF0: 50 45 58 01 50 4D 45 58 01 5B 81 20 50 58 43 53  PEX.PMEX.[. PXCS
    2C00: 40 00 40 4A 00 01 45 49 46 44 01 00 06 00 38 00  @.@J..EIFD....8.
    2C10: 1E 48 50 53 58 01 50 4D 53 58 01 5B 82 17 50 58  .HPSX.PMSX.[..PX
    2C20: 53 58 08 5F 41 44 52 00 08 5F 50 52 57 12 06 02  SX._ADR.._PRW...
    2C30: 0A 09 0A 04 14 2D 48 50 4D 45 08 A0 26 50 4D 53  .....-HPME..&PMS
    2C40: 58 70 0A C8 60 A2 15 60 70 01 50 4D 53 58 A0 07  Xp..`..`p.PMSX..
    2C50: 50 4D 53 58 76 60 A1 04 70 00 60 86 50 58 53 58  PMSXv`..p.`.PXSX
    2C60: 0A 02 14 16 5F 50 52 54 00 A0 0A 50 49 43 4D A4  ...._PRT...PICM.
    2C70: 41 52 30 45 A4 50 52 30 45 5B 82 4D 0F 52 50 30  AR0E.PR0E[.M.RP0
    2C80: 38 08 5F 41 44 52 0C 07 00 1C 00 08 5F 48 50 50  8._ADR......_HPP
    2C90: 12 08 04 0A 08 0A 40 01 00 5B 80 50 58 43 53 02  ......@..[.PXCS.
    2CA0: 0A 40 0A C0 5B 81 42 05 50 58 43 53 00 00 40 08  .@..[.B.PXCS..@.
    2CB0: 4C 30 53 45 01 00 07 00 08 00 0D 4C 41 53 58 01  L0SE.......LASX.
    2CC0: 00 02 00 06 48 50 43 45 01 00 29 41 42 50 58 01  ....HPCE..)ABPX.
    2CD0: 00 02 50 44 43 58 01 00 02 50 44 53 58 01 00 01  ..PDCX...PDSX...
    2CE0: 00 28 00 10 50 53 50 58 01 00 4F 3A 00 1E 48 50  .(..PSPX..O:..HP
    2CF0: 45 58 01 50 4D 45 58 01 5B 81 20 50 58 43 53 40  EX.PMEX.[. PXCS@
    2D00: 00 40 4A 00 01 45 49 46 44 01 00 06 00 38 00 1E  .@J..EIFD....8..
    2D10: 48 50 53 58 01 50 4D 53 58 01 5B 82 17 50 58 53  HPSX.PMSX.[..PXS
    2D20: 58 08 5F 41 44 52 00 08 5F 50 52 57 12 06 02 0A  X._ADR.._PRW....
    2D30: 09 0A 04 14 2D 48 50 4D 45 08 A0 26 50 4D 53 58  ....-HPME..&PMSX
    2D40: 70 0A C8 60 A2 15 60 70 01 50 4D 53 58 A0 07 50  p..`..`p.PMSX..P
    2D50: 4D 53 58 76 60 A1 04 70 00 60 86 50 58 53 58 0A  MSXv`..p.`.PXSX.
    2D60: 02 14 16 5F 50 52 54 00 A0 0A 50 49 43 4D A4 41  ..._PRT...PICM.A
    2D70: 52 30 46 A4 50 52 30 46 5B 82 35 50 45 47 30 08  R0F.PR0F[.5PEG0.
    2D80: 5F 41 44 52 0C 00 00 01 00 14 16 5F 50 52 54 00  _ADR......._PRT.
    2D90: A0 0A 50 49 43 4D A4 41 52 30 32 A4 50 52 30 32  ..PICM.AR02.PR02
    2DA0: 5B 82 0D 50 45 47 50 08 5F 41 44 52 0B FF FF 5B  [..PEGP._ADR...[
    2DB0: 82 0F 42 30 44 34 08 5F 41 44 52 0C 00 00 04 00  ..B0D4._ADR.....
    2DC0: 10 4F 0C 5C 5F 47 50 45 14 18 5F 4C 30 42 00 86  .O.\_GPE.._L0B..
    2DD0: 5C 2F 03 5F 53 42 5F 50 43 49 30 50 30 50 31 0A  \/._SB_PCI0P0P1.
    2DE0: 02 14 18 5F 4C 30 33 00 86 5C 2F 03 5F 53 42 5F  ..._L03..\/._SB_
    2DF0: 50 43 49 30 55 53 42 31 0A 02 14 18 5F 4C 30 34  PCI0USB1...._L04
    2E00: 00 86 5C 2F 03 5F 53 42 5F 50 43 49 30 55 53 42  ..\/._SB_PCI0USB
    2E10: 32 0A 02 14 18 5F 4C 30 43 00 86 5C 2F 03 5F 53  2...._L0C..\/._S
    2E20: 42 5F 50 43 49 30 55 53 42 33 0A 02 14 18 5F 4C  B_PCI0USB3...._L
    2E30: 30 45 00 86 5C 2F 03 5F 53 42 5F 50 43 49 30 55  0E..\/._SB_PCI0U
    2E40: 53 42 34 0A 02 14 18 5F 4C 30 35 00 86 5C 2F 03  SB4...._L05..\/.
    2E50: 5F 53 42 5F 50 43 49 30 55 53 42 35 0A 02 14 18  _SB_PCI0USB5....
    2E60: 5F 4C 32 30 00 86 5C 2F 03 5F 53 42 5F 50 43 49  _L20..\/._SB_PCI
    2E70: 30 55 53 42 36 0A 02 14 18 5F 4C 32 35 00 86 5C  0USB6...._L25..\
    2E80: 2F 03 5F 53 42 5F 50 43 49 30 55 53 42 37 0A 02  /._SB_PCI0USB7..
    2E90: 10 42 28 5C 00 5B 80 49 4F 5F 54 01 0B 00 10 0A  .B(\.[.IO_T.....
    2EA0: 10 5B 81 24 49 4F 5F 54 01 54 52 50 49 10 00 10  .[.$IO_T.TRPI...
    2EB0: 00 10 00 10 54 52 50 30 08 00 08 00 08 00 08 00  ....TRP0........
    2EC0: 08 00 08 00 08 00 08 5B 80 49 4F 5F 44 01 0B 10  .......[.IO_D...
    2ED0: 08 0A 04 5B 81 0B 49 4F 5F 44 01 54 52 50 44 08  ...[..IO_D.TRPD.
    2EE0: 5B 80 49 4F 5F 48 01 0B 00 10 0A 04 5B 81 0B 49  [.IO_H......[..I
    2EF0: 4F 5F 48 01 54 52 50 48 08 5B 80 50 4D 49 4F 01  O_H.TRPH.[.PMIO.
    2F00: 50 4D 42 53 0A 80 5B 81 25 50 4D 49 4F 01 00 40  PMBS..[.%PMIO..@
    2F10: 14 00 10 00 03 47 50 45 33 01 00 4C 08 00 01 55  .....GPE3..L...U
    2F20: 50 52 57 01 00 2E 00 01 47 50 45 43 01 5B 81 1E  PRW.....GPEC.[..
    2F30: 50 4D 49 4F 41 00 40 10 00 10 00 03 47 50 53 33  PMIOA.@.....GPS3
    2F40: 01 00 4C 20 00 09 53 43 49 53 01 00 06 5B 80 47  ..L ..SCIS...[.G
    2F50: 50 49 4F 01 47 50 42 53 0A 64 5B 81 4B 0F 47 50  PIO.GPBS.d[.K.GP
    2F60: 49 4F 01 47 55 30 30 08 47 55 30 31 08 47 55 30  IO.GU00.GU01.GU0
    2F70: 32 08 47 55 30 33 08 47 49 4F 30 08 47 49 4F 31  2.GU03.GIO0.GIO1
    2F80: 08 47 49 4F 32 08 47 49 4F 33 08 00 20 47 4C 30  .GIO2.GIO3.. GL0
    2F90: 30 08 47 4C 30 31 08 47 4C 30 32 08 47 50 32 34  0.GL01.GL02.GP24
    2FA0: 01 00 02 47 50 32 37 01 47 50 32 38 01 00 03 00  ...GP27.GP28....
    2FB0: 40 04 47 42 30 30 08 47 42 30 31 08 47 42 30 32  @.GB00.GB01.GB02
    2FC0: 08 47 42 30 33 08 00 40 08 47 49 56 30 08 47 49  .GB03..@.GIV0.GI
    2FD0: 56 31 08 47 49 56 32 08 47 49 56 33 08 47 55 30  V1.GIV2.GIV3.GU0
    2FE0: 34 08 47 55 30 35 08 47 55 30 36 08 47 55 30 37  4.GU05.GU06.GU07
    2FF0: 08 47 49 4F 34 08 47 49 4F 35 08 47 49 4F 36 08  .GIO4.GIO5.GIO6.
    3000: 47 49 4F 37 08 47 4C 30 34 08 47 4C 30 35 08 47  GIO7.GL04.GL05.G
    3010: 4C 30 36 08 47 4C 30 37 08 00 20 47 55 30 38 08  L06.GL07.. GU08.
    3020: 47 55 30 39 08 47 55 30 41 08 47 55 30 42 08 47  GU09.GU0A.GU0B.G
    3030: 49 4F 38 08 47 49 4F 39 08 47 49 4F 41 08 47 49  IO8.GIO9.GIOA.GI
    3040: 4F 42 08 47 4C 30 38 08 47 4C 30 39 08 47 4C 30  OB.GL08.GL09.GL0
    3050: 41 08 47 4C 30 42 08 5B 80 52 43 52 42 00 53 52  A.GL0B.[.RCRB.SR
    3060: 43 42 0B 00 40 5B 81 4C 0A 52 43 52 42 13 00 80  CB..@[.L.RCRB...
    3070: 00 08 00 80 00 10 00 80 02 02 48 50 41 53 02 00  ..........HPAS..
    3080: 05 48 50 41 45 01 00 48 09 00 01 00 01 53 41 54  .HPAE..H.....SAT
    3090: 44 01 53 4D 42 44 01 48 44 41 44 01 00 0B 52 50  D.SMBD.HDAD...RP
    30A0: 31 44 01 52 50 32 44 01 52 50 33 44 01 52 50 34  1D.RP2D.RP3D.RP4
    30B0: 44 01 52 50 35 44 01 52 50 36 44 01 52 50 37 44  D.RP5D.RP6D.RP7D
    30C0: 01 52 50 38 44 01 00 48 C0 55 50 30 44 01 55 50  .RP8D..H.UP0D.UP
    30D0: 31 44 01 55 50 32 44 01 55 50 33 44 01 55 50 34  1D.UP2D.UP3D.UP4
    30E0: 44 01 55 50 35 44 01 55 50 36 44 01 55 50 37 44  D.UP5D.UP6D.UP7D
    30F0: 01 55 50 38 44 01 55 50 39 44 01 55 50 41 44 01  .UP8D.UP9D.UPAD.
    3100: 55 50 42 44 01 55 50 43 44 01 55 50 44 44 01 00  UPBD.UPCD.UPDD..
    3110: 01 00 01 10 8E 42 01 2E 5F 53 42 5F 50 43 49 30  .....B.._SB_PCI0
    3120: 5B 82 4A 53 45 48 43 31 08 5F 41 44 52 0C 00 00  [.JSEHC1._ADR...
    3130: 1D 00 5B 80 50 57 4B 45 02 0A 62 0A 04 5B 81 0D  ..[.PWKE..b..[..
    3140: 50 57 4B 45 03 00 01 50 57 55 43 08 14 17 5F 50  PWKE...PWUC..._P
    3150: 53 57 01 A0 08 68 70 FF 50 57 55 43 A1 07 70 00  SW...hp.PWUC..p.
    3160: 50 57 55 43 14 09 5F 53 33 44 00 A4 0A 02 14 09  PWUC.._S3D......
    3170: 5F 53 34 44 00 A4 0A 02 5B 82 42 4D 48 55 42 4E  _S4D....[.BMHUBN
    3180: 08 5F 41 44 52 00 5B 82 44 4C 50 52 30 31 08 5F  ._ADR.[.DLPR01._
    3190: 41 44 52 01 14 18 5F 55 50 43 08 08 55 50 43 41  ADR..._UPC..UPCA
    31A0: 12 07 04 0A FF 00 00 00 A4 55 50 43 41 14 27 5F  .........UPCA.'_
    31B0: 50 4C 44 08 08 50 4C 44 50 12 16 01 11 13 0A 10  PLD..PLDP.......
    31C0: 81 00 00 00 00 00 00 00 30 1C 00 00 00 00 00 00  ........0.......
    31D0: A4 50 4C 44 50 5B 82 4E 04 50 52 31 31 08 5F 41  .PLDP[.N.PR11._A
    31E0: 44 52 01 14 19 5F 55 50 43 08 08 55 50 43 50 12  DR..._UPC..UPCP.
    31F0: 08 04 0A FF 0A FF 00 00 A4 55 50 43 50 14 27 5F  .........UPCP.'_
    3200: 50 4C 44 08 08 50 4C 44 50 12 16 01 11 13 0A 10  PLD..PLDP.......
    3210: 81 00 00 00 00 00 00 00 E1 1C 00 00 00 00 00 00  ................
    3220: A4 50 4C 44 50 5B 82 4F 04 50 52 31 32 08 5F 41  .PLDP[.O.PR12._A
    3230: 44 52 0A 02 14 19 5F 55 50 43 08 08 55 50 43 50  DR...._UPC..UPCP
    3240: 12 08 04 0A FF 0A FF 00 00 A4 55 50 43 50 14 27  ..........UPCP.'
    3250: 5F 50 4C 44 08 08 50 4C 44 50 12 16 01 11 13 0A  _PLD..PLDP......
    3260: 10 81 00 00 00 00 00 00 00 E1 1D 00 00 00 00 00  ................
    3270: 00 A4 50 4C 44 50 5B 82 4F 04 50 52 31 33 08 5F  ..PLDP[.O.PR13._
    3280: 41 44 52 0A 03 14 19 5F 55 50 43 08 08 55 50 43  ADR...._UPC..UPC
    3290: 50 12 08 04 0A FF 0A FF 00 00 A4 55 50 43 50 14  P..........UPCP.
    32A0: 27 5F 50 4C 44 08 08 50 4C 44 50 12 16 01 11 13  '_PLD..PLDP.....
    32B0: 0A 10 81 00 00 00 00 00 00 00 E1 1D 00 00 00 00  ................
    32C0: 00 00 A4 50 4C 44 50 5B 82 4B 0C 50 52 31 34 08  ...PLDP[.K.PR14.
    32D0: 5F 41 44 52 0A 04 14 19 5F 55 50 43 08 08 55 50  _ADR...._UPC..UP
    32E0: 43 50 12 08 04 0A FF 0A FF 00 00 A4 55 50 43 50  CP..........UPCP
    32F0: 14 27 5F 50 4C 44 08 08 50 4C 44 50 12 16 01 11  .'_PLD..PLDP....
    3300: 13 0A 10 81 00 00 00 00 00 00 00 E1 1E 00 00 00  ................
    3310: 00 00 00 A4 50 4C 44 50 06 53 42 56 31 53 44 47  ....PLDP.SBV1SDG
    3320: 56 14 42 07 5F 44 53 4D 0C A0 48 06 93 68 11 13  V.B._DSM..H..h..
    3330: 0A 10 8F 70 FC A5 75 87 A6 4B BD 0C BA 90 A1 EC  ...p..u..K......
    3340: 72 F8 08 5F 54 5F 30 00 70 99 6A 00 5F 54 5F 30  r.._T_0.p.j._T_0
    3350: A0 18 93 5F 54 5F 30 00 A0 09 93 69 01 A4 11 03  ..._T_0....i....
    3360: 01 07 A1 06 A4 11 03 01 00 A1 28 A0 16 93 5F 54  ..........(..._T
    3370: 5F 30 01 A0 0A 93 53 44 47 56 0A FF A4 00 A1 03  _0....SDGV......
    3380: A4 01 A1 0F A0 0D 93 5F 54 5F 30 0A 02 A4 53 44  ......._T_0...SD
    3390: 47 56 A4 00 5B 82 4B 0C 50 52 31 35 08 5F 41 44  GV..[.K.PR15._AD
    33A0: 52 0A 05 14 19 5F 55 50 43 08 08 55 50 43 50 12  R...._UPC..UPCP.
    33B0: 08 04 0A FF 0A FF 00 00 A4 55 50 43 50 14 27 5F  .........UPCP.'_
    33C0: 50 4C 44 08 08 50 4C 44 50 12 16 01 11 13 0A 10  PLD..PLDP.......
    33D0: 81 00 00 00 00 00 00 00 B1 1E 00 00 00 00 00 00  ................
    33E0: A4 50 4C 44 50 06 53 42 56 32 53 44 47 56 14 42  .PLDP.SBV2SDGV.B
    33F0: 07 5F 44 53 4D 0C A0 48 06 93 68 11 13 0A 10 8F  ._DSM..H..h.....
    3400: 70 FC A5 75 87 A6 4B BD 0C BA 90 A1 EC 72 F8 08  p..u..K......r..
    3410: 5F 54 5F 30 00 70 99 6A 00 5F 54 5F 30 A0 18 93  _T_0.p.j._T_0...
    3420: 5F 54 5F 30 00 A0 09 93 69 01 A4 11 03 01 07 A1  _T_0....i.......
    3430: 06 A4 11 03 01 00 A1 28 A0 16 93 5F 54 5F 30 01  .......(..._T_0.
    3440: A0 0A 93 53 44 47 56 0A FF A4 00 A1 03 A4 01 A1  ...SDGV.........
    3450: 0F A0 0D 93 5F 54 5F 30 0A 02 A4 53 44 47 56 A4  ...._T_0...SDGV.
    3460: 00 5B 82 4B 0C 50 52 31 36 08 5F 41 44 52 0A 06  .[.K.PR16._ADR..
    3470: 14 19 5F 55 50 43 08 08 55 50 43 50 12 08 04 0A  .._UPC..UPCP....
    3480: FF 0A FF 00 00 A4 55 50 43 50 14 27 5F 50 4C 44  ......UPCP.'_PLD
    3490: 08 08 50 4C 44 50 12 16 01 11 13 0A 10 81 00 00  ..PLDP..........
    34A0: 00 00 00 00 00 B1 1E 00 00 00 00 00 00 A4 50 4C  ..............PL
    34B0: 44 50 06 53 42 56 31 53 44 47 56 14 42 07 5F 44  DP.SBV1SDGV.B._D
    34C0: 53 4D 0C A0 48 06 93 68 11 13 0A 10 8F 70 FC A5  SM..H..h.....p..
    34D0: 75 87 A6 4B BD 0C BA 90 A1 EC 72 F8 08 5F 54 5F  u..K......r.._T_
    34E0: 30 00 70 99 6A 00 5F 54 5F 30 A0 18 93 5F 54 5F  0.p.j._T_0..._T_
    34F0: 30 00 A0 09 93 69 01 A4 11 03 01 07 A1 06 A4 11  0....i..........
    3500: 03 01 00 A1 28 A0 16 93 5F 54 5F 30 01 A0 0A 93  ....(..._T_0....
    3510: 53 44 47 56 0A FF A4 00 A1 03 A4 01 A1 0F A0 0D  SDGV............
    3520: 93 5F 54 5F 30 0A 02 A4 53 44 47 56 A4 00 5B 82  ._T_0...SDGV..[.
    3530: 4B 0C 50 52 31 37 08 5F 41 44 52 0A 07 14 19 5F  K.PR17._ADR...._
    3540: 55 50 43 08 08 55 50 43 50 12 08 04 0A FF 0A FF  UPC..UPCP.......
    3550: 00 00 A4 55 50 43 50 14 27 5F 50 4C 44 08 08 50  ...UPCP.'_PLD..P
    3560: 4C 44 50 12 16 01 11 13 0A 10 81 00 00 00 00 00  LDP.............
    3570: 00 00 B1 1E 00 00 00 00 00 00 A4 50 4C 44 50 06  ...........PLDP.
    3580: 53 42 56 32 53 44 47 56 14 42 07 5F 44 53 4D 0C  SBV2SDGV.B._DSM.
    3590: A0 48 06 93 68 11 13 0A 10 8F 70 FC A5 75 87 A6  .H..h.....p..u..
    35A0: 4B BD 0C BA 90 A1 EC 72 F8 08 5F 54 5F 30 00 70  K......r.._T_0.p
    35B0: 99 6A 00 5F 54 5F 30 A0 18 93 5F 54 5F 30 00 A0  .j._T_0..._T_0..
    35C0: 09 93 69 01 A4 11 03 01 07 A1 06 A4 11 03 01 00  ..i.............
    35D0: A1 28 A0 16 93 5F 54 5F 30 01 A0 0A 93 53 44 47  .(..._T_0....SDG
    35E0: 56 0A FF A4 00 A1 03 A4 01 A1 0F A0 0D 93 5F 54  V............._T
    35F0: 5F 30 0A 02 A4 53 44 47 56 A4 00 5B 82 4F 04 50  _0...SDGV..[.O.P
    3600: 52 31 38 08 5F 41 44 52 0A 08 14 19 5F 55 50 43  R18._ADR...._UPC
    3610: 08 08 55 50 43 50 12 08 04 0A FF 0A FF 00 00 A4  ..UPCP..........
    3620: 55 50 43 50 14 27 5F 50 4C 44 08 08 50 4C 44 50  UPCP.'_PLD..PLDP
    3630: 12 16 01 11 13 0A 10 81 00 00 00 00 00 00 00 B1  ................
    3640: 1E 00 00 00 00 00 00 A4 50 4C 44 50 14 0F 5F 50  ........PLDP.._P
    3650: 52 57 00 A4 47 50 52 57 0A 0D 0A 04 5B 82 40 3A  RW..GPRW....[.@:
    3660: 45 48 43 32 08 5F 41 44 52 0C 00 00 1A 00 5B 80  EHC2._ADR.....[.
    3670: 50 57 4B 45 02 0A 62 0A 04 5B 81 0D 50 57 4B 45  PWKE..b..[..PWKE
    3680: 03 00 01 50 57 55 43 06 14 17 5F 50 53 57 01 A0  ...PWUC..._PSW..
    3690: 08 68 70 FF 50 57 55 43 A1 07 70 00 50 57 55 43  .hp.PWUC..p.PWUC
    36A0: 14 09 5F 53 33 44 00 A4 0A 02 14 09 5F 53 34 44  .._S3D......_S4D
    36B0: 00 A4 0A 02 5B 82 48 33 48 55 42 4E 08 5F 41 44  ....[.H3HUBN._AD
    36C0: 52 00 5B 82 4A 32 50 52 30 31 08 5F 41 44 52 01  R.[.J2PR01._ADR.
    36D0: 14 18 5F 55 50 43 08 08 55 50 43 41 12 07 04 0A  .._UPC..UPCA....
    36E0: FF 00 00 00 A4 55 50 43 41 14 27 5F 50 4C 44 08  .....UPCA.'_PLD.
    36F0: 08 50 4C 44 50 12 16 01 11 13 0A 10 81 00 00 00  .PLDP...........
    3700: 00 00 00 00 30 1C 00 00 00 00 00 00 A4 50 4C 44  ....0........PLD
    3710: 50 5B 82 4E 04 50 52 31 31 08 5F 41 44 52 01 14  P[.N.PR11._ADR..
    3720: 19 5F 55 50 43 08 08 55 50 43 50 12 08 04 0A FF  ._UPC..UPCP.....
    3730: 0A FF 00 00 A4 55 50 43 50 14 27 5F 50 4C 44 08  .....UPCP.'_PLD.
    3740: 08 50 4C 44 50 12 16 01 11 13 0A 10 81 00 00 00  .PLDP...........
    3750: 00 00 00 00 E1 1C 00 00 00 00 00 00 A4 50 4C 44  .............PLD
    3760: 50 5B 82 4B 0C 50 52 31 32 08 5F 41 44 52 0A 02  P[.K.PR12._ADR..
    3770: 14 19 5F 55 50 43 08 08 55 50 43 50 12 08 04 0A  .._UPC..UPCP....
    3780: FF 0A FF 00 00 A4 55 50 43 50 14 27 5F 50 4C 44  ......UPCP.'_PLD
    3790: 08 08 50 4C 44 50 12 16 01 11 13 0A 10 81 00 00  ..PLDP..........
    37A0: 00 00 00 00 00 E1 1D 00 00 00 00 00 00 A4 50 4C  ..............PL
    37B0: 44 50 06 53 42 56 31 53 44 47 56 14 42 07 5F 44  DP.SBV1SDGV.B._D
    37C0: 53 4D 0C A0 48 06 93 68 11 13 0A 10 8F 70 FC A5  SM..H..h.....p..
    37D0: 75 87 A6 4B BD 0C BA 90 A1 EC 72 F8 08 5F 54 5F  u..K......r.._T_
    37E0: 30 00 70 99 6A 00 5F 54 5F 30 A0 18 93 5F 54 5F  0.p.j._T_0..._T_
    37F0: 30 00 A0 09 93 69 01 A4 11 03 01 07 A1 06 A4 11  0....i..........
    3800: 03 01 00 A1 28 A0 16 93 5F 54 5F 30 01 A0 0A 93  ....(..._T_0....
    3810: 53 44 47 56 0A FF A4 00 A1 03 A4 01 A1 0F A0 0D  SDGV............
    3820: 93 5F 54 5F 30 0A 02 A4 53 44 47 56 A4 00 5B 82  ._T_0...SDGV..[.
    3830: 4B 0C 50 52 31 33 08 5F 41 44 52 0A 03 14 19 5F  K.PR13._ADR...._
    3840: 55 50 43 08 08 55 50 43 50 12 08 04 0A FF 0A FF  UPC..UPCP.......
    3850: 00 00 A4 55 50 43 50 14 27 5F 50 4C 44 08 08 50  ...UPCP.'_PLD..P
    3860: 4C 44 50 12 16 01 11 13 0A 10 81 00 00 00 00 00  LDP.............
    3870: 00 00 E1 1D 00 00 00 00 00 00 A4 50 4C 44 50 06  ...........PLDP.
    3880: 53 42 56 32 53 44 47 56 14 42 07 5F 44 53 4D 0C  SBV2SDGV.B._DSM.
    3890: A0 48 06 93 68 11 13 0A 10 8F 70 FC A5 75 87 A6  .H..h.....p..u..
    38A0: 4B BD 0C BA 90 A1 EC 72 F8 08 5F 54 5F 30 00 70  K......r.._T_0.p
    38B0: 99 6A 00 5F 54 5F 30 A0 18 93 5F 54 5F 30 00 A0  .j._T_0..._T_0..
    38C0: 09 93 69 01 A4 11 03 01 07 A1 06 A4 11 03 01 00  ..i.............
    38D0: A1 28 A0 16 93 5F 54 5F 30 01 A0 0A 93 53 44 47  .(..._T_0....SDG
    38E0: 56 0A FF A4 00 A1 03 A4 01 A1 0F A0 0D 93 5F 54  V............._T
    38F0: 5F 30 0A 02 A4 53 44 47 56 A4 00 5B 82 4F 04 50  _0...SDGV..[.O.P
    3900: 52 31 34 08 5F 41 44 52 0A 04 14 19 5F 55 50 43  R14._ADR...._UPC
    3910: 08 08 55 50 43 50 12 08 04 0A FF 0A FF 00 00 A4  ..UPCP..........
    3920: 55 50 43 50 14 27 5F 50 4C 44 08 08 50 4C 44 50  UPCP.'_PLD..PLDP
    3930: 12 16 01 11 13 0A 10 81 00 00 00 00 00 00 00 E1  ................
    3940: 1E 00 00 00 00 00 00 A4 50 4C 44 50 5B 82 4F 04  ........PLDP[.O.
    3950: 50 52 31 35 08 5F 41 44 52 0A 05 14 19 5F 55 50  PR15._ADR...._UP
    3960: 43 08 08 55 50 43 50 12 08 04 0A FF 0A FF 00 00  C..UPCP.........
    3970: A4 55 50 43 50 14 27 5F 50 4C 44 08 08 50 4C 44  .UPCP.'_PLD..PLD
    3980: 50 12 16 01 11 13 0A 10 81 00 00 00 00 00 00 00  P...............
    3990: B1 1E 00 00 00 00 00 00 A4 50 4C 44 50 5B 82 4F  .........PLDP[.O
    39A0: 04 50 52 31 36 08 5F 41 44 52 0A 06 14 19 5F 55  .PR16._ADR...._U
    39B0: 50 43 08 08 55 50 43 50 12 08 04 0A FF 0A FF 00  PC..UPCP........
    39C0: 00 A4 55 50 43 50 14 27 5F 50 4C 44 08 08 50 4C  ..UPCP.'_PLD..PL
    39D0: 44 50 12 16 01 11 13 0A 10 81 00 00 00 00 00 00  DP..............
    39E0: 00 B1 1E 00 00 00 00 00 00 A4 50 4C 44 50 14 0F  ..........PLDP..
    39F0: 5F 50 52 57 00 A4 47 50 52 57 0A 0D 0A 04 5B 82  _PRW..GPRW....[.
    3A00: 49 65 58 48 43 5F 08 5F 41 44 52 0C 00 00 14 00  IeXHC_._ADR.....
    3A10: 5B 80 58 48 43 41 02 0A 40 0A 04 5B 81 0D 58 48  [.XHCA..@..[..XH
    3A20: 43 41 02 00 0B 53 57 41 58 01 08 53 53 53 54 00  CA...SWAX..SSST.
    3A30: 14 09 5F 53 30 57 00 A4 0A 03 14 0C 5F 44 53 57  .._S0W......_DSW
    3A40: 0B 70 69 53 53 53 54 14 06 5F 50 53 30 08 14 14  .piSSST.._PS0...
    3A50: 5F 50 53 33 08 A0 0D 93 53 53 53 54 00 70 01 53  _PS3....SSST.p.S
    3A60: 57 41 58 5B 80 58 50 52 54 02 0A 74 0A 6C 5B 81  WAX[.XPRT..t.l[.
    3A70: 2B 58 50 52 54 03 00 08 50 4D 45 45 01 00 06 50  +XPRT...PMEE...P
    3A80: 4D 45 53 01 00 40 2D 50 52 32 5F 20 50 52 32 4D  MES..@-PR2_ PR2M
    3A90: 20 50 52 33 5F 20 50 52 33 4D 20 08 58 52 53 54   PR3_ PR3M .XRST
    3AA0: 00 14 22 43 55 49 44 09 A0 19 93 68 11 13 0A 10  .."CUID....h....
    3AB0: A9 12 95 7C 05 17 B4 4C AF 7D 50 6A 24 23 AB 71  ...|...L.}Pj$#.q
    3AC0: A4 01 A4 00 14 49 05 50 4F 53 43 0B 8A 6A 00 43  .....I.POSC..j.C
    3AD0: 44 57 31 8A 6A 0A 08 43 44 57 33 A0 10 92 93 69  DW1.j..CDW3....i
    3AE0: 01 7D 43 44 57 31 0A 08 43 44 57 31 A0 12 93 58  .}CDW1..CDW1...X
    3AF0: 48 43 49 00 7D 43 44 57 31 0A 02 43 44 57 31 A0  HCI.}CDW1..CDW1.
    3B00: 1C 92 7B 43 44 57 31 01 00 A0 0C 7B 43 44 57 33  ..{CDW1....{CDW3
    3B10: 01 00 45 53 45 4C A1 05 58 53 45 4C A4 6A 14 43  ..ESEL..XSEL.j.C
    3B20: 06 58 53 45 4C 08 A0 4B 05 91 93 58 48 43 49 0A  .XSEL..K...XHCI.
    3B30: 02 93 58 48 43 49 0A 03 70 01 58 55 53 42 70 01  ..XHCI..p.XUSBp.
    3B40: 58 52 53 54 70 00 60 7B 50 52 33 5F 0C F0 FF FF  XRSTp.`{PR3_....
    3B50: FF 60 7D 60 58 48 50 4D 60 7B 60 50 52 33 4D 50  .`}`XHPM`{`PR3MP
    3B60: 52 33 5F 70 00 60 7B 50 52 32 5F 0C F0 FF FF FF  R3_p.`{PR2_.....
    3B70: 60 7D 60 58 48 50 4D 60 7B 60 50 52 32 4D 50 52  `}`XHPM`{`PR2MPR
    3B80: 32 5F 14 3F 45 53 45 4C 08 A0 38 91 93 58 48 43  2_.?ESEL..8..XHC
    3B90: 49 0A 02 93 58 48 43 49 0A 03 7B 50 52 33 5F 0C  I...XHCI..{PR3_.
    3BA0: F0 FF FF FF 50 52 33 5F 7B 50 52 32 5F 0C F0 FF  ....PR3_{PR2_...
    3BB0: FF FF 50 52 32 5F 70 00 58 55 53 42 70 00 58 52  ..PR2_p.XUSBp.XR
    3BC0: 53 54 14 19 58 57 41 4B 08 A0 12 91 93 58 55 53  ST..XWAK.....XUS
    3BD0: 42 01 93 58 52 53 54 01 58 53 45 4C 14 09 5F 53  B..XRST.XSEL.._S
    3BE0: 33 44 00 A4 0A 02 14 09 5F 53 34 44 00 A4 0A 02  3D......_S4D....
    3BF0: 5B 82 47 45 52 48 55 42 08 5F 41 44 52 00 5B 82  [.GERHUB._ADR.[.
    3C00: 45 08 48 53 50 31 08 5F 41 44 52 01 14 2C 5F 55  E.HSP1._ADR..,_U
    3C10: 50 43 08 08 55 50 43 50 12 08 04 0A FF 0A 03 00  PC..UPCP........
    3C20: 00 A0 12 92 7B 50 52 32 5F 01 00 70 00 88 55 50  ....{PR2_..p..UP
    3C30: 43 50 00 00 A4 55 50 43 50 14 4B 04 5F 50 4C 44  CP...UPCP.K._PLD
    3C40: 08 08 50 4C 44 50 12 16 01 11 13 0A 10 01 C6 72  ..PLDP.........r
    3C50: 00 00 00 00 00 69 0C 80 00 00 00 00 00 8D 83 88  .....i..........
    3C60: 50 4C 44 50 00 00 0A 40 56 49 53 5F A0 13 92 7B  PLDP...@VIS_...{
    3C70: 50 52 32 5F 01 00 7B 56 49 53 5F 00 56 49 53 5F  PR2_..{VIS_.VIS_
    3C80: A4 50 4C 44 50 5B 82 48 08 48 53 50 32 08 5F 41  .PLDP[.H.HSP2._A
    3C90: 44 52 0A 02 14 2D 5F 55 50 43 08 08 55 50 43 50  DR...-_UPC..UPCP
    3CA0: 12 08 04 0A FF 0A 03 00 00 A0 13 92 7B 50 52 32  ............{PR2
    3CB0: 5F 0A 02 00 70 00 88 55 50 43 50 00 00 A4 55 50  _...p..UPCP...UP
    3CC0: 43 50 14 4C 04 5F 50 4C 44 08 08 50 4C 44 50 12  CP.L._PLD..PLDP.
    3CD0: 16 01 11 13 0A 10 01 C6 72 00 00 00 00 00 69 0C  ........r.....i.
    3CE0: 00 01 00 00 00 00 8D 83 88 50 4C 44 50 00 00 0A  .........PLDP...
    3CF0: 40 56 49 53 5F A0 14 92 7B 50 52 32 5F 0A 02 00  @VIS_...{PR2_...
    3D00: 7B 56 49 53 5F 00 56 49 53 5F A4 50 4C 44 50 5B  {VIS_.VIS_.PLDP[
    3D10: 82 48 08 48 53 50 33 08 5F 41 44 52 0A 03 14 2D  .H.HSP3._ADR...-
    3D20: 5F 55 50 43 08 08 55 50 43 50 12 08 04 0A FF 0A  _UPC..UPCP......
    3D30: 03 00 00 A0 13 92 7B 50 52 32 5F 0A 04 00 70 00  ......{PR2_...p.
    3D40: 88 55 50 43 50 00 00 A4 55 50 43 50 14 4C 04 5F  .UPCP...UPCP.L._
    3D50: 50 4C 44 08 08 50 4C 44 50 12 16 01 11 13 0A 10  PLD..PLDP.......
    3D60: 01 C6 72 00 00 00 00 00 69 0C 80 01 00 00 00 00  ..r.....i.......
    3D70: 8D 83 88 50 4C 44 50 00 00 0A 40 56 49 53 5F A0  ...PLDP...@VIS_.
    3D80: 14 92 7B 50 52 32 5F 0A 04 00 7B 56 49 53 5F 00  ..{PR2_...{VIS_.
    3D90: 56 49 53 5F A4 50 4C 44 50 5B 82 48 08 48 53 50  VIS_.PLDP[.H.HSP
    3DA0: 34 08 5F 41 44 52 0A 04 14 2D 5F 55 50 43 08 08  4._ADR...-_UPC..
    3DB0: 55 50 43 50 12 08 04 0A FF 0A 03 00 00 A0 13 92  UPCP............
    3DC0: 7B 50 52 32 5F 0A 08 00 70 00 88 55 50 43 50 00  {PR2_...p..UPCP.
    3DD0: 00 A4 55 50 43 50 14 4C 04 5F 50 4C 44 08 08 50  ..UPCP.L._PLD..P
    3DE0: 4C 44 50 12 16 01 11 13 0A 10 01 C6 72 00 00 00  LDP.........r...
    3DF0: 00 00 69 0C 00 02 00 00 00 00 8D 83 88 50 4C 44  ..i..........PLD
    3E00: 50 00 00 0A 40 56 49 53 5F A0 14 92 7B 50 52 32  P...@VIS_...{PR2
    3E10: 5F 0A 08 00 7B 56 49 53 5F 00 56 49 53 5F A4 50  _...{VIS_.VIS_.P
    3E20: 4C 44 50 5B 82 46 08 53 53 50 31 08 5F 41 44 52  LDP[.F.SSP1._ADR
    3E30: 0A 05 14 2C 5F 55 50 43 08 08 55 50 43 50 12 08  ...,_UPC..UPCP..
    3E40: 04 0A FF 0A 03 00 00 A0 12 92 7B 50 52 33 5F 01  ..........{PR3_.
    3E50: 00 70 00 88 55 50 43 50 00 00 A4 55 50 43 50 14  .p..UPCP...UPCP.
    3E60: 4B 04 5F 50 4C 44 08 08 50 4C 44 50 12 16 01 11  K._PLD..PLDP....
    3E70: 13 0A 10 01 C6 72 00 00 00 00 00 69 0C 80 00 00  .....r.....i....
    3E80: 00 00 00 8D 83 88 50 4C 44 50 00 00 0A 40 56 49  ......PLDP...@VI
    3E90: 53 5F A0 13 92 7B 50 52 33 5F 01 00 7B 56 49 53  S_...{PR3_..{VIS
    3EA0: 5F 00 56 49 53 5F A4 50 4C 44 50 5B 82 48 08 53  _.VIS_.PLDP[.H.S
    3EB0: 53 50 32 08 5F 41 44 52 0A 06 14 2D 5F 55 50 43  SP2._ADR...-_UPC
    3EC0: 08 08 55 50 43 50 12 08 04 0A FF 0A 03 00 00 A0  ..UPCP..........
    3ED0: 13 92 7B 50 52 33 5F 0A 02 00 70 00 88 55 50 43  ..{PR3_...p..UPC
    3EE0: 50 00 00 A4 55 50 43 50 14 4C 04 5F 50 4C 44 08  P...UPCP.L._PLD.
    3EF0: 08 50 4C 44 50 12 16 01 11 13 0A 10 01 C6 72 00  .PLDP.........r.
    3F00: 00 00 00 00 69 0C 00 01 00 00 00 00 8D 83 88 50  ....i..........P
    3F10: 4C 44 50 00 00 0A 40 56 49 53 5F A0 14 92 7B 50  LDP...@VIS_...{P
    3F20: 52 33 5F 0A 02 00 7B 56 49 53 5F 00 56 49 53 5F  R3_...{VIS_.VIS_
    3F30: A4 50 4C 44 50 5B 82 48 08 53 53 50 33 08 5F 41  .PLDP[.H.SSP3._A
    3F40: 44 52 0A 07 14 2D 5F 55 50 43 08 08 55 50 43 50  DR...-_UPC..UPCP
    3F50: 12 08 04 0A FF 0A 03 00 00 A0 13 92 7B 50 52 33  ............{PR3
    3F60: 5F 0A 04 00 70 00 88 55 50 43 50 00 00 A4 55 50  _...p..UPCP...UP
    3F70: 43 50 14 4C 04 5F 50 4C 44 08 08 50 4C 44 50 12  CP.L._PLD..PLDP.
    3F80: 16 01 11 13 0A 10 01 C6 72 00 00 00 00 00 69 0C  ........r.....i.
    3F90: 80 01 00 00 00 00 8D 83 88 50 4C 44 50 00 00 0A  .........PLDP...
    3FA0: 40 56 49 53 5F A0 14 92 7B 50 52 33 5F 0A 04 00  @VIS_...{PR3_...
    3FB0: 7B 56 49 53 5F 00 56 49 53 5F A4 50 4C 44 50 5B  {VIS_.VIS_.PLDP[
    3FC0: 82 48 08 53 53 50 34 08 5F 41 44 52 0A 08 14 2D  .H.SSP4._ADR...-
    3FD0: 5F 55 50 43 08 08 55 50 43 50 12 08 04 0A FF 0A  _UPC..UPCP......
    3FE0: 03 00 00 A0 13 92 7B 50 52 33 5F 0A 08 00 70 00  ......{PR3_...p.
    3FF0: 88 55 50 43 50 00 00 A4 55 50 43 50 14 4C 04 5F  .UPCP...UPCP.L._
    4000: 50 4C 44 08 08 50 4C 44 50 12 16 01 11 13 0A 10  PLD..PLDP.......
    4010: 01 C6 72 00 00 00 00 00 69 0C 00 02 00 00 00 00  ..r.....i.......
    4020: 8D 83 88 50 4C 44 50 00 00 0A 40 56 49 53 5F A0  ...PLDP...@VIS_.
    4030: 14 92 7B 50 52 33 5F 0A 08 00 7B 56 49 53 5F 00  ..{PR3_...{VIS_.
    4040: 56 49 53 5F A4 50 4C 44 50 14 0F 5F 50 52 57 00  VIS_.PLDP.._PRW.
    4050: A4 47 50 52 57 0A 0D 0A 04 5B 82 4F 04 48 44 45  .GPRW....[.O.HDE
    4060: 46 08 5F 41 44 52 0C 00 00 1B 00 5B 80 48 44 41  F._ADR.....[.HDA
    4070: 52 02 0A 4C 0A 10 5B 81 22 48 44 41 52 02 44 43  R..L..[."HDAR.DC
    4080: 4B 41 01 00 07 44 43 4B 4D 01 00 06 44 43 4B 53  KA...DCKM...DCKS
    4090: 01 00 30 00 0F 50 4D 45 53 01 14 0F 5F 50 52 57  ..0..PMES..._PRW
    40A0: 00 A4 47 50 52 57 0A 0D 0A 04 5B 82 0F 53 41 54  ..GPRW....[..SAT
    40B0: 30 08 5F 41 44 52 0C 02 00 1F 00 5B 82 0F 53 41  0._ADR.....[..SA
    40C0: 54 31 08 5F 41 44 52 0C 05 00 1F 00 5B 82 44 47  T1._ADR.....[.DG
    40D0: 53 42 55 53 08 5F 41 44 52 0C 03 00 1F 00 5B 80  SBUS._ADR.....[.
    40E0: 53 4D 42 50 02 0A 40 0A C0 5B 81 0D 53 4D 42 50  SMBP..@..[..SMBP
    40F0: 03 00 02 49 32 43 45 01 5B 80 53 4D 50 42 02 0A  ...I2CE.[.SMPB..
    4100: 20 0A 04 5B 81 0D 53 4D 50 42 03 00 05 53 42 41   ..[..SMPB...SBA
    4110: 52 0B 5B 80 53 4D 42 49 01 79 53 42 41 52 0A 05  R.[.SMBI.ySBAR..
    4120: 00 0A 10 5B 81 3A 53 4D 42 49 01 48 53 54 53 08  ...[.:SMBI.HSTS.
    4130: 00 08 48 43 4F 4E 08 48 43 4F 4D 08 54 58 53 41  ..HCON.HCOM.TXSA
    4140: 08 44 41 54 30 08 44 41 54 31 08 48 42 44 52 08  .DAT0.DAT1.HBDR.
    4150: 50 45 43 52 08 52 58 53 41 08 53 44 41 54 10 14  PECR.RXSA.SDAT..
    4160: 44 04 53 53 58 42 0A A0 07 53 54 52 54 A4 00 70  D.SSXB...STRT..p
    4170: 00 49 32 43 45 70 0A BF 48 53 54 53 70 68 54 58  .I2CEp..HSTSphTX
    4180: 53 41 70 69 48 43 4F 4D 70 0A 48 48 43 4F 4E A0  SApiHCOMp.HHCON.
    4190: 12 43 4F 4D 50 7D 48 53 54 53 0A FF 48 53 54 53  .COMP}HSTS..HSTS
    41A0: A4 01 A4 00 14 48 04 53 52 58 42 09 A0 09 53 54  .....H.SRXB...ST
    41B0: 52 54 A4 0B FF FF 70 00 49 32 43 45 70 0A BF 48  RT....p.I2CEp..H
    41C0: 53 54 53 70 7D 68 01 00 54 58 53 41 70 0A 44 48  STSp}h..TXSAp.DH
    41D0: 43 4F 4E A0 15 43 4F 4D 50 7D 48 53 54 53 0A FF  CON..COMP}HSTS..
    41E0: 48 53 54 53 A4 44 41 54 30 A4 0B FF FF 14 4A 04  HSTS.DAT0.....J.
    41F0: 53 57 52 42 0B A0 07 53 54 52 54 A4 00 70 00 49  SWRB...STRT..p.I
    4200: 32 43 45 70 0A BF 48 53 54 53 70 68 54 58 53 41  2CEp..HSTSphTXSA
    4210: 70 69 48 43 4F 4D 70 6A 44 41 54 30 70 0A 48 48  piHCOMpjDAT0p.HH
    4220: 43 4F 4E A0 12 43 4F 4D 50 7D 48 53 54 53 0A FF  CON..COMP}HSTS..
    4230: 48 53 54 53 A4 01 A4 00 14 4E 04 53 52 44 42 0A  HSTS.....N.SRDB.
    4240: A0 09 53 54 52 54 A4 0B FF FF 70 00 49 32 43 45  ..STRT....p.I2CE
    4250: 70 0A BF 48 53 54 53 70 7D 68 01 00 54 58 53 41  p..HSTSp}h..TXSA
    4260: 70 69 48 43 4F 4D 70 0A 48 48 43 4F 4E A0 15 43  piHCOMp.HHCON..C
    4270: 4F 4D 50 7D 48 53 54 53 0A FF 48 53 54 53 A4 44  OMP}HSTS..HSTS.D
    4280: 41 54 30 A4 0B FF FF 14 48 05 53 57 52 57 0B A0  AT0.....H.SWRW..
    4290: 07 53 54 52 54 A4 00 70 00 49 32 43 45 70 0A BF  .STRT..p.I2CEp..
    42A0: 48 53 54 53 70 68 54 58 53 41 70 69 48 43 4F 4D  HSTSphTXSApiHCOM
    42B0: 7B 6A 0A FF 44 41 54 31 7B 7A 6A 0A 08 00 0A FF  {j..DAT1{zj.....
    42C0: 44 41 54 30 70 0A 4C 48 43 4F 4E A0 12 43 4F 4D  DAT0p.LHCON..COM
    42D0: 50 7D 48 53 54 53 0A FF 48 53 54 53 A4 01 A4 00  P}HSTS..HSTS....
    42E0: 14 4A 05 53 52 44 57 0A A0 09 53 54 52 54 A4 0B  .J.SRDW...STRT..
    42F0: FF FF 70 00 49 32 43 45 70 0A BF 48 53 54 53 70  ..p.I2CEp..HSTSp
    4300: 7D 68 01 00 54 58 53 41 70 69 48 43 4F 4D 70 0A  }h..TXSApiHCOMp.
    4310: 4C 48 43 4F 4E A0 1F 43 4F 4D 50 7D 48 53 54 53  LHCON..COMP}HSTS
    4320: 0A FF 48 53 54 53 A4 7D 79 44 41 54 30 0A 08 00  ..HSTS.}yDAT0...
    4330: 44 41 54 31 00 A4 0C FF FF FF FF 14 4A 09 53 42  DAT1........J.SB
    4340: 4C 57 0C A0 07 53 54 52 54 A4 00 70 6B 49 32 43  LW...STRT..pkI2C
    4350: 45 70 0A BF 48 53 54 53 70 68 54 58 53 41 70 69  Ep..HSTSphTXSApi
    4360: 48 43 4F 4D 70 87 6A 44 41 54 30 70 00 61 70 83  HCOMp.jDAT0p.ap.
    4370: 88 6A 00 00 48 42 44 52 70 0A 54 48 43 4F 4E A2  .j..HBDRp.THCON.
    4380: 41 04 94 87 6A 61 70 0B A0 0F 60 A2 12 90 92 7B  A...jap...`....{
    4390: 48 53 54 53 0A 80 00 60 76 60 5B 21 0A 32 A0 09  HSTS...`v`[!.2..
    43A0: 92 60 4B 49 4C 4C A4 00 70 0A 80 48 53 54 53 75  .`KILL..p..HSTSu
    43B0: 61 A0 0F 94 87 6A 61 70 83 88 6A 61 00 48 42 44  a....jap..ja.HBD
    43C0: 52 A0 12 43 4F 4D 50 7D 48 53 54 53 0A FF 48 53  R..COMP}HSTS..HS
    43D0: 54 53 A4 01 A4 00 14 40 0D 53 42 4C 52 0B 08 54  TS.....@.SBLR..T
    43E0: 42 55 46 11 04 0B 00 01 A0 07 53 54 52 54 A4 00  BUF.......STRT..
    43F0: 70 6A 49 32 43 45 70 0A BF 48 53 54 53 70 7D 68  pjI2CEp..HSTSp}h
    4400: 01 00 54 58 53 41 70 69 48 43 4F 4D 70 0A 54 48  ..TXSApiHCOMp.TH
    4410: 43 4F 4E 70 0B A0 0F 60 A2 12 90 92 7B 48 53 54  CONp...`....{HST
    4420: 53 0A 80 00 60 76 60 5B 21 0A 32 A0 09 92 60 4B  S...`v`[!.2...`K
    4430: 49 4C 4C A4 00 70 44 41 54 30 88 54 42 55 46 00  ILL..pDAT0.TBUF.
    4440: 00 70 0A 80 48 53 54 53 70 01 61 A2 43 04 95 61  .p..HSTSp.a.C..a
    4450: 83 88 54 42 55 46 00 00 70 0B A0 0F 60 A2 12 90  ..TBUF..p...`...
    4460: 92 7B 48 53 54 53 0A 80 00 60 76 60 5B 21 0A 32  .{HSTS...`v`[!.2
    4470: A0 09 92 60 4B 49 4C 4C A4 00 70 48 42 44 52 88  ...`KILL..pHBDR.
    4480: 54 42 55 46 61 00 70 0A 80 48 53 54 53 75 61 A0  TBUFa.p..HSTSua.
    4490: 15 43 4F 4D 50 7D 48 53 54 53 0A FF 48 53 54 53  .COMP}HSTS..HSTS
    44A0: A4 54 42 55 46 A4 00 14 4F 04 53 54 52 54 08 70  .TBUF...O.STRT.p
    44B0: 0A C8 60 A2 1D 60 A0 15 7B 48 53 54 53 0A 40 00  ..`..`..{HSTS.@.
    44C0: 76 60 5B 22 01 A0 06 93 60 00 A4 01 A1 04 70 00  v`["....`.....p.
    44D0: 60 70 0B A0 0F 60 A2 1E 60 A0 17 7B 48 53 54 53  `p...`..`..{HSTS
    44E0: 01 00 76 60 5B 21 0A 32 A0 08 93 60 00 4B 49 4C  ..v`[!.2...`.KIL
    44F0: 4C A1 03 A4 00 A4 01 14 2D 43 4F 4D 50 08 70 0B  L.......-COMP.p.
    4500: A0 0F 60 A2 1F 60 A0 0B 7B 48 53 54 53 0A 02 00  ..`..`..{HSTS...
    4510: A4 01 A1 10 76 60 5B 21 0A 32 A0 08 93 60 00 4B  ....v`[!.2...`.K
    4520: 49 4C 4C A4 00 14 1C 4B 49 4C 4C 08 7D 48 43 4F  ILL....KILL.}HCO
    4530: 4E 0A 02 48 43 4F 4E 7D 48 53 54 53 0A FF 48 53  N..HCON}HSTS..HS
    4540: 54 53 10 41 10 2F 03 5F 53 42 5F 50 43 49 30 4C  TS.A./._SB_PCI0L
    4550: 50 43 42 5B 80 43 50 53 42 00 0C 18 CE AE DA 0A  PCB[.CPSB.......
    4560: 10 5B 81 4C 05 43 50 53 42 00 52 54 43 58 01 53  .[.L.CPSB.RTCX.S
    4570: 42 42 30 07 53 42 42 31 08 53 42 42 32 08 53 42  BB0.SBB1.SBB2.SB
    4580: 42 33 08 53 42 42 34 08 53 42 42 35 08 53 42 42  B3.SBB4.SBB5.SBB
    4590: 36 08 53 42 42 37 08 53 42 42 38 08 53 42 42 39  6.SBB7.SBB8.SBB9
    45A0: 08 53 42 42 41 08 53 42 42 42 08 53 42 42 43 08  .SBBA.SBBB.SBBC.
    45B0: 53 42 42 44 08 53 42 42 45 08 53 42 42 46 08 14  SBBD.SBBE.SBBF..
    45C0: 12 53 50 54 53 01 70 01 53 4C 50 58 70 01 53 4C  .SPTS.p.SLPXp.SL
    45D0: 50 45 14 1B 53 57 41 4B 01 70 00 53 4C 50 45 A0  PE..SWAK.p.SLPE.
    45E0: 05 52 54 43 58 A1 08 86 50 57 52 42 0A 02 5B 80  .RTCX...PWRB..[.
    45F0: 53 4D 49 45 01 50 4D 42 53 0A 04 5B 81 22 53 4D  SMIE.PMBS..[."SM
    4600: 49 45 01 00 0A 52 54 43 53 01 00 03 50 45 58 53  IE...RTCS...PEXS
    4610: 01 57 41 4B 53 01 00 08 50 57 42 54 01 00 07 5B  .WAKS...PWBT...[
    4620: 80 53 4C 50 52 01 53 4D 43 52 0A 08 5B 81 16 53  .SLPR.SMCR..[..S
    4630: 4C 50 52 01 00 04 53 4C 50 45 01 00 1F 53 4C 50  LPR...SLPE...SLP
    4640: 58 01 00 1B 10 1F 2F 03 5F 53 42 5F 50 43 49 30  X...../._SB_PCI0
    4650: 52 50 30 31 14 0F 5F 50 52 57 00 A4 47 50 52 57  RP01.._PRW..GPRW
    4660: 0A 09 0A 04 10 1F 2F 03 5F 53 42 5F 50 43 49 30  ....../._SB_PCI0
    4670: 52 50 30 32 14 0F 5F 50 52 57 00 A4 47 50 52 57  RP02.._PRW..GPRW
    4680: 0A 09 0A 04 10 1F 2F 03 5F 53 42 5F 50 43 49 30  ....../._SB_PCI0
    4690: 52 50 30 33 14 0F 5F 50 52 57 00 A4 47 50 52 57  RP03.._PRW..GPRW
    46A0: 0A 09 0A 04 10 1F 2F 03 5F 53 42 5F 50 43 49 30  ....../._SB_PCI0
    46B0: 52 50 30 34 14 0F 5F 50 52 57 00 A4 47 50 52 57  RP04.._PRW..GPRW
    46C0: 0A 09 0A 04 10 1F 2F 03 5F 53 42 5F 50 43 49 30  ....../._SB_PCI0
    46D0: 52 50 30 35 14 0F 5F 50 52 57 00 A4 47 50 52 57  RP05.._PRW..GPRW
    46E0: 0A 09 0A 04 10 1F 2F 03 5F 53 42 5F 50 43 49 30  ....../._SB_PCI0
    46F0: 52 50 30 36 14 0F 5F 50 52 57 00 A4 47 50 52 57  RP06.._PRW..GPRW
    4700: 0A 09 0A 04 10 1F 2F 03 5F 53 42 5F 50 43 49 30  ....../._SB_PCI0
    4710: 52 50 30 37 14 0F 5F 50 52 57 00 A4 47 50 52 57  RP07.._PRW..GPRW
    4720: 0A 09 0A 04 10 1F 2F 03 5F 53 42 5F 50 43 49 30  ....../._SB_PCI0
    4730: 52 50 30 38 14 0F 5F 50 52 57 00 A4 47 50 52 57  RP08.._PRW..GPRW
    4740: 0A 09 0A 04 5B 80 2F 04 5F 53 42 5F 50 43 49 30  ....[./._SB_PCI0
    4750: 4C 50 43 42 4C 50 43 52 02 0A 80 0A 04 5B 81 48  LPCBLPCR.....[.H
    4760: 06 5C 2F 04 5F 53 42 5F 50 43 49 30 4C 50 43 42  .\/._SB_PCI0LPCB
    4770: 4C 50 43 52 01 43 41 44 52 03 00 01 43 42 44 52  LPCR.CADR...CBDR
    4780: 03 00 01 4C 54 44 52 02 00 02 46 44 44 52 01 00  ...LTDR...FDDR..
    4790: 03 43 41 4C 45 01 43 42 4C 45 01 4C 54 4C 45 01  .CALE.CBLE.LTLE.
    47A0: 46 44 4C 45 01 00 04 47 4C 4C 45 01 47 48 4C 45  FDLE...GLLE.GHLE
    47B0: 01 4B 43 4C 45 01 4D 43 4C 45 01 43 31 4C 45 01  .KCLE.MCLE.C1LE.
    47C0: 43 32 4C 45 01 00 02 14 4B 09 55 58 44 56 01 70  C2LE....K.UXDV.p
    47D0: 0A FF 60 08 5F 54 5F 30 00 70 72 68 00 00 5F 54  ..`._T_0.prh.._T
    47E0: 5F 30 A0 0C 93 5F 54 5F 30 0B F8 03 70 00 60 A1  _0..._T_0...p.`.
    47F0: 41 07 A0 0C 93 5F 54 5F 30 0B F8 02 70 01 60 A1  A...._T_0...p.`.
    4800: 41 06 A0 0D 93 5F 54 5F 30 0B 20 02 70 0A 02 60  A...._T_0. .p..`
    4810: A1 40 05 A0 0D 93 5F 54 5F 30 0B 28 02 70 0A 03  .@...._T_0.(.p..
    4820: 60 A1 3F A0 0D 93 5F 54 5F 30 0B 38 02 70 0A 04  `.?..._T_0.8.p..
    4830: 60 A1 2F A0 0D 93 5F 54 5F 30 0B E8 02 70 0A 05  `./..._T_0...p..
    4840: 60 A1 1F A0 0D 93 5F 54 5F 30 0B 38 03 70 0A 06  `....._T_0.8.p..
    4850: 60 A1 0F A0 0D 93 5F 54 5F 30 0B E8 03 70 0A 07  `....._T_0...p..
    4860: 60 A4 60 14 42 22 52 52 49 4F 04 08 5F 54 5F 30  `.`.B"RRIO.._T_0
    4870: 00 70 72 68 00 00 5F 54 5F 30 A0 2A 93 5F 54 5F  .prh.._T_0.*._T_
    4880: 30 00 70 00 43 41 4C 45 70 55 58 44 56 6A 60 A0  0.p.CALEpUXDVj`.
    4890: 0C 92 93 60 0A FF 70 60 43 41 44 52 A0 08 69 70  ...`..p`CADR..ip
    48A0: 01 43 41 4C 45 A1 40 1E A0 2A 93 5F 54 5F 30 01  .CALE.@..*._T_0.
    48B0: 70 00 43 42 4C 45 70 55 58 44 56 6A 60 A0 0C 92  p.CBLEpUXDVj`...
    48C0: 93 60 0A FF 70 60 43 42 44 52 A0 08 69 70 01 43  .`..p`CBDR..ip.C
    48D0: 42 4C 45 A1 42 1B A0 3F 93 5F 54 5F 30 0A 02 70  BLE.B..?._T_0..p
    48E0: 00 4C 54 4C 45 A0 0C 93 6A 0B 78 03 70 00 4C 54  .LTLE...j.x.p.LT
    48F0: 44 52 A0 0C 93 6A 0B 78 02 70 01 4C 54 44 52 A0  DR...j.x.p.LTDR.
    4900: 0D 93 6A 0B BC 03 70 0A 02 4C 54 44 52 A0 08 69  ..j...p..LTDR..i
    4910: 70 01 4C 54 4C 45 A1 4F 16 A0 31 93 5F 54 5F 30  p.LTLE.O..1._T_0
    4920: 0A 03 70 00 46 44 4C 45 A0 0C 93 6A 0B F0 03 70  ..p.FDLE...j...p
    4930: 00 46 44 44 52 A0 0C 93 6A 0B 70 03 70 01 46 44  .FDDR...j.p.p.FD
    4940: 44 52 A0 08 69 70 01 46 44 4C 45 A1 4A 13 A0 38  DR..ip.FDLE.J..8
    4950: 93 5F 54 5F 30 0A 08 A0 17 93 6A 0B 00 02 A0 08  ._T_0.....j.....
    4960: 69 70 01 47 4C 4C 45 A1 07 70 00 47 4C 4C 45 A0  ip.GLLE..p.GLLE.
    4970: 17 93 6A 0B 08 02 A0 08 69 70 01 47 48 4C 45 A1  ..j.....ip.GHLE.
    4980: 07 70 00 47 48 4C 45 A1 4E 0F A0 38 93 5F 54 5F  .p.GHLE.N..8._T_
    4990: 30 0A 09 A0 17 93 6A 0B 00 02 A0 08 69 70 01 47  0.....j.....ip.G
    49A0: 4C 4C 45 A1 07 70 00 47 4C 4C 45 A0 17 93 6A 0B  LLE..p.GLLE...j.
    49B0: 08 02 A0 08 69 70 01 47 48 4C 45 A1 07 70 00 47  ....ip.GHLE..p.G
    49C0: 48 4C 45 A1 42 0C A0 24 93 5F 54 5F 30 0A 0A A0  HLE.B..$._T_0...
    49D0: 1B 91 93 6A 0A 60 93 6A 0A 64 A0 08 69 70 01 4B  ...j.`.j.d..ip.K
    49E0: 43 4C 45 A1 07 70 00 4B 43 4C 45 A1 4A 09 A0 24  CLE..p.KCLE.J..$
    49F0: 93 5F 54 5F 30 0A 0B A0 1B 91 93 6A 0A 62 93 6A  ._T_0......j.b.j
    4A00: 0A 66 A0 08 69 70 01 4D 43 4C 45 A1 07 70 00 4D  .f..ip.MCLE..p.M
    4A10: 43 4C 45 A1 42 07 A0 36 93 5F 54 5F 30 0A 0C A0  CLE.B..6._T_0...
    4A20: 16 93 6A 0A 2E A0 08 69 70 01 43 31 4C 45 A1 07  ..j....ip.C1LE..
    4A30: 70 00 43 31 4C 45 A0 16 93 6A 0A 4E A0 08 69 70  p.C1LE...j.N..ip
    4A40: 01 43 32 4C 45 A1 07 70 00 43 32 4C 45 A1 38 A0  .C2LE..p.C2LE.8.
    4A50: 36 93 5F 54 5F 30 0A 0D A0 16 93 6A 0A 2E A0 08  6._T_0.....j....
    4A60: 69 70 01 43 31 4C 45 A1 07 70 00 43 31 4C 45 A0  ip.C1LE..p.C1LE.
    4A70: 16 93 6A 0A 4E A0 08 69 70 01 43 32 4C 45 A1 07  ..j.N..ip.C2LE..
    4A80: 70 00 43 32 4C 45 14 06 52 44 4D 41 03 10 43 15  p.C2LE..RDMA..C.
    4A90: 2E 5F 53 42 5F 50 43 49 30 08 50 41 30 48 00 08  ._SB_PCI0.PA0H..
    4AA0: 50 41 31 48 00 08 50 41 31 4C 00 08 50 41 32 48  PA1H..PA1L..PA2H
    4AB0: 00 08 50 41 32 4C 00 08 50 41 33 48 00 08 50 41  ..PA2L..PA3H..PA
    4AC0: 33 4C 00 08 50 41 34 48 00 08 50 41 34 4C 00 08  3L..PA4H..PA4L..
    4AD0: 50 41 35 48 00 08 50 41 35 4C 00 08 50 41 36 48  PA5H..PA5L..PA6H
    4AE0: 00 08 50 41 36 4C 00 14 4C 07 4E 50 54 53 01 70  ..PA6L..L.NPTS.p
    4AF0: 50 4D 30 48 50 41 30 48 70 50 4D 31 48 50 41 31  PM0HPA0HpPM1HPA1
    4B00: 48 70 50 4D 31 4C 50 41 31 4C 70 50 4D 32 48 50  HpPM1LPA1LpPM2HP
    4B10: 41 32 48 70 50 4D 32 4C 50 41 32 4C 70 50 4D 33  A2HpPM2LPA2LpPM3
    4B20: 48 50 41 33 48 70 50 4D 33 4C 50 41 33 4C 70 50  HPA3HpPM3LPA3LpP
    4B30: 4D 34 48 50 41 34 48 70 50 4D 34 4C 50 41 34 4C  M4HPA4HpPM4LPA4L
    4B40: 70 50 4D 35 48 50 41 35 48 70 50 4D 35 4C 50 41  pPM5HPA5HpPM5LPA
    4B50: 35 4C 70 50 4D 36 48 50 41 36 48 70 50 4D 36 4C  5LpPM6HPA6HpPM6L
    4B60: 50 41 36 4C 14 4C 07 4E 57 41 4B 01 70 50 41 30  PA6L.L.NWAK.pPA0
    4B70: 48 50 4D 30 48 70 50 41 31 48 50 4D 31 48 70 50  HPM0HpPA1HPM1HpP
    4B80: 41 31 4C 50 4D 31 4C 70 50 41 32 48 50 4D 32 48  A1LPM1LpPA2HPM2H
    4B90: 70 50 41 32 4C 50 4D 32 4C 70 50 41 33 48 50 4D  pPA2LPM2LpPA3HPM
    4BA0: 33 48 70 50 41 33 4C 50 4D 33 4C 70 50 41 34 48  3HpPA3LPM3LpPA4H
    4BB0: 50 4D 34 48 70 50 41 34 4C 50 4D 34 4C 70 50 41  PM4HpPA4LPM4LpPA
    4BC0: 35 48 50 4D 35 48 70 50 41 35 4C 50 4D 35 4C 70  5HPM5HpPA5LPM5Lp
    4BD0: 50 41 36 48 50 4D 36 48 70 50 41 36 4C 50 4D 36  PA6HPM6HpPA6LPM6
    4BE0: 4C 10 1F 2F 03 5F 53 42 5F 50 43 49 30 50 45 47  L../._SB_PCI0PEG
    4BF0: 30 14 0F 5F 50 52 57 00 A4 47 50 52 57 0A 09 0A  0.._PRW..GPRW...
    4C00: 04 10 23 2F 04 5F 53 42 5F 50 43 49 30 50 45 47  ..#/._SB_PCI0PEG
    4C10: 30 50 45 47 50 14 0F 5F 50 52 57 00 A4 47 50 52  0PEGP.._PRW..GPR
    4C20: 57 0A 09 0A 04 10 8D 7A 01 2E 5F 53 42 5F 50 43  W......z.._SB_PC
    4C30: 49 30 5B 82 8F 79 01 47 46 58 30 08 5F 41 44 52  I0[..y.GFX0._ADR
    4C40: 0C 00 00 02 00 14 0C 50 43 50 43 00 45 43 53 54  .......PCPC.ECST
    4C50: 0A 6F 14 08 50 41 50 52 00 A4 00 14 26 5F 44 4F  .o..PAPR....&_DO
    4C60: 53 01 70 7B 68 0A 07 00 44 53 45 4E A0 15 93 7B  S.p{h...DSEN...{
    4C70: 68 0A 03 00 00 A0 0C 5B 12 48 44 4F 53 00 48 44  h......[.HDOS.HD
    4C80: 4F 53 14 46 51 5F 44 4F 44 00 A0 0C 5B 12 49 44  OS.FQ_DOD...[.ID
    4C90: 41 42 00 49 44 41 42 A1 48 0B 70 00 4E 44 49 44  AB.IDAB.H.p.NDID
    4CA0: A0 15 92 93 44 49 44 4C 00 70 53 44 44 4C 44 49  ....DIDL.pSDDLDI
    4CB0: 44 4C 44 49 44 31 A0 15 92 93 44 44 4C 32 00 70  DLDID1....DDL2.p
    4CC0: 53 44 44 4C 44 44 4C 32 44 49 44 32 A0 15 92 93  SDDLDDL2DID2....
    4CD0: 44 44 4C 33 00 70 53 44 44 4C 44 44 4C 33 44 49  DDL3.pSDDLDDL3DI
    4CE0: 44 33 A0 15 92 93 44 44 4C 34 00 70 53 44 44 4C  D3....DDL4.pSDDL
    4CF0: 44 44 4C 34 44 49 44 34 A0 15 92 93 44 44 4C 35  DDL4DID4....DDL5
    4D00: 00 70 53 44 44 4C 44 44 4C 35 44 49 44 35 A0 15  .pSDDLDDL5DID5..
    4D10: 92 93 44 44 4C 36 00 70 53 44 44 4C 44 44 4C 36  ..DDL6.pSDDLDDL6
    4D20: 44 49 44 36 A0 15 92 93 44 44 4C 37 00 70 53 44  DID6....DDL7.pSD
    4D30: 44 4C 44 44 4C 37 44 49 44 37 A0 15 92 93 44 44  DLDDL7DID7....DD
    4D40: 4C 38 00 70 53 44 44 4C 44 44 4C 38 44 49 44 38  L8.pSDDLDDL8DID8
    4D50: A0 2C 93 4E 44 49 44 01 08 54 4D 50 31 12 07 01  .,.NDID..TMP1...
    4D60: 0C FF FF FF FF 70 7D 0C 00 00 01 00 44 49 44 31  .....p}.....DID1
    4D70: 00 88 54 4D 50 31 00 00 A4 54 4D 50 31 A0 46 04  ..TMP1...TMP1.F.
    4D80: 93 4E 44 49 44 0A 02 08 54 4D 50 32 12 0C 02 0C  .NDID...TMP2....
    4D90: FF FF FF FF 0C FF FF FF FF 70 7D 0C 00 00 01 00  .........p}.....
    4DA0: 44 49 44 31 00 88 54 4D 50 32 00 00 70 7D 0C 00  DID1..TMP2..p}..
    4DB0: 00 01 00 44 49 44 32 00 88 54 4D 50 32 01 00 A4  ...DID2..TMP2...
    4DC0: 54 4D 50 32 A0 4F 05 93 4E 44 49 44 0A 03 08 54  TMP2.O..NDID...T
    4DD0: 4D 50 33 12 11 03 0C FF FF FF FF 0C FF FF FF FF  MP3.............
    4DE0: 0C FF FF FF FF 70 7D 0C 00 00 01 00 44 49 44 31  .....p}.....DID1
    4DF0: 00 88 54 4D 50 33 00 00 70 7D 0C 00 00 01 00 44  ..TMP3..p}.....D
    4E00: 49 44 32 00 88 54 4D 50 33 01 00 70 7D 0C 00 00  ID2..TMP3..p}...
    4E10: 01 00 44 49 44 33 00 88 54 4D 50 33 0A 02 00 A4  ..DID3..TMP3....
    4E20: 54 4D 50 33 A0 48 07 93 4E 44 49 44 0A 04 08 54  TMP3.H..NDID...T
    4E30: 4D 50 34 12 16 04 0C FF FF FF FF 0C FF FF FF FF  MP4.............
    4E40: 0C FF FF FF FF 0C FF FF FF FF 70 7D 0C 00 00 01  ..........p}....
    4E50: 00 44 49 44 31 00 88 54 4D 50 34 00 00 70 7D 0C  .DID1..TMP4..p}.
    4E60: 00 00 01 00 44 49 44 32 00 88 54 4D 50 34 01 00  ....DID2..TMP4..
    4E70: 70 7D 0C 00 00 01 00 44 49 44 33 00 88 54 4D 50  p}.....DID3..TMP
    4E80: 34 0A 02 00 70 7D 0C 00 00 01 00 44 49 44 34 00  4...p}.....DID4.
    4E90: 88 54 4D 50 34 0A 03 00 A4 54 4D 50 34 A0 41 09  .TMP4....TMP4.A.
    4EA0: 93 4E 44 49 44 0A 05 08 54 4D 50 35 12 1B 05 0C  .NDID...TMP5....
    4EB0: FF FF FF FF 0C FF FF FF FF 0C FF FF FF FF 0C FF  ................
    4EC0: FF FF FF 0C FF FF FF FF 70 7D 0C 00 00 01 00 44  ........p}.....D
    4ED0: 49 44 31 00 88 54 4D 50 35 00 00 70 7D 0C 00 00  ID1..TMP5..p}...
    4EE0: 01 00 44 49 44 32 00 88 54 4D 50 35 01 00 70 7D  ..DID2..TMP5..p}
    4EF0: 0C 00 00 01 00 44 49 44 33 00 88 54 4D 50 35 0A  .....DID3..TMP5.
    4F00: 02 00 70 7D 0C 00 00 01 00 44 49 44 34 00 88 54  ..p}.....DID4..T
    4F10: 4D 50 35 0A 03 00 70 7D 0C 00 00 01 00 44 49 44  MP5...p}.....DID
    4F20: 35 00 88 54 4D 50 35 0A 04 00 A4 54 4D 50 35 A0  5..TMP5....TMP5.
    4F30: 4A 0A 93 4E 44 49 44 0A 06 08 54 4D 50 36 12 20  J..NDID...TMP6. 
    4F40: 06 0C FF FF FF FF 0C FF FF FF FF 0C FF FF FF FF  ................
    4F50: 0C FF FF FF FF 0C FF FF FF FF 0C FF FF FF FF 70  ...............p
    4F60: 7D 0C 00 00 01 00 44 49 44 31 00 88 54 4D 50 36  }.....DID1..TMP6
    4F70: 00 00 70 7D 0C 00 00 01 00 44 49 44 32 00 88 54  ..p}.....DID2..T
    4F80: 4D 50 36 01 00 70 7D 0C 00 00 01 00 44 49 44 33  MP6..p}.....DID3
    4F90: 00 88 54 4D 50 36 0A 02 00 70 7D 0C 00 00 01 00  ..TMP6...p}.....
    4FA0: 44 49 44 34 00 88 54 4D 50 36 0A 03 00 70 7D 0C  DID4..TMP6...p}.
    4FB0: 00 00 01 00 44 49 44 35 00 88 54 4D 50 36 0A 04  ....DID5..TMP6..
    4FC0: 00 70 7D 0C 00 00 01 00 44 49 44 36 00 88 54 4D  .p}.....DID6..TM
    4FD0: 50 36 0A 05 00 A4 54 4D 50 36 A0 43 0C 93 4E 44  P6....TMP6.C..ND
    4FE0: 49 44 0A 07 08 54 4D 50 37 12 25 07 0C FF FF FF  ID...TMP7.%.....
    4FF0: FF 0C FF FF FF FF 0C FF FF FF FF 0C FF FF FF FF  ................
    5000: 0C FF FF FF FF 0C FF FF FF FF 0C FF FF FF FF 70  ...............p
    5010: 7D 0C 00 00 01 00 44 49 44 31 00 88 54 4D 50 37  }.....DID1..TMP7
    5020: 00 00 70 7D 0C 00 00 01 00 44 49 44 32 00 88 54  ..p}.....DID2..T
    5030: 4D 50 37 01 00 70 7D 0C 00 00 01 00 44 49 44 33  MP7..p}.....DID3
    5040: 00 88 54 4D 50 37 0A 02 00 70 7D 0C 00 00 01 00  ..TMP7...p}.....
    5050: 44 49 44 34 00 88 54 4D 50 37 0A 03 00 70 7D 0C  DID4..TMP7...p}.
    5060: 00 00 01 00 44 49 44 35 00 88 54 4D 50 37 0A 04  ....DID5..TMP7..
    5070: 00 70 7D 0C 00 00 01 00 44 49 44 36 00 88 54 4D  .p}.....DID6..TM
    5080: 50 37 0A 05 00 70 7D 0C 00 00 01 00 44 49 44 37  P7...p}.....DID7
    5090: 00 88 54 4D 50 37 0A 06 00 A4 54 4D 50 37 A0 4C  ..TMP7....TMP7.L
    50A0: 0D 93 4E 44 49 44 0A 08 08 54 4D 50 38 12 2A 08  ..NDID...TMP8.*.
    50B0: 0C FF FF FF FF 0C FF FF FF FF 0C FF FF FF FF 0C  ................
    50C0: FF FF FF FF 0C FF FF FF FF 0C FF FF FF FF 0C FF  ................
    50D0: FF FF FF 0C FF FF FF FF 70 7D 0C 00 00 01 00 44  ........p}.....D
    50E0: 49 44 31 00 88 54 4D 50 38 00 00 70 7D 0C 00 00  ID1..TMP8..p}...
    50F0: 01 00 44 49 44 32 00 88 54 4D 50 38 01 00 70 7D  ..DID2..TMP8..p}
    5100: 0C 00 00 01 00 44 49 44 33 00 88 54 4D 50 38 0A  .....DID3..TMP8.
    5110: 02 00 70 7D 0C 00 00 01 00 44 49 44 34 00 88 54  ..p}.....DID4..T
    5120: 4D 50 38 0A 03 00 70 7D 0C 00 00 01 00 44 49 44  MP8...p}.....DID
    5130: 35 00 88 54 4D 50 38 0A 04 00 70 7D 0C 00 00 01  5..TMP8...p}....
    5140: 00 44 49 44 36 00 88 54 4D 50 38 0A 05 00 70 7D  .DID6..TMP8...p}
    5150: 0C 00 00 01 00 44 49 44 37 00 88 54 4D 50 38 0A  .....DID7..TMP8.
    5160: 06 00 70 7D 0C 00 00 01 00 44 49 44 38 00 88 54  ..p}.....DID8..T
    5170: 4D 50 38 0A 07 00 A4 54 4D 50 38 A0 16 93 4E 44  MP8....TMP8...ND
    5180: 49 44 0A 09 A0 0D 5B 12 48 57 49 44 00 A4 48 57  ID....[.HWID..HW
    5190: 49 44 A4 12 05 01 0B 00 04 5B 82 40 18 44 44 30  ID.......[.@.DD0
    51A0: 31 14 1C 5F 41 44 52 08 A0 09 93 44 49 44 31 00  1.._ADR....DID1.
    51B0: A4 01 A1 0B A4 7B 0B FF FF 44 49 44 31 00 14 0F  .....{...DID1...
    51C0: 5F 44 43 53 00 A4 43 44 44 53 44 49 44 31 14 28  _DCS..CDDSDID1.(
    51D0: 5F 44 47 53 00 A0 18 90 93 7B 53 47 4D 44 0A 7F  _DGS.....{SGMD..
    51E0: 00 01 5B 12 53 4E 58 44 00 A4 4E 58 44 31 A4 4E  ..[.SNXD..NXD1.N
    51F0: 44 44 53 44 49 44 31 14 1F 5F 44 53 53 01 A0 18  DDSDID1.._DSS...
    5200: 93 7B 68 0C 00 00 00 C0 00 0C 00 00 00 C0 70 4E  .{h...........pN
    5210: 53 54 45 43 53 54 45 14 48 0D 5F 42 43 4C 00 A4  STECSTE.H._BCL..
    5220: 12 4F 0C 67 0A 50 0A 32 00 01 0A 02 0A 03 0A 04  .O.g.P.2........
    5230: 0A 05 0A 06 0A 07 0A 08 0A 09 0A 0A 0A 0B 0A 0C  ................
    5240: 0A 0D 0A 0E 0A 0F 0A 10 0A 11 0A 12 0A 13 0A 14  ................
    5250: 0A 15 0A 16 0A 17 0A 18 0A 19 0A 1A 0A 1B 0A 1C  ................
    5260: 0A 1D 0A 1E 0A 1F 0A 20 0A 21 0A 22 0A 23 0A 24  ....... .!.".#.$
    5270: 0A 25 0A 26 0A 27 0A 28 0A 29 0A 2A 0A 2B 0A 2C  .%.&.'.(.).*.+.,
    5280: 0A 2D 0A 2E 0A 2F 0A 30 0A 31 0A 32 0A 33 0A 34  .-.../.0.1.2.3.4
    5290: 0A 35 0A 36 0A 37 0A 38 0A 39 0A 3A 0A 3B 0A 3C  .5.6.7.8.9.:.;.<
    52A0: 0A 3D 0A 3E 0A 3F 0A 40 0A 41 0A 42 0A 43 0A 44  .=.>.?.@.A.B.C.D
    52B0: 0A 45 0A 46 0A 47 0A 48 0A 49 0A 4A 0A 4B 0A 4C  .E.F.G.H.I.J.K.L
    52C0: 0A 4D 0A 4E 0A 4F 0A 50 0A 51 0A 52 0A 53 0A 54  .M.N.O.P.Q.R.S.T
    52D0: 0A 55 0A 56 0A 57 0A 58 0A 59 0A 5A 0A 5B 0A 5C  .U.V.W.X.Y.Z.[.\
    52E0: 0A 5D 0A 5E 0A 5F 0A 60 0A 61 0A 62 0A 63 0A 64  .].^._.`.a.b.c.d
    52F0: 14 1E 5F 42 43 4D 01 A0 17 90 92 95 68 00 92 94  .._BCM......h...
    5300: 68 0A 64 41 49 4E 54 01 68 70 68 42 52 54 4C 14  h.dAINT.hphBRTL.
    5310: 0B 5F 42 51 43 00 A4 42 52 54 4C 5B 82 40 0C 44  ._BQC..BRTL[.@.D
    5320: 44 30 32 14 1D 5F 41 44 52 08 A0 0A 93 44 49 44  D02.._ADR....DID
    5330: 32 00 A4 0A 02 A1 0B A4 7B 0B FF FF 44 49 44 32  2.......{...DID2
    5340: 00 14 19 5F 44 43 53 00 A0 09 93 4C 49 44 53 00  ..._DCS....LIDS.
    5350: A4 00 A4 43 44 44 53 44 49 44 32 14 28 5F 44 47  ...CDDSDID2.(_DG
    5360: 53 00 A0 18 90 93 7B 53 47 4D 44 0A 7F 00 01 5B  S.....{SGMD....[
    5370: 12 53 4E 58 44 00 A4 4E 58 44 32 A4 4E 44 44 53  .SNXD..NXD2.NDDS
    5380: 44 49 44 32 14 1F 5F 44 53 53 01 A0 18 93 7B 68  DID2.._DSS....{h
    5390: 0C 00 00 00 C0 00 0C 00 00 00 C0 70 4E 53 54 45  ...........pNSTE
    53A0: 43 53 54 45 14 12 5F 42 43 4C 00 A4 5E 5E 2E 44  CSTE.._BCL..^^.D
    53B0: 44 30 31 5F 42 43 4C 14 12 5F 42 43 4D 01 5E 5E  D01_BCL.._BCM.^^
    53C0: 2E 44 44 30 31 5F 42 43 4D 68 14 12 5F 42 51 43  .DD01_BCMh.._BQC
    53D0: 00 A4 5E 5E 2E 44 44 30 31 5F 42 51 43 5B 82 43  ..^^.DD01_BQC[.C
    53E0: 0C 44 44 30 33 14 1D 5F 41 44 52 08 A0 0A 93 44  .DD03.._ADR....D
    53F0: 49 44 33 00 A4 0A 03 A1 0B A4 7B 0B FF FF 44 49  ID3.......{...DI
    5400: 44 33 00 14 1C 5F 44 43 53 00 A0 0A 93 44 49 44  D3..._DCS....DID
    5410: 33 00 A4 0A 0B A1 0A A4 43 44 44 53 44 49 44 33  3.......CDDSDID3
    5420: 14 28 5F 44 47 53 00 A0 18 90 93 7B 53 47 4D 44  .(_DGS.....{SGMD
    5430: 0A 7F 00 01 5B 12 53 4E 58 44 00 A4 4E 58 44 33  ....[.SNXD..NXD3
    5440: A4 4E 44 44 53 44 49 44 33 14 1F 5F 44 53 53 01  .NDDSDID3.._DSS.
    5450: A0 18 93 7B 68 0C 00 00 00 C0 00 0C 00 00 00 C0  ...{h...........
    5460: 70 4E 53 54 45 43 53 54 45 14 12 5F 42 43 4C 00  pNSTECSTE.._BCL.
    5470: A4 5E 5E 2E 44 44 30 31 5F 42 43 4C 14 12 5F 42  .^^.DD01_BCL.._B
    5480: 43 4D 01 5E 5E 2E 44 44 30 31 5F 42 43 4D 68 14  CM.^^.DD01_BCMh.
    5490: 12 5F 42 51 43 00 A4 5E 5E 2E 44 44 30 31 5F 42  ._BQC..^^.DD01_B
    54A0: 51 43 5B 82 43 0C 44 44 30 34 14 1D 5F 41 44 52  QC[.C.DD04.._ADR
    54B0: 08 A0 0A 93 44 49 44 34 00 A4 0A 04 A1 0B A4 7B  ....DID4.......{
    54C0: 0B FF FF 44 49 44 34 00 14 1C 5F 44 43 53 00 A0  ...DID4..._DCS..
    54D0: 0A 93 44 49 44 34 00 A4 0A 0B A1 0A A4 43 44 44  ..DID4.......CDD
    54E0: 53 44 49 44 34 14 28 5F 44 47 53 00 A0 18 90 93  SDID4.(_DGS.....
    54F0: 7B 53 47 4D 44 0A 7F 00 01 5B 12 53 4E 58 44 00  {SGMD....[.SNXD.
    5500: A4 4E 58 44 34 A4 4E 44 44 53 44 49 44 34 14 1F  .NXD4.NDDSDID4..
    5510: 5F 44 53 53 01 A0 18 93 7B 68 0C 00 00 00 C0 00  _DSS....{h......
    5520: 0C 00 00 00 C0 70 4E 53 54 45 43 53 54 45 14 12  .....pNSTECSTE..
    5530: 5F 42 43 4C 00 A4 5E 5E 2E 44 44 30 31 5F 42 43  _BCL..^^.DD01_BC
    5540: 4C 14 12 5F 42 43 4D 01 5E 5E 2E 44 44 30 31 5F  L.._BCM.^^.DD01_
    5550: 42 43 4D 68 14 12 5F 42 51 43 00 A4 5E 5E 2E 44  BCMh.._BQC..^^.D
    5560: 44 30 31 5F 42 51 43 5B 82 43 0C 44 44 30 35 14  D01_BQC[.C.DD05.
    5570: 1D 5F 41 44 52 08 A0 0A 93 44 49 44 35 00 A4 0A  ._ADR....DID5...
    5580: 05 A1 0B A4 7B 0B FF FF 44 49 44 35 00 14 1C 5F  ....{...DID5..._
    5590: 44 43 53 00 A0 0A 93 44 49 44 35 00 A4 0A 0B A1  DCS....DID5.....
    55A0: 0A A4 43 44 44 53 44 49 44 35 14 28 5F 44 47 53  ..CDDSDID5.(_DGS
    55B0: 00 A0 18 90 93 7B 53 47 4D 44 0A 7F 00 01 5B 12  .....{SGMD....[.
    55C0: 53 4E 58 44 00 A4 4E 58 44 35 A4 4E 44 44 53 44  SNXD..NXD5.NDDSD
    55D0: 49 44 35 14 1F 5F 44 53 53 01 A0 18 93 7B 68 0C  ID5.._DSS....{h.
    55E0: 00 00 00 C0 00 0C 00 00 00 C0 70 4E 53 54 45 43  ..........pNSTEC
    55F0: 53 54 45 14 12 5F 42 43 4C 00 A4 5E 5E 2E 44 44  STE.._BCL..^^.DD
    5600: 30 31 5F 42 43 4C 14 12 5F 42 43 4D 01 5E 5E 2E  01_BCL.._BCM.^^.
    5610: 44 44 30 31 5F 42 43 4D 68 14 12 5F 42 51 43 00  DD01_BCMh.._BQC.
    5620: A4 5E 5E 2E 44 44 30 31 5F 42 51 43 5B 82 43 0C  .^^.DD01_BQC[.C.
    5630: 44 44 30 36 14 1D 5F 41 44 52 08 A0 0A 93 44 49  DD06.._ADR....DI
    5640: 44 36 00 A4 0A 06 A1 0B A4 7B 0B FF FF 44 49 44  D6.......{...DID
    5650: 36 00 14 1C 5F 44 43 53 00 A0 0A 93 44 49 44 36  6..._DCS....DID6
    5660: 00 A4 0A 0B A1 0A A4 43 44 44 53 44 49 44 36 14  .......CDDSDID6.
    5670: 28 5F 44 47 53 00 A0 18 90 93 7B 53 47 4D 44 0A  (_DGS.....{SGMD.
    5680: 7F 00 01 5B 12 53 4E 58 44 00 A4 4E 58 44 36 A4  ...[.SNXD..NXD6.
    5690: 4E 44 44 53 44 49 44 36 14 1F 5F 44 53 53 01 A0  NDDSDID6.._DSS..
    56A0: 18 93 7B 68 0C 00 00 00 C0 00 0C 00 00 00 C0 70  ..{h...........p
    56B0: 4E 53 54 45 43 53 54 45 14 12 5F 42 43 4C 00 A4  NSTECSTE.._BCL..
    56C0: 5E 5E 2E 44 44 30 31 5F 42 43 4C 14 12 5F 42 43  ^^.DD01_BCL.._BC
    56D0: 4D 01 5E 5E 2E 44 44 30 31 5F 42 43 4D 68 14 12  M.^^.DD01_BCMh..
    56E0: 5F 42 51 43 00 A4 5E 5E 2E 44 44 30 31 5F 42 51  _BQC..^^.DD01_BQ
    56F0: 43 5B 82 43 0C 44 44 30 37 14 1D 5F 41 44 52 08  C[.C.DD07.._ADR.
    5700: A0 0A 93 44 49 44 37 00 A4 0A 07 A1 0B A4 7B 0B  ...DID7.......{.
    5710: FF FF 44 49 44 37 00 14 1C 5F 44 43 53 00 A0 0A  ..DID7..._DCS...
    5720: 93 44 49 44 37 00 A4 0A 0B A1 0A A4 43 44 44 53  .DID7.......CDDS
    5730: 44 49 44 37 14 28 5F 44 47 53 00 A0 18 90 93 7B  DID7.(_DGS.....{
    5740: 53 47 4D 44 0A 7F 00 01 5B 12 53 4E 58 44 00 A4  SGMD....[.SNXD..
    5750: 4E 58 44 37 A4 4E 44 44 53 44 49 44 37 14 1F 5F  NXD7.NDDSDID7.._
    5760: 44 53 53 01 A0 18 93 7B 68 0C 00 00 00 C0 00 0C  DSS....{h.......
    5770: 00 00 00 C0 70 4E 53 54 45 43 53 54 45 14 12 5F  ....pNSTECSTE.._
    5780: 42 43 4C 00 A4 5E 5E 2E 44 44 30 31 5F 42 43 4C  BCL..^^.DD01_BCL
    5790: 14 12 5F 42 43 4D 01 5E 5E 2E 44 44 30 31 5F 42  .._BCM.^^.DD01_B
    57A0: 43 4D 68 14 12 5F 42 51 43 00 A4 5E 5E 2E 44 44  CMh.._BQC..^^.DD
    57B0: 30 31 5F 42 51 43 5B 82 43 0C 44 44 30 38 14 1D  01_BQC[.C.DD08..
    57C0: 5F 41 44 52 08 A0 0A 93 44 49 44 38 00 A4 0A 08  _ADR....DID8....
    57D0: A1 0B A4 7B 0B FF FF 44 49 44 38 00 14 1C 5F 44  ...{...DID8..._D
    57E0: 43 53 00 A0 0A 93 44 49 44 38 00 A4 0A 0B A1 0A  CS....DID8......
    57F0: A4 43 44 44 53 44 49 44 38 14 28 5F 44 47 53 00  .CDDSDID8.(_DGS.
    5800: A0 18 90 93 7B 53 47 4D 44 0A 7F 00 01 5B 12 53  ....{SGMD....[.S
    5810: 4E 58 44 00 A4 4E 58 44 38 A4 4E 44 44 53 44 49  NXD..NXD8.NDDSDI
    5820: 44 38 14 1F 5F 44 53 53 01 A0 18 93 7B 68 0C 00  D8.._DSS....{h..
    5830: 00 00 C0 00 0C 00 00 00 C0 70 4E 53 54 45 43 53  .........pNSTECS
    5840: 54 45 14 12 5F 42 43 4C 00 A4 5E 5E 2E 44 44 30  TE.._BCL..^^.DD0
    5850: 31 5F 42 43 4C 14 12 5F 42 43 4D 01 5E 5E 2E 44  1_BCL.._BCM.^^.D
    5860: 44 30 31 5F 42 43 4D 68 14 12 5F 42 51 43 00 A4  D01_BCMh.._BQC..
    5870: 5E 5E 2E 44 44 30 31 5F 42 51 43 14 4E 06 53 44  ^^.DD01_BQC.N.SD
    5880: 44 4C 01 75 4E 44 49 44 70 7B 68 0B 0F 0F 00 60  DL.uNDIDp{h....`
    5890: 7D 0C 00 00 00 80 60 61 A0 09 93 44 49 44 4C 60  }.....`a...DIDL`
    58A0: A4 61 A0 09 93 44 44 4C 32 60 A4 61 A0 09 93 44  .a...DDL2`.a...D
    58B0: 44 4C 33 60 A4 61 A0 09 93 44 44 4C 34 60 A4 61  DL3`.a...DDL4`.a
    58C0: A0 09 93 44 44 4C 35 60 A4 61 A0 09 93 44 44 4C  ...DDL5`.a...DDL
    58D0: 36 60 A4 61 A0 09 93 44 44 4C 37 60 A4 61 A0 09  6`.a...DDL7`.a..
    58E0: 93 44 44 4C 38 60 A4 61 A4 00 14 42 07 43 44 44  .DDL8`.a...B.CDD
    58F0: 53 01 70 7B 68 0B 0F 0F 00 60 A0 07 93 00 60 A4  S.p{h....`....`.
    5900: 0A 1D A0 0A 93 43 41 44 4C 60 A4 0A 1F A0 0A 93  .....CADL`......
    5910: 43 41 4C 32 60 A4 0A 1F A0 0A 93 43 41 4C 33 60  CAL2`......CAL3`
    5920: A4 0A 1F A0 0A 93 43 41 4C 34 60 A4 0A 1F A0 0A  ......CAL4`.....
    5930: 93 43 41 4C 35 60 A4 0A 1F A0 0A 93 43 41 4C 36  .CAL5`......CAL6
    5940: 60 A4 0A 1F A0 0A 93 43 41 4C 37 60 A4 0A 1F A0  `......CAL7`....
    5950: 0A 93 43 41 4C 38 60 A4 0A 1F A4 0A 1D 14 48 06  ..CAL8`.......H.
    5960: 4E 44 44 53 01 70 7B 68 0B 0F 0F 00 60 A0 06 93  NDDS.p{h....`...
    5970: 00 60 A4 00 A0 09 93 4E 41 44 4C 60 A4 01 A0 09  .`.....NADL`....
    5980: 93 4E 44 4C 32 60 A4 01 A0 09 93 4E 44 4C 33 60  .NDL2`.....NDL3`
    5990: A4 01 A0 09 93 4E 44 4C 34 60 A4 01 A0 09 93 4E  .....NDL4`.....N
    59A0: 44 4C 35 60 A4 01 A0 09 93 4E 44 4C 36 60 A4 01  DL5`.....NDL6`..
    59B0: A0 09 93 4E 44 4C 37 60 A4 01 A0 09 93 4E 44 4C  ...NDL7`.....NDL
    59C0: 38 60 A4 01 A4 00 10 24 5E 5E 50 43 49 30 5B 80  8`.....$^^PCI0[.
    59D0: 4D 43 48 50 02 0A 40 0A C0 5B 81 10 4D 43 48 50  MCHP..@..[..MCHP
    59E0: 00 00 40 30 54 41 53 4D 0A 00 06 5B 80 49 47 44  ..@0TASM...[.IGD
    59F0: 50 02 0A 40 0A C0 5B 81 45 05 49 47 44 50 00 00  P..@..[.E.IGDP..
    5A00: 40 09 00 01 47 49 56 44 01 00 02 47 55 4D 41 03  @...GIVD...GUMA.
    5A10: 00 09 00 04 47 4D 46 4E 01 00 1B 00 40 46 41 53  ....GMFN....@FAS
    5A20: 4C 45 08 00 18 47 53 53 45 01 47 53 53 42 0E 47  LE...GSSE.GSSB.G
    5A30: 53 45 53 01 00 30 00 0C 43 44 56 4C 01 00 03 00  SES..0..CDVL....
    5A40: 18 4C 42 50 43 08 00 30 41 53 4C 53 20 5B 80 49  .LBPC..0ASLS [.I
    5A50: 47 44 4D 00 41 53 4C 42 0B 00 20 5B 81 4D 1A 49  GDM.ASLB.. [.M.I
    5A60: 47 44 4D 00 53 49 47 4E 40 08 53 49 5A 45 20 4F  GDM.SIGN@.SIZE O
    5A70: 56 45 52 20 53 56 45 52 40 10 56 56 45 52 40 08  VER SVER@.VVER@.
    5A80: 47 56 45 52 40 08 4D 42 4F 58 20 44 4D 4F 44 20  GVER@.MBOX DMOD 
    5A90: 00 40 50 44 52 44 59 20 43 53 54 53 20 43 45 56  .@PDRDY CSTS CEV
    5AA0: 54 20 00 40 0A 44 49 44 4C 20 44 44 4C 32 20 44  T .@.DIDL DDL2 D
    5AB0: 44 4C 33 20 44 44 4C 34 20 44 44 4C 35 20 44 44  DL3 DDL4 DDL5 DD
    5AC0: 4C 36 20 44 44 4C 37 20 44 44 4C 38 20 43 50 44  L6 DDL7 DDL8 CPD
    5AD0: 4C 20 43 50 4C 32 20 43 50 4C 33 20 43 50 4C 34  L CPL2 CPL3 CPL4
    5AE0: 20 43 50 4C 35 20 43 50 4C 36 20 43 50 4C 37 20   CPL5 CPL6 CPL7 
    5AF0: 43 50 4C 38 20 43 41 44 4C 20 43 41 4C 32 20 43  CPL8 CADL CAL2 C
    5B00: 41 4C 33 20 43 41 4C 34 20 43 41 4C 35 20 43 41  AL3 CAL4 CAL5 CA
    5B10: 4C 36 20 43 41 4C 37 20 43 41 4C 38 20 4E 41 44  L6 CAL7 CAL8 NAD
    5B20: 4C 20 4E 44 4C 32 20 4E 44 4C 33 20 4E 44 4C 34  L NDL2 NDL3 NDL4
    5B30: 20 4E 44 4C 35 20 4E 44 4C 36 20 4E 44 4C 37 20   NDL5 NDL6 NDL7 
    5B40: 4E 44 4C 38 20 41 53 4C 50 20 54 49 44 58 20 43  NDL8 ASLP TIDX C
    5B50: 48 50 44 20 43 4C 49 44 20 43 44 43 4B 20 53 58  HPD CLID CDCK SX
    5B60: 53 57 20 45 56 54 53 20 43 4E 4F 54 20 4E 52 44  SW EVTS CNOT NRD
    5B70: 59 20 00 40 1E 53 43 49 45 01 47 45 46 43 04 47  Y .@.SCIE.GEFC.G
    5B80: 58 46 43 03 47 45 53 46 08 00 10 50 41 52 4D 20  XFC.GESF...PARM 
    5B90: 44 53 4C 50 20 00 40 7A 41 52 44 59 20 41 53 4C  DSLP .@zARDY ASL
    5BA0: 43 20 54 43 48 45 20 41 4C 53 49 20 42 43 4C 50  C TCHE ALSI BCLP
    5BB0: 20 50 46 49 54 20 43 42 4C 56 20 42 43 4C 4D 40   PFIT CBLV BCLM@
    5BC0: 14 43 50 46 4D 20 45 50 46 4D 20 50 4C 55 54 40  .CPFM EPFM PLUT@
    5BD0: 25 50 46 4D 42 20 43 43 44 56 20 50 43 46 54 20  %PFMB CCDV PCFT 
    5BE0: 53 52 4F 54 20 49 55 45 52 20 46 44 53 50 40 04  SROT IUER FDSP@.
    5BF0: 46 44 53 53 20 00 40 25 47 56 44 31 80 00 0C 50  FDSS .@%GVD1...P
    5C00: 48 45 44 20 42 44 44 43 40 80 08 44 42 54 42 12  HED BDDC@..DBTB.
    5C10: 32 15 00 0A 07 0A 38 0B C0 01 0B 00 0E 0A 3F 0B  2.....8.......?.
    5C20: C7 01 0B 07 0E 0B F8 01 0B 38 0E 0B C0 0F 00 00  .........8......
    5C30: 00 00 00 0B 00 70 0B 07 70 0B 38 70 0B C0 71 0B  .....p..p.8p..q.
    5C40: 00 7E 08 43 44 43 54 12 27 05 12 07 02 0A E4 0B  .~.CDCT.'.......
    5C50: 40 01 12 07 02 0A DE 0B 4D 01 12 07 02 0A DE 0B  @.......M.......
    5C60: 4D 01 12 04 02 00 00 12 07 02 0A DE 0B 4D 01 08  M............M..
    5C70: 53 55 43 43 01 08 4E 56 4C 44 0A 02 08 43 52 49  SUCC..NVLD...CRI
    5C80: 54 0A 04 08 4E 43 52 54 0A 06 14 44 50 47 53 43  T...NCRT...DPGSC
    5C90: 49 08 14 48 1E 47 42 44 41 08 A0 1A 93 47 45 53  I..H.GBDA....GES
    5CA0: 46 00 70 0B 79 06 50 41 52 4D 70 00 47 45 53 46  F.p.y.PARMp.GESF
    5CB0: A4 53 55 43 43 A0 1A 93 47 45 53 46 01 70 0B 40  .SUCC...GESF.p.@
    5CC0: 02 50 41 52 4D 70 00 47 45 53 46 A4 53 55 43 43  .PARMp.GESF.SUCC
    5CD0: A0 47 04 93 47 45 53 46 0A 04 7B 50 41 52 4D 0C  .G..GESF..{PARM.
    5CE0: 00 00 FF EF 50 41 52 4D 7B 50 41 52 4D 79 83 88  ....PARM{PARMy..
    5CF0: 44 42 54 42 49 42 54 54 00 0A 10 00 50 41 52 4D  DBTBIBTT....PARM
    5D00: 7D 49 42 54 54 50 41 52 4D 50 41 52 4D 70 00 47  }IBTTPARMPARMp.G
    5D10: 45 53 46 A4 53 55 43 43 A0 4A 06 93 47 45 53 46  ESF.SUCC.J..GESF
    5D20: 0A 05 70 49 50 53 43 50 41 52 4D 7D 50 41 52 4D  ..pIPSCPARM}PARM
    5D30: 79 49 50 41 54 0A 08 00 50 41 52 4D 72 50 41 52  yIPAT...PARMrPAR
    5D40: 4D 0B 00 01 50 41 52 4D 7D 50 41 52 4D 79 4C 49  M...PARM}PARMyLI
    5D50: 44 53 0A 10 00 50 41 52 4D 72 50 41 52 4D 0C 00  DS...PARMrPARM..
    5D60: 00 01 00 50 41 52 4D 7D 50 41 52 4D 79 49 42 49  ...PARM}PARMyIBI
    5D70: 41 0A 14 00 50 41 52 4D 70 00 47 45 53 46 A4 53  A...PARMp.GESF.S
    5D80: 55 43 43 A0 2D 93 47 45 53 46 0A 06 70 49 54 56  UCC.-.GESF..pITV
    5D90: 46 50 41 52 4D 7D 50 41 52 4D 79 49 54 56 4D 0A  FPARM}PARMyITVM.
    5DA0: 04 00 50 41 52 4D 70 00 47 45 53 46 A4 53 55 43  ..PARMp.GESF.SUC
    5DB0: 43 A0 43 07 93 47 45 53 46 0A 07 70 47 49 56 44  C.C..GESF..pGIVD
    5DC0: 50 41 52 4D 7F 50 41 52 4D 01 50 41 52 4D 7D 50  PARM.PARM.PARM}P
    5DD0: 41 52 4D 79 47 4D 46 4E 01 00 50 41 52 4D 7D 50  ARMyGMFN..PARM}P
    5DE0: 41 52 4D 0B 00 18 50 41 52 4D 7D 50 41 52 4D 79  ARM...PARM}PARMy
    5DF0: 49 44 4D 53 0A 11 00 50 41 52 4D 7D 79 83 88 83  IDMS...PARM}y...
    5E00: 88 43 44 43 54 48 56 43 4F 00 43 44 56 4C 00 0A  .CDCTHVCO.CDVL..
    5E10: 15 00 50 41 52 4D 50 41 52 4D 70 01 47 45 53 46  ..PARMPARMp.GESF
    5E20: A4 53 55 43 43 A0 2A 93 47 45 53 46 0A 0A 70 00  .SUCC.*.GESF..p.
    5E30: 50 41 52 4D A0 10 49 53 53 43 7D 50 41 52 4D 0A  PARM..ISSC}PARM.
    5E40: 03 50 41 52 4D 70 00 47 45 53 46 A4 53 55 43 43  .PARMp.GESF.SUCC
    5E50: A0 1F 93 47 45 53 46 0A 0B 70 4B 53 56 30 50 41  ...GESF..pKSV0PA
    5E60: 52 4D 70 4B 53 56 31 47 45 53 46 A4 53 55 43 43  RMpKSV1GESF.SUCC
    5E70: 70 00 47 45 53 46 A4 43 52 49 54 14 45 2D 53 42  p.GESF.CRIT.E-SB
    5E80: 43 42 08 A0 22 93 47 45 53 46 00 70 00 50 41 52  CB..".GESF.p.PAR
    5E90: 4D 70 0C FD 87 0F 00 50 41 52 4D 70 00 47 45 53  Mp.....PARMp.GES
    5EA0: 46 A4 53 55 43 43 A0 18 93 47 45 53 46 01 70 00  F.SUCC...GESF.p.
    5EB0: 47 45 53 46 70 00 50 41 52 4D A4 53 55 43 43 A0  GESFp.PARM.SUCC.
    5EC0: 19 93 47 45 53 46 0A 03 70 00 47 45 53 46 70 00  ..GESF..p.GESFp.
    5ED0: 50 41 52 4D A4 53 55 43 43 A0 19 93 47 45 53 46  PARM.SUCC...GESF
    5EE0: 0A 04 70 00 47 45 53 46 70 00 50 41 52 4D A4 53  ..p.GESFp.PARM.S
    5EF0: 55 43 43 A0 19 93 47 45 53 46 0A 05 70 00 47 45  UCC...GESF..p.GE
    5F00: 53 46 70 00 50 41 52 4D A4 53 55 43 43 A0 37 93  SFp.PARM.SUCC.7.
    5F10: 47 45 53 46 0A 06 70 7B 50 41 52 4D 0A 0F 00 49  GESF..p{PARM...I
    5F20: 54 56 46 70 7A 7B 50 41 52 4D 0A F0 00 0A 04 00  TVFpz{PARM......
    5F30: 49 54 56 4D 70 00 47 45 53 46 70 00 50 41 52 4D  ITVMp.GESFp.PARM
    5F40: A4 53 55 43 43 A0 45 04 93 47 45 53 46 0A 07 A0  .SUCC.E..GESF...
    5F50: 2A 93 50 41 52 4D 00 70 43 4C 49 44 60 A0 1C 7B  *.PARM.pCLID`..{
    5F60: 0C 00 00 00 80 60 00 7B 43 4C 49 44 0A 0F 43 4C  .....`.{CLID..CL
    5F70: 49 44 47 4C 49 44 43 4C 49 44 70 00 47 45 53 46  IDGLIDCLIDp.GESF
    5F80: 70 00 50 41 52 4D A4 53 55 43 43 A0 19 93 47 45  p.PARM.SUCC...GE
    5F90: 53 46 0A 08 70 00 47 45 53 46 70 00 50 41 52 4D  SF..p.GESFp.PARM
    5FA0: A4 53 55 43 43 A0 24 93 47 45 53 46 0A 09 7B 50  .SUCC.$.GESF..{P
    5FB0: 41 52 4D 0A FF 49 42 54 54 70 00 47 45 53 46 70  ARM..IBTTp.GESFp
    5FC0: 00 50 41 52 4D A4 53 55 43 43 A0 46 05 93 47 45  .PARM.SUCC.F..GE
    5FD0: 53 46 0A 0A 7B 50 41 52 4D 0A FF 49 50 53 43 A0  SF..{PARM..IPSC.
    5FE0: 21 7B 7A 50 41 52 4D 0A 08 00 0A FF 00 7B 7A 50  !{zPARM......{zP
    5FF0: 41 52 4D 0A 08 00 0A FF 49 50 41 54 76 49 50 41  ARM.....IPATvIPA
    6000: 54 7B 7A 50 41 52 4D 0A 14 00 0A 07 49 42 49 41  T{zPARM.....IBIA
    6010: 70 00 47 45 53 46 70 00 50 41 52 4D A4 53 55 43  p.GESFp.PARM.SUC
    6020: 43 A0 44 05 93 47 45 53 46 0A 0B 7B 7A 50 41 52  C.D..GESF..{zPAR
    6030: 4D 01 00 01 49 46 31 45 A0 1B 7B 50 41 52 4D 0C  M...IF1E..{PARM.
    6040: 00 E0 01 00 00 7B 7A 50 41 52 4D 0A 0D 00 0A 0F  .....{zPARM.....
    6050: 49 44 4D 53 A1 10 7B 7A 50 41 52 4D 0A 11 00 0A  IDMS..{zPARM....
    6060: 0F 49 44 4D 53 70 00 47 45 53 46 70 00 50 41 52  .IDMSp.GESFp.PAR
    6070: 4D A4 53 55 43 43 A0 19 93 47 45 53 46 0A 10 70  M.SUCC...GESF..p
    6080: 00 47 45 53 46 70 00 50 41 52 4D A4 53 55 43 43  .GESFp.PARM.SUCC
    6090: A0 2C 93 47 45 53 46 0A 11 70 79 4C 49 44 53 0A  .,.GESF..pyLIDS.
    60A0: 08 00 50 41 52 4D 72 50 41 52 4D 0B 00 01 50 41  ..PARMrPARM...PA
    60B0: 52 4D 70 00 47 45 53 46 A4 53 55 43 43 A0 49 04  RMp.GESF.SUCC.I.
    60C0: 93 47 45 53 46 0A 12 A0 26 7B 50 41 52 4D 01 00  .GESF...&{PARM..
    60D0: A0 10 93 7A 50 41 52 4D 01 00 01 70 01 49 53 53  ...zPARM...p.ISS
    60E0: 43 A1 0C 70 00 47 45 53 46 A4 43 52 49 54 A1 07  C..p.GESF.CRIT..
    60F0: 70 00 49 53 53 43 70 00 47 45 53 46 70 00 50 41  p.ISSCp.GESFp.PA
    6100: 52 4D A4 53 55 43 43 A0 19 93 47 45 53 46 0A 13  RM.SUCC...GESF..
    6110: 70 00 47 45 53 46 70 00 50 41 52 4D A4 53 55 43  p.GESFp.PARM.SUC
    6120: 43 A0 24 93 47 45 53 46 0A 14 7B 50 41 52 4D 0A  C.$.GESF..{PARM.
    6130: 0F 50 41 56 50 70 00 47 45 53 46 70 00 50 41 52  .PAVPp.GESFp.PAR
    6140: 4D A4 53 55 43 43 70 00 47 45 53 46 A4 53 55 43  M.SUCCp.GESF.SUC
    6150: 43 A0 11 93 47 45 46 43 0A 04 70 47 42 44 41 47  C...GEFC..pGBDAG
    6160: 58 46 43 A0 11 93 47 45 46 43 0A 06 70 53 42 43  XFC...GEFC..pSBC
    6170: 42 47 58 46 43 70 00 47 45 46 43 70 01 53 43 49  BGXFCp.GEFCp.SCI
    6180: 53 70 00 47 53 53 45 70 00 53 43 49 45 A4 00 14  Sp.GSSEp.SCIE...
    6190: 19 50 44 52 44 00 A0 0C 92 44 52 44 59 5B 22 41  .PDRD....DRDY["A
    61A0: 53 4C 50 A4 92 44 52 44 59 14 1D 50 53 54 53 00  SLP..DRDY..PSTS.
    61B0: A0 0E 94 43 53 54 53 0A 02 5B 22 41 53 4C 50 A4  ...CSTS..["ASLP.
    61C0: 93 43 53 54 53 0A 03 14 42 06 47 4E 4F 54 02 A0  .CSTS...B.GNOT..
    61D0: 07 50 44 52 44 A4 01 70 68 43 45 56 54 70 0A 03  .PDRD..phCEVTp..
    61E0: 43 53 54 53 A0 2C 90 93 43 48 50 44 00 93 69 00  CSTS.,..CHPD..i.
    61F0: A0 18 91 94 4F 53 59 53 0B D0 07 95 4F 53 59 53  ....OSYS....OSYS
    6200: 0B D6 07 86 50 43 49 30 69 A1 07 86 47 46 58 30  ....PCI0i...GFX0
    6210: 69 A0 0D 5B 12 48 4E 4F 54 00 48 4E 4F 54 68 A1  i..[.HNOT.HNOTh.
    6220: 08 86 47 46 58 30 0A 80 A4 00 14 13 47 48 44 53  ..GFX0......GHDS
    6230: 01 70 68 54 49 44 58 A4 47 4E 4F 54 01 00 14 22  .phTIDX.GNOT..."
    6240: 47 4C 49 44 01 A0 0B 93 68 01 70 0A 03 43 4C 49  GLID....h.p..CLI
    6250: 44 A1 07 70 68 43 4C 49 44 A4 47 4E 4F 54 0A 02  D..phCLID.GNOT..
    6260: 00 14 14 47 44 43 4B 01 70 68 43 44 43 4B A4 47  ...GDCK.phCDCK.G
    6270: 4E 4F 54 0A 04 00 14 19 50 41 52 44 00 A0 0C 92  NOT.....PARD....
    6280: 41 52 44 59 5B 22 41 53 4C 50 A4 92 41 52 44 59  ARDY["ASLP..ARDY
    6290: 14 4A 12 41 49 4E 54 0A A0 0E 92 7B 54 43 48 45  .J.AINT....{TCHE
    62A0: 79 01 68 00 00 A4 01 A0 07 50 41 52 44 A4 01 A0  y.h......PARD...
    62B0: 40 0C 93 68 0A 02 A0 47 09 43 50 46 4D 7B 43 50  @..h...G.CPFM{CP
    62C0: 46 4D 0A 0F 60 7B 45 50 46 4D 0A 0F 61 A0 2A 93  FM..`{EPFM..a.*.
    62D0: 60 01 A0 0D 7B 61 0A 06 00 70 0A 06 50 46 49 54  `...{a...p..PFIT
    62E0: A1 17 A0 0D 7B 61 0A 08 00 70 0A 08 50 46 49 54  ....{a...p..PFIT
    62F0: A1 07 70 01 50 46 49 54 A0 2A 93 60 0A 06 A0 0D  ..p.PFIT.*.`....
    6300: 7B 61 0A 08 00 70 0A 08 50 46 49 54 A1 16 A0 0B  {a...p..PFIT....
    6310: 7B 61 01 00 70 01 50 46 49 54 A1 08 70 0A 06 50  {a..p.PFIT..p..P
    6320: 46 49 54 A0 2A 93 60 0A 08 A0 0B 7B 61 01 00 70  FIT.*.`....{a..p
    6330: 01 50 46 49 54 A1 18 A0 0D 7B 61 0A 06 00 70 0A  .PFIT....{a...p.
    6340: 06 50 46 49 54 A1 08 70 0A 08 50 46 49 54 A1 0C  .PFIT..p..PFIT..
    6350: 7F 50 46 49 54 0A 07 50 46 49 54 7D 50 46 49 54  .PFIT..PFIT}PFIT
    6360: 0C 00 00 00 80 50 46 49 54 70 0A 04 41 53 4C 43  .....PFITp..ASLC
    6370: A1 42 04 A0 28 93 68 01 70 78 77 69 0A FF 00 0A  .B..(.h.pxwi....
    6380: 64 00 00 42 43 4C 50 7D 42 43 4C 50 0C 00 00 00  d..BCLP}BCLP....
    6390: 80 42 43 4C 50 70 0A 02 41 53 4C 43 A1 16 A0 10  .BCLPp..ASLC....
    63A0: 93 68 00 70 69 41 4C 53 49 70 01 41 53 4C 43 A1  .h.piALSIp.ASLC.
    63B0: 03 A4 01 70 01 41 53 4C 45 A4 00 14 17 53 43 49  ...p.ASLE....SCI
    63C0: 50 00 A0 0E 92 93 4F 56 45 52 00 A4 92 47 53 4D  P.....OVER...GSM
    63D0: 49 A4 00 10 4E 06 5F 50 52 5F 5B 83 0B 43 50 55  I...N._PR_[..CPU
    63E0: 30 01 10 04 00 00 06 5B 83 0B 43 50 55 31 02 10  0......[..CPU1..
    63F0: 04 00 00 06 5B 83 0B 43 50 55 32 03 10 04 00 00  ....[..CPU2.....
    6400: 06 5B 83 0B 43 50 55 33 04 10 04 00 00 06 5B 83  .[..CPU3......[.
    6410: 0B 43 50 55 34 05 10 04 00 00 06 5B 83 0B 43 50  .CPU4......[..CP
    6420: 55 35 06 10 04 00 00 06 5B 83 0B 43 50 55 36 07  U5......[..CPU6.
    6430: 10 04 00 00 06 5B 83 0B 43 50 55 37 08 10 04 00  .....[..CPU7....
    6440: 00 06 5B 01 4D 55 54 58 00 5B 80 44 45 42 30 01  ..[.MUTX.[.DEB0.
    6450: 0A 80 01 5B 81 0B 44 45 42 30 01 44 42 47 38 08  ...[..DEB0.DBG8.
    6460: 5B 80 44 45 42 31 01 0A 90 0A 02 5B 81 0B 44 45  [.DEB1.....[..DE
    6470: 42 31 02 44 42 47 39 10 5B 80 50 52 54 30 01 0A  B1.DBG9.[.PRT0..
    6480: 80 0A 04 5B 81 0B 50 52 54 30 13 50 38 30 48 20  ...[..PRT0.P80H 
    6490: 14 4E 07 50 38 58 48 0A A0 17 93 68 00 70 7D 7B  .N.P8XH....h.p}{
    64A0: 50 38 30 44 0C 00 FF FF FF 00 69 00 50 38 30 44  P80D......i.P80D
    64B0: A0 1B 93 68 01 70 7D 7B 50 38 30 44 0C FF 00 FF  ...h.p}{P80D....
    64C0: FF 00 79 69 0A 08 00 00 50 38 30 44 A0 1C 93 68  ..yi....P80D...h
    64D0: 0A 02 70 7D 7B 50 38 30 44 0C FF FF 00 FF 00 79  ..p}{P80D......y
    64E0: 69 0A 10 00 00 50 38 30 44 A0 1C 93 68 0A 03 70  i....P80D...h..p
    64F0: 7D 7B 50 38 30 44 0C FF FF FF 00 00 79 69 0A 18  }{P80D......yi..
    6500: 00 00 50 38 30 44 70 50 38 30 44 50 38 30 48 5B  ..P80DpP80DP80H[
    6510: 80 53 50 52 54 01 0A B2 0A 02 5B 81 0B 53 50 52  .SPRT.....[..SPR
    6520: 54 11 53 53 4D 50 08 14 12 5F 50 49 43 01 70 68  T.SSMP..._PIC.ph
    6530: 47 50 49 43 70 68 50 49 43 4D 14 46 05 5F 50 54  GPICphPICM.F._PT
    6540: 53 01 70 00 50 38 30 44 50 38 58 48 00 68 50 54  S.p.P80DP8XH.hPT
    6550: 53 5F 68 A0 1C 93 68 0A 03 A0 16 90 44 54 53 45  S_h...h.....DTSE
    6560: 94 54 43 4E 54 01 54 52 41 50 54 52 54 44 0A 1E  .TCNT.TRAPTRTD..
    6570: A0 20 91 91 93 68 0A 03 93 68 0A 04 93 68 0A 05  . ...h...h...h..
    6580: A0 10 93 50 46 4C 56 46 44 54 50 70 01 47 50 32  ...PFLVFDTPp.GP2
    6590: 37 14 4C 41 5F 57 41 4B 09 50 38 58 48 01 0A AB  7.LA_WAK.P8XH...
    65A0: 57 41 4B 5F 68 A0 37 4E 45 58 50 A0 18 7B 4F 53  WAK_h.7NEXP..{OS
    65B0: 43 43 0A 02 00 5C 2F 03 5F 53 42 5F 50 43 49 30  CC...\/._SB_PCI0
    65C0: 4E 48 50 47 A0 18 7B 4F 53 43 43 0A 04 00 5C 2F  NHPG..{OSCC...\/
    65D0: 03 5F 53 42 5F 50 43 49 30 4E 50 4D 45 A0 0D 93  ._SB_PCI0NPME...
    65E0: 68 0A 03 A0 07 93 00 41 43 54 54 A0 4F 38 91 93  h......ACTT.O8..
    65F0: 68 0A 03 93 68 0A 04 A0 16 90 44 54 53 45 94 54  h...h.....DTSE.T
    6600: 43 4E 54 01 54 52 41 50 54 52 54 44 0A 14 A0 4B  CNT.TRAPTRTD...K
    6610: 0B 93 4F 53 59 53 0B D2 07 A0 40 0B 7B 43 46 47  ..OSYS....@.{CFG
    6620: 44 01 00 A0 4B 05 94 5C 2F 03 5F 50 52 5F 43 50  D...K..\/._PR_CP
    6630: 55 30 5F 50 50 43 00 74 5C 2F 03 5F 50 52 5F 43  U0_PPC.t\/._PR_C
    6640: 50 55 30 5F 50 50 43 01 5C 2F 03 5F 50 52 5F 43  PU0_PPC.\/._PR_C
    6650: 50 55 30 5F 50 50 43 50 4E 4F 54 72 5C 2F 03 5F  PU0_PPCPNOTr\/._
    6660: 50 52 5F 43 50 55 30 5F 50 50 43 01 5C 2F 03 5F  PR_CPU0_PPC.\/._
    6670: 50 52 5F 43 50 55 30 5F 50 50 43 50 4E 4F 54 A1  PR_CPU0_PPCPNOT.
    6680: 4A 04 72 5C 2F 03 5F 50 52 5F 43 50 55 30 5F 50  J.r\/._PR_CPU0_P
    6690: 50 43 01 5C 2F 03 5F 50 52 5F 43 50 55 30 5F 50  PC.\/._PR_CPU0_P
    66A0: 50 43 50 4E 4F 54 74 5C 2F 03 5F 50 52 5F 43 50  PCPNOTt\/._PR_CP
    66B0: 55 30 5F 50 50 43 01 5C 2F 03 5F 50 52 5F 43 50  U0_PPC.\/._PR_CP
    66C0: 55 30 5F 50 50 43 50 4E 4F 54 A0 48 1D 93 45 43  U0_PPCPNOT.H..EC
    66D0: 4F 4E 01 A0 45 09 92 93 4C 49 44 53 5C 2F 05 5F  ON..E...LIDS\/._
    66E0: 53 42 5F 50 43 49 30 4C 50 43 42 48 5F 45 43 4C  SB_PCI0LPCBH_ECL
    66F0: 53 54 45 70 5C 2F 05 5F 53 42 5F 50 43 49 30 4C  STEp\/._SB_PCI0L
    6700: 50 43 42 48 5F 45 43 4C 53 54 45 4C 49 44 53 A0  PCBH_ECLSTELIDS.
    6710: 4C 04 49 47 44 53 A0 45 04 5C 2F 04 5F 53 42 5F  L.IGDS.E.\/._SB_
    6720: 50 43 49 30 47 46 58 30 47 4C 49 44 4C 49 44 53  PCI0GFX0GLIDLIDS
    6730: 7D 0C 00 00 00 80 5C 2F 04 5F 53 42 5F 50 43 49  }.....\/._SB_PCI
    6740: 30 47 46 58 30 43 4C 49 44 5C 2F 04 5F 53 42 5F  0GFX0CLID\/._SB_
    6750: 50 43 49 30 47 46 58 30 43 4C 49 44 86 5C 2E 5F  PCI0GFX0CLID.\._
    6760: 53 42 5F 4C 49 44 30 0A 80 A0 4F 0A 92 93 5C 2F  SB_LID0...O...\/
    6770: 05 5F 53 42 5F 50 43 49 30 4C 50 43 42 48 5F 45  ._SB_PCI0LPCBH_E
    6780: 43 44 4F 43 4B 44 53 54 53 70 5C 2F 05 5F 53 42  CDOCKDSTSp\/._SB
    6790: 5F 50 43 49 30 4C 50 43 42 48 5F 45 43 44 4F 43  _PCI0LPCBH_ECDOC
    67A0: 4B 44 53 54 53 A0 2E 90 5C 2F 04 5F 53 42 5F 50  KDSTS...\/._SB_P
    67B0: 43 49 30 48 44 45 46 44 43 4B 53 01 70 44 53 54  CI0HDEFDCKS.pDST
    67C0: 53 5C 2F 04 5F 53 42 5F 50 43 49 30 48 44 45 46  S\/._SB_PCI0HDEF
    67D0: 44 43 4B 41 A0 31 93 44 53 54 53 01 A0 18 93 68  DCKA.1.DSTS....h
    67E0: 0A 03 5B 22 0B E8 03 70 50 44 42 52 53 53 4D 50  ..["...pPDBRSSMP
    67F0: 5B 22 0B E8 03 86 5C 2F 03 5F 53 42 5F 50 43 49  ["....\/._SB_PCI
    6800: 30 44 4F 43 4B 00 A1 12 86 5C 2F 03 5F 53 42 5F  0DOCK....\/._SB_
    6810: 50 43 49 30 44 4F 43 4B 01 A0 47 04 93 42 4E 55  PCI0DOCK..G..BNU
    6820: 4D 00 A0 3E 92 93 5C 2F 05 5F 53 42 5F 50 43 49  M..>..\/._SB_PCI
    6830: 30 4C 50 43 42 48 5F 45 43 56 50 57 52 50 57 52  0LPCBH_ECVPWRPWR
    6840: 53 70 5C 2F 05 5F 53 42 5F 50 43 49 30 4C 50 43  Sp\/._SB_PCI0LPC
    6850: 42 48 5F 45 43 56 50 57 52 50 57 52 53 50 4E 4F  BH_ECVPWRPWRSPNO
    6860: 54 A1 41 04 A0 3E 92 93 5C 2F 05 5F 53 42 5F 50  T.A..>..\/._SB_P
    6870: 43 49 30 4C 50 43 42 48 5F 45 43 52 50 57 52 50  CI0LPCBH_ECRPWRP
    6880: 57 52 53 70 5C 2F 05 5F 53 42 5F 50 43 49 30 4C  WRSp\/._SB_PCI0L
    6890: 50 43 42 48 5F 45 43 52 50 57 52 50 57 52 53 50  PCBH_ECRPWRPWRSP
    68A0: 4E 4F 54 A0 18 93 52 50 31 44 00 86 5C 2F 03 5F  NOT...RP1D..\/._
    68B0: 53 42 5F 50 43 49 30 52 50 30 31 00 A0 18 93 52  SB_PCI0RP01....R
    68C0: 50 32 44 00 86 5C 2F 03 5F 53 42 5F 50 43 49 30  P2D..\/._SB_PCI0
    68D0: 52 50 30 32 00 A0 18 93 52 50 33 44 00 86 5C 2F  RP02....RP3D..\/
    68E0: 03 5F 53 42 5F 50 43 49 30 52 50 30 33 00 A0 18  ._SB_PCI0RP03...
    68F0: 93 52 50 34 44 00 86 5C 2F 03 5F 53 42 5F 50 43  .RP4D..\/._SB_PC
    6900: 49 30 52 50 30 34 00 A0 18 93 52 50 35 44 00 86  I0RP04....RP5D..
    6910: 5C 2F 03 5F 53 42 5F 50 43 49 30 52 50 30 35 00  \/._SB_PCI0RP05.
    6920: A0 18 93 52 50 36 44 00 86 5C 2F 03 5F 53 42 5F  ...RP6D..\/._SB_
    6930: 50 43 49 30 52 50 30 36 00 A0 20 93 52 50 37 44  PCI0RP06.. .RP7D
    6940: 00 A0 18 93 44 53 54 53 00 86 5C 2F 03 5F 53 42  ....DSTS..\/._SB
    6950: 5F 50 43 49 30 52 50 30 37 00 A0 20 93 52 50 38  _PCI0RP07.. .RP8
    6960: 44 00 A0 18 93 44 53 54 53 00 86 5C 2F 03 5F 53  D....DSTS..\/._S
    6970: 42 5F 50 43 49 30 52 50 30 38 00 A0 2C 91 93 68  B_PCI0RP08..,..h
    6980: 0A 03 93 68 0A 04 5C 2F 04 5F 53 42 5F 50 43 49  ...h..\/._SB_PCI
    6990: 30 58 48 43 5F 58 57 41 4B 5C 2F 03 5F 50 52 5F  0XHC_XWAK\/._PR_
    69A0: 43 50 55 30 43 54 4C 44 A4 12 04 02 00 00 14 1E  CPU0CTLD........
    69B0: 47 45 54 42 0B 77 68 0A 08 60 77 69 0A 08 61 5B  GETB.wh..`wi..a[
    69C0: 13 6A 60 61 54 42 46 33 A4 54 42 46 33 14 40 1C  .j`aTBF3.TBF3.@.
    69D0: 50 4E 4F 54 08 A0 48 19 94 54 43 4E 54 01 A0 31  PNOT..H..TCNT..1
    69E0: 7B 50 44 43 30 0A 08 00 86 5C 2E 5F 50 52 5F 43  {PDC0....\._PR_C
    69F0: 50 55 30 0A 80 A0 1A 7B 50 44 43 30 0A 10 00 5B  PU0....{PDC0...[
    6A00: 22 0A 64 86 5C 2E 5F 50 52 5F 43 50 55 30 0A 81  ".d.\._PR_CPU0..
    6A10: A0 31 7B 50 44 43 31 0A 08 00 86 5C 2E 5F 50 52  .1{PDC1....\._PR
    6A20: 5F 43 50 55 31 0A 80 A0 1A 7B 50 44 43 31 0A 10  _CPU1....{PDC1..
    6A30: 00 5B 22 0A 64 86 5C 2E 5F 50 52 5F 43 50 55 31  .[".d.\._PR_CPU1
    6A40: 0A 81 A0 31 7B 50 44 43 32 0A 08 00 86 5C 2E 5F  ...1{PDC2....\._
    6A50: 50 52 5F 43 50 55 32 0A 80 A0 1A 7B 50 44 43 32  PR_CPU2....{PDC2
    6A60: 0A 10 00 5B 22 0A 64 86 5C 2E 5F 50 52 5F 43 50  ...[".d.\._PR_CP
    6A70: 55 32 0A 81 A0 31 7B 50 44 43 33 0A 08 00 86 5C  U2...1{PDC3....\
    6A80: 2E 5F 50 52 5F 43 50 55 33 0A 80 A0 1A 7B 50 44  ._PR_CPU3....{PD
    6A90: 43 33 0A 10 00 5B 22 0A 64 86 5C 2E 5F 50 52 5F  C3...[".d.\._PR_
    6AA0: 43 50 55 33 0A 81 A0 31 7B 50 44 43 34 0A 08 00  CPU3...1{PDC4...
    6AB0: 86 5C 2E 5F 50 52 5F 43 50 55 34 0A 80 A0 1A 7B  .\._PR_CPU4....{
    6AC0: 50 44 43 34 0A 10 00 5B 22 0A 64 86 5C 2E 5F 50  PDC4...[".d.\._P
    6AD0: 52 5F 43 50 55 34 0A 81 A0 31 7B 50 44 43 35 0A  R_CPU4...1{PDC5.
    6AE0: 08 00 86 5C 2E 5F 50 52 5F 43 50 55 35 0A 80 A0  ...\._PR_CPU5...
    6AF0: 1A 7B 50 44 43 35 0A 10 00 5B 22 0A 64 86 5C 2E  .{PDC5...[".d.\.
    6B00: 5F 50 52 5F 43 50 55 35 0A 81 A0 31 7B 50 44 43  _PR_CPU5...1{PDC
    6B10: 36 0A 08 00 86 5C 2E 5F 50 52 5F 43 50 55 36 0A  6....\._PR_CPU6.
    6B20: 80 A0 1A 7B 50 44 43 36 0A 10 00 5B 22 0A 64 86  ...{PDC6...[".d.
    6B30: 5C 2E 5F 50 52 5F 43 50 55 36 0A 81 A0 31 7B 50  \._PR_CPU6...1{P
    6B40: 44 43 37 0A 08 00 86 5C 2E 5F 50 52 5F 43 50 55  DC7....\._PR_CPU
    6B50: 37 0A 80 A0 1A 7B 50 44 43 37 0A 10 00 5B 22 0A  7....{PDC7...[".
    6B60: 64 86 5C 2E 5F 50 52 5F 43 50 55 37 0A 81 A1 1F  d.\._PR_CPU7....
    6B70: 86 5C 2E 5F 50 52 5F 43 50 55 30 0A 80 5B 22 0A  .\._PR_CPU0..[".
    6B80: 64 86 5C 2E 5F 50 52 5F 43 50 55 30 0A 81 14 47  d.\._PR_CPU0...G
    6B90: 04 54 52 41 50 0A 70 69 53 4D 49 46 A0 0D 93 68  .TRAP.piSMIF...h
    6BA0: 54 52 54 50 70 00 54 52 50 30 A0 18 93 68 54 52  TRTPp.TRP0...hTR
    6BB0: 54 44 70 69 44 54 53 46 70 00 54 52 50 44 A4 44  TDpiDTSFp.TRPD.D
    6BC0: 54 53 46 A0 0D 93 68 54 52 54 49 70 00 54 52 50  TSF...hTRTIp.TRP
    6BD0: 48 A4 53 4D 49 46 10 43 22 2E 5F 53 42 5F 50 43  H.SMIF.C"._SB_PC
    6BE0: 49 30 14 47 0E 5F 49 4E 49 00 70 0B D0 07 4F 53  I0.G._INI.p...OS
    6BF0: 59 53 A0 47 0D 5B 12 5F 4F 53 49 60 A0 1B 5F 4F  YS.G.[._OSI`.._O
    6C00: 53 49 0D 57 69 6E 64 6F 77 73 20 32 30 30 31 00  SI.Windows 2001.
    6C10: 70 0B D1 07 4F 53 59 53 A0 1F 5F 4F 53 49 0D 57  p...OSYS.._OSI.W
    6C20: 69 6E 64 6F 77 73 20 32 30 30 31 20 53 50 31 00  indows 2001 SP1.
    6C30: 70 0B D1 07 4F 53 59 53 A0 1F 5F 4F 53 49 0D 57  p...OSYS.._OSI.W
    6C40: 69 6E 64 6F 77 73 20 32 30 30 31 20 53 50 32 00  indows 2001 SP2.
    6C50: 70 0B D2 07 4F 53 59 53 A0 1D 5F 4F 53 49 0D 57  p...OSYS.._OSI.W
    6C60: 69 6E 64 6F 77 73 20 32 30 30 31 2E 31 00 70 0B  indows 2001.1.p.
    6C70: D3 07 4F 53 59 53 A0 1B 5F 4F 53 49 0D 57 69 6E  ..OSYS.._OSI.Win
    6C80: 64 6F 77 73 20 32 30 30 36 00 70 0B D6 07 4F 53  dows 2006.p...OS
    6C90: 59 53 A0 1B 5F 4F 53 49 0D 57 69 6E 64 6F 77 73  YS.._OSI.Windows
    6CA0: 20 32 30 30 39 00 70 0B D9 07 4F 53 59 53 A0 1B   2009.p...OSYS..
    6CB0: 5F 4F 53 49 0D 57 69 6E 64 6F 77 73 20 32 30 31  _OSI.Windows 201
    6CC0: 32 00 70 0B DC 07 4F 53 59 53 14 47 06 4E 48 50  2.p...OSYS.G.NHP
    6CD0: 47 08 70 00 5E 2E 52 50 30 31 48 50 45 58 70 00  G.p.^.RP01HPEXp.
    6CE0: 5E 2E 52 50 30 32 48 50 45 58 70 00 5E 2E 52 50  ^.RP02HPEXp.^.RP
    6CF0: 30 33 48 50 45 58 70 00 5E 2E 52 50 30 34 48 50  03HPEXp.^.RP04HP
    6D00: 45 58 70 01 5E 2E 52 50 30 31 48 50 53 58 70 01  EXp.^.RP01HPSXp.
    6D10: 5E 2E 52 50 30 32 48 50 53 58 70 01 5E 2E 52 50  ^.RP02HPSXp.^.RP
    6D20: 30 33 48 50 53 58 70 01 5E 2E 52 50 30 34 48 50  03HPSXp.^.RP04HP
    6D30: 53 58 14 47 0C 4E 50 4D 45 08 70 00 5E 2E 52 50  SX.G.NPME.p.^.RP
    6D40: 30 31 50 4D 45 58 70 00 5E 2E 52 50 30 32 50 4D  01PMEXp.^.RP02PM
    6D50: 45 58 70 00 5E 2E 52 50 30 33 50 4D 45 58 70 00  EXp.^.RP03PMEXp.
    6D60: 5E 2E 52 50 30 34 50 4D 45 58 70 00 5E 2E 52 50  ^.RP04PMEXp.^.RP
    6D70: 30 35 50 4D 45 58 70 00 5E 2E 52 50 30 36 50 4D  05PMEXp.^.RP06PM
    6D80: 45 58 70 00 5E 2E 52 50 30 37 50 4D 45 58 70 00  EXp.^.RP07PMEXp.
    6D90: 5E 2E 52 50 30 38 50 4D 45 58 70 01 5E 2E 52 50  ^.RP08PMEXp.^.RP
    6DA0: 30 31 50 4D 53 58 70 01 5E 2E 52 50 30 32 50 4D  01PMSXp.^.RP02PM
    6DB0: 53 58 70 01 5E 2E 52 50 30 33 50 4D 53 58 70 01  SXp.^.RP03PMSXp.
    6DC0: 5E 2E 52 50 30 34 50 4D 53 58 70 01 5E 2E 52 50  ^.RP04PMSXp.^.RP
    6DD0: 30 35 50 4D 53 58 70 01 5E 2E 52 50 30 36 50 4D  05PMSXp.^.RP06PM
    6DE0: 53 58 70 01 5E 2E 52 50 30 37 50 4D 53 58 70 01  SXp.^.RP07PMSXp.
    6DF0: 5E 2E 52 50 30 38 50 4D 53 58 10 4A 06 5C 00 08  ^.RP08PMSX.J.\..
    6E00: 50 49 43 4D 00 08 50 52 57 50 12 04 02 00 00 14  PICM..PRWP......
    6E10: 45 05 47 50 52 57 02 70 68 88 50 52 57 50 00 00  E.GPRW.ph.PRWP..
    6E20: 70 79 53 53 31 5F 01 00 60 7D 60 79 53 53 32 5F  pySS1_..`}`ySS2_
    6E30: 0A 02 00 60 7D 60 79 53 53 34 5F 0A 04 00 60 A0  ...`}`ySS4_...`.
    6E40: 11 7B 79 01 69 00 60 00 70 69 88 50 52 57 50 01  .{y.i.`.pi.PRWP.
    6E50: 00 A1 0E 7A 60 01 60 81 60 88 50 52 57 50 01 00  ...z`.`.`.PRWP..
    6E60: A4 50 52 57 50 10 4B 17 2E 5F 53 42 5F 50 43 49  .PRWP.K.._SB_PCI
    6E70: 30 5B 82 4E 16 50 44 52 43 08 5F 48 49 44 0C 41  0[.N.PDRC._HID.A
    6E80: D0 0C 02 08 5F 55 49 44 01 08 42 55 46 30 11 4A  ...._UID..BUF0.J
    6E90: 08 0A 86 86 09 00 01 00 00 00 00 00 40 00 00 86  ............@...
    6EA0: 09 00 01 00 00 00 00 00 80 00 00 86 09 00 01 00  ................
    6EB0: 00 00 00 00 10 00 00 86 09 00 01 00 00 00 00 00  ................
    6EC0: 10 00 00 86 09 00 01 00 00 00 00 00 00 00 00 86  ................
    6ED0: 09 00 01 00 00 D2 FE 00 00 02 00 86 09 00 00 00  ................
    6EE0: 00 D9 FE 00 40 00 00 86 09 00 01 00 50 D4 FE 00  ....@.......P...
    6EF0: B0 04 00 86 09 00 00 00 00 00 FF 00 00 00 01 86  ................
    6F00: 09 00 00 00 00 E0 FE 00 00 10 00 86 09 00 01 00  ................
    6F10: 00 00 00 00 10 00 00 79 00 14 47 0C 5F 43 52 53  .......y..G._CRS
    6F20: 08 8A 42 55 46 30 0A 04 52 42 52 30 79 5E 5E 2E  ..BUF0..RBR0y^^.
    6F30: 4C 50 43 42 52 43 42 41 0A 0E 52 42 52 30 8A 42  LPCBRCBA..RBR0.B
    6F40: 55 46 30 0A 7C 54 42 52 30 70 54 42 41 42 54 42  UF0.|TBR0pTBABTB
    6F50: 52 30 8A 42 55 46 30 0A 80 54 42 4C 4E A0 0D 93  R0.BUF0..TBLN...
    6F60: 54 42 41 42 00 70 00 54 42 4C 4E 8A 42 55 46 30  TBAB.p.TBLN.BUF0
    6F70: 0A 10 4D 42 52 30 79 4D 48 42 52 0A 0F 4D 42 52  ..MBR0yMHBR..MBR
    6F80: 30 8A 42 55 46 30 0A 1C 44 42 52 30 79 44 49 42  0.BUF0..DBR0yDIB
    6F90: 52 0A 0C 44 42 52 30 8A 42 55 46 30 0A 28 45 42  R..DBR0.BUF0.(EB
    6FA0: 52 30 79 45 50 42 52 0A 0C 45 42 52 30 8A 42 55  R0yEPBR..EBR0.BU
    6FB0: 46 30 0A 34 58 42 52 30 79 50 58 42 52 0A 1A 58  F0.4XBR0yPXBR..X
    6FC0: 42 52 30 8A 42 55 46 30 0A 38 58 53 5A 30 7A 0C  BR0.BUF0.8XSZ0z.
    6FD0: 00 00 00 10 50 58 53 5A 58 53 5A 30 A4 42 55 46  ....PXSZXSZ0.BUF
    6FE0: 30 14 47 12 42 52 54 4E 09 A0 23 93 7B 44 49 44  0.G.BRTN..#.{DID
    6FF0: 31 0B 00 0F 00 0B 00 04 86 5C 2F 04 5F 53 42 5F  1........\/._SB_
    7000: 50 43 49 30 47 46 58 30 44 44 30 31 68 A0 23 93  PCI0GFX0DD01h.#.
    7010: 7B 44 49 44 32 0B 00 0F 00 0B 00 04 86 5C 2F 04  {DID2........\/.
    7020: 5F 53 42 5F 50 43 49 30 47 46 58 30 44 44 30 32  _SB_PCI0GFX0DD02
    7030: 68 A0 23 93 7B 44 49 44 33 0B 00 0F 00 0B 00 04  h.#.{DID3.......
    7040: 86 5C 2F 04 5F 53 42 5F 50 43 49 30 47 46 58 30  .\/._SB_PCI0GFX0
    7050: 44 44 30 33 68 A0 23 93 7B 44 49 44 34 0B 00 0F  DD03h.#.{DID4...
    7060: 00 0B 00 04 86 5C 2F 04 5F 53 42 5F 50 43 49 30  .....\/._SB_PCI0
    7070: 47 46 58 30 44 44 30 34 68 A0 23 93 7B 44 49 44  GFX0DD04h.#.{DID
    7080: 35 0B 00 0F 00 0B 00 04 86 5C 2F 04 5F 53 42 5F  5........\/._SB_
    7090: 50 43 49 30 47 46 58 30 44 44 30 35 68 A0 23 93  PCI0GFX0DD05h.#.
    70A0: 7B 44 49 44 36 0B 00 0F 00 0B 00 04 86 5C 2F 04  {DID6........\/.
    70B0: 5F 53 42 5F 50 43 49 30 47 46 58 30 44 44 30 36  _SB_PCI0GFX0DD06
    70C0: 68 A0 23 93 7B 44 49 44 37 0B 00 0F 00 0B 00 04  h.#.{DID7.......
    70D0: 86 5C 2F 04 5F 53 42 5F 50 43 49 30 47 46 58 30  .\/._SB_PCI0GFX0
    70E0: 44 44 30 37 68 A0 23 93 7B 44 49 44 38 0B 00 0F  DD07h.#.{DID8...
    70F0: 00 0B 00 04 86 5C 2F 04 5F 53 42 5F 50 43 49 30  .....\/._SB_PCI0
    7100: 47 46 58 30 44 44 30 38 68 10 46 3C 5F 47 50 45  GFX0DD08h.F<_GPE
    7110: 14 47 19 5F 4C 30 39 00 A0 2C 93 52 50 31 44 00  .G._L09..,.RP1D.
    7120: 5C 2F 04 5F 53 42 5F 50 43 49 30 52 50 30 31 48  \/._SB_PCI0RP01H
    7130: 50 4D 45 86 5C 2F 03 5F 53 42 5F 50 43 49 30 52  PME.\/._SB_PCI0R
    7140: 50 30 31 0A 02 A0 2C 93 52 50 32 44 00 5C 2F 04  P01...,.RP2D.\/.
    7150: 5F 53 42 5F 50 43 49 30 52 50 30 32 48 50 4D 45  _SB_PCI0RP02HPME
    7160: 86 5C 2F 03 5F 53 42 5F 50 43 49 30 52 50 30 32  .\/._SB_PCI0RP02
    7170: 0A 02 A0 2C 93 52 50 33 44 00 5C 2F 04 5F 53 42  ...,.RP3D.\/._SB
    7180: 5F 50 43 49 30 52 50 30 33 48 50 4D 45 86 5C 2F  _PCI0RP03HPME.\/
    7190: 03 5F 53 42 5F 50 43 49 30 52 50 30 33 0A 02 A0  ._SB_PCI0RP03...
    71A0: 2C 93 52 50 34 44 00 5C 2F 04 5F 53 42 5F 50 43  ,.RP4D.\/._SB_PC
    71B0: 49 30 52 50 30 34 48 50 4D 45 86 5C 2F 03 5F 53  I0RP04HPME.\/._S
    71C0: 42 5F 50 43 49 30 52 50 30 34 0A 02 A0 2C 93 52  B_PCI0RP04...,.R
    71D0: 50 35 44 00 5C 2F 04 5F 53 42 5F 50 43 49 30 52  P5D.\/._SB_PCI0R
    71E0: 50 30 35 48 50 4D 45 86 5C 2F 03 5F 53 42 5F 50  P05HPME.\/._SB_P
    71F0: 43 49 30 52 50 30 35 0A 02 A0 2C 93 52 50 36 44  CI0RP05...,.RP6D
    7200: 00 5C 2F 04 5F 53 42 5F 50 43 49 30 52 50 30 36  .\/._SB_PCI0RP06
    7210: 48 50 4D 45 86 5C 2F 03 5F 53 42 5F 50 43 49 30  HPME.\/._SB_PCI0
    7220: 52 50 30 36 0A 02 A0 2C 93 52 50 37 44 00 5C 2F  RP06...,.RP7D.\/
    7230: 04 5F 53 42 5F 50 43 49 30 52 50 30 37 48 50 4D  ._SB_PCI0RP07HPM
    7240: 45 86 5C 2F 03 5F 53 42 5F 50 43 49 30 52 50 30  E.\/._SB_PCI0RP0
    7250: 37 0A 02 A0 2C 93 52 50 38 44 00 5C 2F 04 5F 53  7...,.RP8D.\/._S
    7260: 42 5F 50 43 49 30 52 50 30 38 48 50 4D 45 86 5C  B_PCI0RP08HPME.\
    7270: 2F 03 5F 53 42 5F 50 43 49 30 52 50 30 38 0A 02  /._SB_PCI0RP08..
    7280: 86 5C 2F 03 5F 53 42 5F 50 43 49 30 50 45 47 30  .\/._SB_PCI0PEG0
    7290: 0A 02 86 5C 2F 04 5F 53 42 5F 50 43 49 30 50 45  ...\/._SB_PCI0PE
    72A0: 47 30 50 45 47 50 0A 02 14 4D 08 5F 4C 30 44 00  G0PEGP...M._L0D.
    72B0: 86 5C 2F 03 5F 53 42 5F 50 43 49 30 45 48 43 31  .\/._SB_PCI0EHC1
    72C0: 0A 02 86 5C 2F 03 5F 53 42 5F 50 43 49 30 45 48  ...\/._SB_PCI0EH
    72D0: 43 32 0A 02 86 5C 2F 03 5F 53 42 5F 50 43 49 30  C2...\/._SB_PCI0
    72E0: 48 44 45 46 0A 02 86 5C 2F 03 5F 53 42 5F 50 43  HDEF...\/._SB_PC
    72F0: 49 30 58 48 43 5F 0A 02 A0 3D 90 5C 2F 04 5F 53  I0XHC_...=.\/._S
    7300: 42 5F 50 43 49 30 58 48 43 5F 50 4D 45 53 5C 2F  B_PCI0XHC_PMES\/
    7310: 04 5F 53 42 5F 50 43 49 30 58 48 43 5F 50 4D 45  ._SB_PCI0XHC_PME
    7320: 53 70 01 5C 2F 04 5F 53 42 5F 50 43 49 30 58 48  Sp.\/._SB_PCI0XH
    7330: 43 5F 50 4D 45 53 14 45 04 5F 4C 30 32 00 70 00  C_PMES.E._L02.p.
    7340: 47 50 45 43 A0 2A 5B 12 5C 2F 04 5F 53 42 5F 50  GPEC.*[.\/._SB_P
    7350: 43 49 30 49 45 49 54 45 49 54 56 00 5C 2F 04 5F  CI0IEITEITV.\/._
    7360: 53 42 5F 50 43 49 30 49 45 49 54 45 49 54 56 A0  SB_PCI0IEITEITV.
    7370: 0C 5B 12 54 4E 4F 54 00 54 4E 4F 54 14 34 5F 4C  .[.TNOT.TNOT.4_L
    7380: 30 36 00 A0 2D 90 5C 2F 04 5F 53 42 5F 50 43 49  06..-.\/._SB_PCI
    7390: 30 47 46 58 30 47 53 53 45 92 47 53 4D 49 5C 2F  0GFX0GSSE.GSMI\/
    73A0: 04 5F 53 42 5F 50 43 49 30 47 46 58 30 47 53 43  ._SB_PCI0GFX0GSC
    73B0: 49 14 1C 5F 4C 30 37 00 70 0A 20 5C 2F 04 5F 53  I.._L07.p. \/._S
    73C0: 42 5F 50 43 49 30 53 42 55 53 48 53 54 53 14 41  B_PCI0SBUSHSTS.A
    73D0: 10 4F 4C 31 45 00 A0 09 93 45 43 4F 4E 00 A4 00  .OL1E....ECON...
    73E0: A0 45 09 92 93 4C 49 44 53 5C 2F 05 5F 53 42 5F  .E...LIDS\/._SB_
    73F0: 50 43 49 30 4C 50 43 42 48 5F 45 43 4C 53 54 45  PCI0LPCBH_ECLSTE
    7400: 70 5C 2F 05 5F 53 42 5F 50 43 49 30 4C 50 43 42  p\/._SB_PCI0LPCB
    7410: 48 5F 45 43 4C 53 54 45 4C 49 44 53 A0 4C 04 49  H_ECLSTELIDS.L.I
    7420: 47 44 53 A0 45 04 5C 2F 04 5F 53 42 5F 50 43 49  GDS.E.\/._SB_PCI
    7430: 30 47 46 58 30 47 4C 49 44 4C 49 44 53 7D 0C 00  0GFX0GLIDLIDS}..
    7440: 00 00 80 5C 2F 04 5F 53 42 5F 50 43 49 30 47 46  ...\/._SB_PCI0GF
    7450: 58 30 43 4C 49 44 5C 2F 04 5F 53 42 5F 50 43 49  X0CLID\/._SB_PCI
    7460: 30 47 46 58 30 43 4C 49 44 86 5C 2E 5F 53 42 5F  0GFX0CLID.\._SB_
    7470: 4C 49 44 30 0A 80 A1 47 05 A0 47 04 93 42 4E 55  LID0...G..G..BNU
    7480: 4D 00 A0 3E 92 93 50 57 52 53 5C 2F 05 5F 53 42  M..>..PWRS\/._SB
    7490: 5F 50 43 49 30 4C 50 43 42 48 5F 45 43 56 50 57  _PCI0LPCBH_ECVPW
    74A0: 52 70 5C 2F 05 5F 53 42 5F 50 43 49 30 4C 50 43  Rp\/._SB_PCI0LPC
    74B0: 42 48 5F 45 43 56 50 57 52 50 57 52 53 50 4E 4F  BH_ECVPWRPWRSPNO
    74C0: 54 86 5C 2E 5F 53 42 5F 50 57 52 42 0A 02 A4 00  T.\._SB_PWRB....
    74D0: 10 47 39 5F 54 5A 5F 08 45 54 4D 44 01 08 54 48  .G9_TZ_.ETMD..TH
    74E0: 4C 44 0A 78 5B 84 45 0D 46 4E 30 30 00 00 00 14  LD.x[.E.FN00....
    74F0: 0B 5F 53 54 41 08 A4 56 46 4E 30 14 4D 04 5F 4F  ._STA..VFN0.M._O
    7500: 4E 5F 08 70 01 56 46 4E 30 A0 3F 90 45 43 4F 4E  N_.p.VFN0.?.ECON
    7510: 45 54 4D 44 70 41 43 30 46 5C 2F 05 5F 53 42 5F  ETMDpAC0F\/._SB_
    7520: 50 43 49 30 4C 50 43 42 48 5F 45 43 50 45 4E 56  PCI0LPCBH_ECPENV
    7530: 5C 2F 05 5F 53 42 5F 50 43 49 30 4C 50 43 42 48  \/._SB_PCI0LPCBH
    7540: 5F 45 43 45 43 4D 44 0A 1A 14 41 07 5F 4F 46 46  _ECECMD...A._OFF
    7550: 08 70 00 56 46 4E 30 A0 43 06 90 45 43 4F 4E 45  .p.VFN0.C..ECONE
    7560: 54 4D 44 A0 20 93 56 46 4E 31 00 70 00 5C 2F 05  TMD. .VFN1.p.\/.
    7570: 5F 53 42 5F 50 43 49 30 4C 50 43 42 48 5F 45 43  _SB_PCI0LPCBH_EC
    7580: 50 45 4E 56 A1 1D 70 41 43 31 46 5C 2F 05 5F 53  PENV..pAC1F\/._S
    7590: 42 5F 50 43 49 30 4C 50 43 42 48 5F 45 43 50 45  B_PCI0LPCBH_ECPE
    75A0: 4E 56 5C 2F 05 5F 53 42 5F 50 43 49 30 4C 50 43  NV\/._SB_PCI0LPC
    75B0: 42 48 5F 45 43 45 43 4D 44 0A 1A 5B 82 21 46 41  BH_ECECMD..[.!FA
    75C0: 4E 30 08 5F 48 49 44 0C 41 D0 0C 0B 08 5F 55 49  N0._HID.A...._UI
    75D0: 44 00 08 5F 50 52 30 12 06 01 46 4E 30 30 5B 84  D.._PR0...FN00[.
    75E0: 4E 0A 46 4E 30 31 00 00 00 14 0B 5F 53 54 41 08  N.FN01....._STA.
    75F0: A4 56 46 4E 31 14 4D 04 5F 4F 4E 5F 08 70 01 56  .VFN1.M._ON_.p.V
    7600: 46 4E 31 A0 3F 90 45 43 4F 4E 45 54 4D 44 70 41  FN1.?.ECONETMDpA
    7610: 43 31 46 5C 2F 05 5F 53 42 5F 50 43 49 30 4C 50  C1F\/._SB_PCI0LP
    7620: 43 42 48 5F 45 43 50 45 4E 56 5C 2F 05 5F 53 42  CBH_ECPENV\/._SB
    7630: 5F 50 43 49 30 4C 50 43 42 48 5F 45 43 45 43 4D  _PCI0LPCBH_ECECM
    7640: 44 0A 1A 14 4A 04 5F 4F 46 46 08 70 00 56 46 4E  D...J._OFF.p.VFN
    7650: 31 A0 3C 90 45 43 4F 4E 45 54 4D 44 70 00 5C 2F  1.<.ECONETMDp.\/
    7660: 05 5F 53 42 5F 50 43 49 30 4C 50 43 42 48 5F 45  ._SB_PCI0LPCBH_E
    7670: 43 50 45 4E 56 5C 2F 05 5F 53 42 5F 50 43 49 30  CPENV\/._SB_PCI0
    7680: 4C 50 43 42 48 5F 45 43 45 43 4D 44 0A 1A 5B 82  LPCBH_ECECMD..[.
    7690: 21 46 41 4E 31 08 5F 48 49 44 0C 41 D0 0C 0B 08  !FAN1._HID.A....
    76A0: 5F 55 49 44 01 08 5F 50 52 30 12 06 01 46 4E 30  _UID.._PR0...FN0
    76B0: 31 5B 85 45 1B 54 5A 30 30 08 50 54 4D 50 0B B8  1[.E.TZ00.PTMP..
    76C0: 0B 14 0C 5F 53 43 50 09 70 68 43 54 59 50 14 47  ..._SCP.phCTYP.G
    76D0: 04 5F 43 52 54 08 A0 31 5B 12 5C 2E 5F 50 52 5F  ._CRT..1[.\._PR_
    76E0: 41 43 52 54 00 A0 22 92 93 5C 2E 5F 50 52 5F 41  ACRT.."..\._PR_A
    76F0: 43 52 54 00 A4 72 0B AC 0A 77 5C 2E 5F 50 52 5F  CRT..r...w\._PR_
    7700: 41 43 52 54 0A 0A 00 00 A4 72 0B AC 0A 77 43 52  ACRT.....r...wCR
    7710: 54 54 0A 0A 00 00 14 47 04 5F 41 43 30 08 A0 31  TT.....G._AC0..1
    7720: 5B 12 5C 2E 5F 50 52 5F 41 41 43 30 00 A0 22 92  [.\._PR_AAC0..".
    7730: 93 5C 2E 5F 50 52 5F 41 41 43 30 00 A4 72 0B AC  .\._PR_AAC0..r..
    7740: 0A 77 5C 2E 5F 50 52 5F 41 41 43 30 0A 0A 00 00  .w\._PR_AAC0....
    7750: A4 72 0B AC 0A 77 41 43 54 54 0A 0A 00 00 14 14  .r...wACTT......
    7760: 5F 41 43 31 08 A4 72 0B AC 0A 77 41 43 54 31 0A  _AC1..r...wACT1.
    7770: 0A 00 00 14 0A 5F 41 43 32 08 A4 0B AC 0A 14 0A  ....._AC2.......
    7780: 5F 41 43 33 08 A4 0B AC 0A 14 0A 5F 41 43 34 08  _AC3......._AC4.
    7790: A4 0B AC 0A 08 5F 41 4C 30 12 06 01 46 41 4E 30  ....._AL0...FAN0
    77A0: 08 5F 41 4C 31 12 06 01 46 41 4E 31 14 4B 0B 5F  ._AL1...FAN1.K._
    77B0: 54 4D 50 08 A0 0A 92 45 54 4D 44 A4 0B B8 0B A0  TMP....ETMD.....
    77C0: 16 93 44 54 53 45 0A 03 A4 72 0B 10 0B 77 43 52  ..DTSE...r...wCR
    77D0: 54 54 0A 0A 00 00 A0 4C 05 93 44 54 53 45 01 A0  TT.....L..DTSE..
    77E0: 18 93 50 4B 47 41 01 70 50 44 54 53 60 A4 72 0B  ..PKGA.pPDTS`.r.
    77F0: AC 0A 77 60 0A 0A 00 00 70 44 54 53 31 60 A0 0D  ..w`....pDTS1`..
    7800: 94 44 54 53 32 60 70 44 54 53 32 60 A0 0D 94 44  .DTS2`pDTS2`...D
    7810: 54 53 33 60 70 44 54 53 33 60 A0 0D 94 44 54 53  TS3`pDTS3`...DTS
    7820: 34 60 70 44 54 53 34 60 A4 72 0B AC 0A 77 60 0A  4`pDTS4`.r...w`.
    7830: 0A 00 00 A0 30 45 43 4F 4E 70 5C 2F 05 5F 53 42  ....0ECONp\/._SB
    7840: 5F 50 43 49 30 4C 50 43 42 48 5F 45 43 50 4C 4D  _PCI0LPCBH_ECPLM
    7850: 58 60 72 0B AC 0A 77 60 0A 0A 00 60 70 60 50 54  X`r...w`...`p`PT
    7860: 4D 50 A4 60 A4 0B C2 0B 10 2C 5F 53 42 5F 5B 82  MP.`.....,_SB_[.
    7870: 25 50 57 52 42 08 5F 48 49 44 0C 41 D0 0C 0C 08  %PWRB._HID.A....
    7880: 4F 50 52 57 12 06 02 0A 1E 0A 04 14 09 5F 53 54  OPRW........._ST
    7890: 41 00 A4 0A 0F 5B 82 4B 0B 2E 5F 53 42 5F 54 50  A....[.K.._SB_TP
    78A0: 4D 5F 14 14 5F 48 49 44 00 A0 05 54 43 4D 46 A1  M_.._HID...TCMF.
    78B0: 07 A4 0C 41 D0 0C 31 08 5F 53 54 52 11 21 0A 1E  ...A..1._STR.!..
    78C0: 54 00 50 00 4D 00 20 00 31 00 2E 00 32 00 20 00  T.P.M. .1...2. .
    78D0: 44 00 65 00 76 00 69 00 63 00 65 00 00 00 08 5F  D.e.v.i.c.e...._
    78E0: 55 49 44 01 08 5F 43 52 53 11 1F 0A 1C 87 17 00  UID.._CRS.......
    78F0: 00 0C 01 00 00 00 00 00 00 D4 FE FF 4F D4 FE 00  ............O...
    7900: 00 00 00 00 50 00 00 79 00 5B 80 54 4D 4D 42 00  ....P..y.[.TMMB.
    7910: 0C 00 00 D4 FE 0B 00 50 5B 81 26 54 4D 4D 42 11  .......P[.&TMMB.
    7920: 41 43 43 53 08 00 48 0B 54 53 54 41 08 54 42 43  ACCS..H.TSTA.TBC
    7930: 41 08 00 80 73 07 54 56 49 44 10 54 44 49 44 10  A...s.TVID.TDID.
    7940: 14 11 5F 53 54 41 00 A0 08 54 50 4D 46 A4 0A 0F  .._STA...TPMF...
    7950: A4 00 10 4B 37 2E 5F 53 42 5F 54 50 4D 5F 5B 80  ...K7._SB_TPM_[.
    7960: 41 53 4D 49 01 53 4D 49 41 01 5B 81 0B 41 53 4D  ASMI.SMIA.[..ASM
    7970: 49 01 49 4E 51 5F 08 5B 80 42 53 4D 49 01 53 4D  I.INQ_.[.BSMI.SM
    7980: 49 42 01 5B 81 0B 42 53 4D 49 01 44 41 54 5F 08  IB.[..BSMI.DAT_.
    7990: 14 4D 33 5F 44 53 4D 04 A0 4C 29 93 68 11 13 0A  .M3_DSM..L).h...
    79A0: 10 A6 FA DD 3D 1B 36 B4 4E A4 24 8D 10 08 9D 16  ....=.6.N.$.....
    79B0: 53 08 5F 54 5F 30 00 70 99 6A 00 5F 54 5F 30 A0  S._T_0.p.j._T_0.
    79C0: 0E 93 5F 54 5F 30 00 A4 11 05 0A 02 FF 01 A1 46  .._T_0.........F
    79D0: 26 A0 0D 93 5F 54 5F 30 01 A4 0D 31 2E 32 00 A1  &..._T_0...1.2..
    79E0: 45 25 A0 43 06 93 5F 54 5F 30 0A 02 99 83 88 6B  E%.C.._T_0.....k
    79F0: 00 00 54 4D 46 32 70 0A 12 54 4D 46 31 70 54 4D  ..TMF2p..TMF1pTM
    7A00: 46 31 44 41 54 5F 70 4F 46 53 54 49 4E 51 5F A0  F1DAT_pOFSTINQ_.
    7A10: 0B 93 44 41 54 5F 0A FF A4 0A 02 70 54 4D 46 32  ..DAT_.....pTMF2
    7A20: 44 41 54 5F 70 4F 46 53 54 49 4E 51 5F A0 0B 93  DAT_pOFSTINQ_...
    7A30: 44 41 54 5F 0A FF A4 0A 02 A0 0A 93 44 41 54 5F  DAT_........DAT_
    7A40: 0A F1 A4 01 A4 00 A1 4E 1E A0 3E 93 5F 54 5F 30  .......N..>._T_0
    7A50: 0A 03 08 50 50 49 31 12 04 02 00 00 70 0A 11 44  ...PPI1.....p..D
    7A60: 41 54 5F 70 4F 46 53 54 49 4E 51 5F A0 0A 93 44  AT_pOFSTINQ_...D
    7A70: 41 54 5F 0A FF A4 01 70 44 41 54 5F 88 50 50 49  AT_....pDAT_.PPI
    7A80: 31 01 00 A4 50 50 49 31 A1 4C 1A A0 0D 93 5F 54  1...PPI1.L...._T
    7A90: 5F 30 0A 04 A4 54 52 53 54 A1 4B 19 A0 49 0D 93  _0...TRST.K..I..
    7AA0: 5F 54 5F 30 0A 05 08 50 50 49 32 12 05 03 00 00  _T_0...PPI2.....
    7AB0: 00 70 0A 21 44 41 54 5F 70 4F 46 53 54 49 4E 51  .p.!DAT_pOFSTINQ
    7AC0: 5F 70 44 41 54 5F 88 50 50 49 32 01 00 A0 0B 93  _pDAT_.PPI2.....
    7AD0: 44 41 54 5F 0A FF A4 0A 02 70 0A 31 44 41 54 5F  DAT_.....p.1DAT_
    7AE0: 70 4F 46 53 54 49 4E 51 5F A0 0B 93 44 41 54 5F  pOFSTINQ_...DAT_
    7AF0: 0A FF A4 0A 02 A0 34 93 44 41 54 5F 0A F0 70 0A  ......4.DAT_..p.
    7B00: 51 44 41 54 5F 70 4F 46 53 54 49 4E 51 5F A0 1B  QDAT_pOFSTINQ_..
    7B10: 93 44 41 54 5F 0A FF 70 0C F0 FF FF FF 88 50 50  .DAT_..p......PP
    7B20: 49 32 0A 02 00 A4 50 50 49 32 A1 46 04 A0 34 93  I2....PPI2.F..4.
    7B30: 44 41 54 5F 0A F1 70 0A 51 44 41 54 5F 70 4F 46  DAT_..p.QDAT_pOF
    7B40: 53 54 49 4E 51 5F A0 1B 93 44 41 54 5F 0A FF 70  STINQ_...DAT_..p
    7B50: 0C F1 FF FF FF 88 50 50 49 32 0A 02 00 A4 50 50  ......PPI2....PP
    7B60: 49 32 A1 0E 70 44 41 54 5F 88 50 50 49 32 0A 02  I2..pDAT_.PPI2..
    7B70: 00 A4 50 50 49 32 A1 4E 0B A0 0B 93 5F 54 5F 30  ..PPI2.N...._T_0
    7B80: 0A 06 A4 0A 03 A1 4F 0A A0 43 06 93 5F 54 5F 30  ......O..C.._T_0
    7B90: 0A 07 99 83 88 6B 00 00 54 4D 46 32 70 0A 12 54  .....k..TMF2p..T
    7BA0: 4D 46 31 70 54 4D 46 31 44 41 54 5F 70 4F 46 53  MF1pTMF1DAT_pOFS
    7BB0: 54 49 4E 51 5F A0 0B 93 44 41 54 5F 0A FF A4 0A  TINQ_...DAT_....
    7BC0: 02 70 54 4D 46 32 44 41 54 5F 70 4F 46 53 54 49  .pTMF2DAT_pOFSTI
    7BD0: 4E 51 5F A0 0B 93 44 41 54 5F 0A FF A4 0A 02 A0  NQ_...DAT_......
    7BE0: 0A 93 44 41 54 5F 0A F1 A4 01 A4 00 A1 48 04 A0  ..DAT_.......H..
    7BF0: 43 04 93 5F 54 5F 30 0A 08 99 83 88 6B 00 00 54  C.._T_0.....k..T
    7C00: 4D 46 32 70 0A 43 54 4D 46 31 70 54 4D 46 31 44  MF2p.CTMF1pTMF1D
    7C10: 41 54 5F 70 4F 46 53 54 49 4E 51 5F 70 54 4D 46  AT_pOFSTINQ_pTMF
    7C20: 32 44 41 54 5F 70 4F 46 53 54 49 4E 51 5F A4 44  2DAT_pOFSTINQ_.D
    7C30: 41 54 5F A1 01 A1 43 09 A0 40 09 93 68 11 13 0A  AT_...C..@..h...
    7C40: 10 ED 54 60 37 13 CC 75 46 90 1C 47 56 D7 F2 D4  ..T`7..uF..GV...
    7C50: 5D 08 5F 54 5F 31 00 70 99 6A 00 5F 54 5F 31 A0  ]._T_1.p.j._T_1.
    7C60: 0C 93 5F 54 5F 31 00 A4 11 03 01 03 A1 4C 05 A0  .._T_1.......L..
    7C70: 47 05 93 5F 54 5F 31 01 70 0A 22 54 4D 46 31 70  G.._T_1.p."TMF1p
    7C80: 54 4D 46 31 44 41 54 5F 70 4F 46 53 54 49 4E 51  TMF1DAT_pOFSTINQ
    7C90: 5F A0 0B 93 44 41 54 5F 0A FF A4 0A 02 99 83 88  _...DAT_........
    7CA0: 6B 00 00 54 4D 46 31 70 54 4D 46 31 44 41 54 5F  k..TMF1pTMF1DAT_
    7CB0: 70 4F 46 53 54 49 4E 51 5F A0 0B 93 44 41 54 5F  pOFSTINQ_...DAT_
    7CC0: 0A FF A4 0A 02 A4 00 A1 01 A4 11 03 01 00 10 49  ...............I
    7CD0: 17 2F 03 5F 53 42 5F 50 43 49 30 4C 50 43 42 5B  ./._SB_PCI0LPCB[
    7CE0: 82 47 16 48 5F 45 43 08 5F 48 49 44 0C 41 D0 0C  .G.H_EC._HID.A..
    7CF0: 09 08 5F 55 49 44 01 14 17 5F 53 54 41 00 70 0A  .._UID..._STA.p.
    7D00: 03 5E 5E 5E 2E 47 46 58 30 43 4C 49 44 A4 00 08  .^^^.GFX0CLID...
    7D10: 42 31 43 43 00 08 42 31 53 54 00 08 42 32 43 43  B1CC..B1ST..B2CC
    7D20: 00 08 42 32 53 54 00 08 43 46 41 4E 00 08 43 4D  ..B2ST..CFAN..CM
    7D30: 44 52 00 08 44 4F 43 4B 00 08 45 4A 45 54 00 08  DR..DOCK..EJET..
    7D40: 4D 43 41 50 00 08 50 4C 4D 58 00 08 50 45 43 48  MCAP..PLMX..PECH
    7D50: 00 08 50 45 43 4C 00 08 50 45 4E 56 00 08 50 49  ..PECL..PENV..PI
    7D60: 4E 56 00 08 50 50 53 48 00 08 50 50 53 4C 00 08  NV..PPSH..PPSL..
    7D70: 50 53 54 50 00 08 52 50 57 52 00 08 4C 53 54 45  PSTP..RPWR..LSTE
    7D80: 00 08 53 4C 50 43 00 08 56 50 57 52 00 14 1C 45  ..SLPC..VPWR...E
    7D90: 43 4D 44 09 A0 15 45 43 4F 4E A2 09 43 4D 44 52  CMD...ECON..CMDR
    7DA0: 5B 21 0A 14 70 68 43 4D 44 52 5B 82 1E 42 41 54  [!..phCMDR[..BAT
    7DB0: 30 08 5F 48 49 44 0C 41 D0 0C 0A 08 5F 55 49 44  0._HID.A...._UID
    7DC0: 00 14 08 5F 53 54 41 00 A4 00 10 21 5C 00 5B 81  ..._STA....!\.[.
    7DD0: 1C 47 4E 56 53 10 00 40 0F 42 4E 55 4D 08 00 08  .GNVS..@.BNUM...
    7DE0: 42 31 53 43 08 00 10 42 31 53 53 08 5B 82 1E 42  B1SC...B1SS.[..B
    7DF0: 41 54 31 08 5F 48 49 44 0C 41 D0 0C 0A 08 5F 55  AT1._HID.A...._U
    7E00: 49 44 01 14 08 5F 53 54 41 00 A4 00 10 1A 5C 00  ID..._STA.....\.
    7E10: 5B 81 15 47 4E 56 53 10 00 48 10 42 32 53 43 08  [..GNVS..H.B2SC.
    7E20: 00 10 42 32 53 53 08 5B 82 1F 42 41 54 32 08 5F  ..B2SS.[..BAT2._
    7E30: 48 49 44 0C 41 D0 0C 0A 08 5F 55 49 44 0A 02 14  HID.A...._UID...
    7E40: 08 5F 53 54 41 00 A4 00 5B 82 38 2F 03 5F 53 42  ._STA...[.8/._SB
    7E50: 5F 50 43 49 30 44 4F 43 4B 08 5F 48 49 44 0D 41  _PCI0DOCK._HID.A
    7E60: 42 43 44 30 30 30 31 00 08 5F 43 49 44 0C 41 D0  BCD0001.._CID.A.
    7E70: 0C 15 08 5F 55 49 44 0A 02 14 08 5F 53 54 41 00  ..._UID...._STA.
    7E80: A4 00 10 1F 5F 53 42 5F 5B 82 18 4C 49 44 30 08  ...._SB_[..LID0.
    7E90: 5F 48 49 44 0C 41 D0 0C 0D 14 08 5F 53 54 41 00  _HID.A....._STA.
    7EA0: A4 00 08 5F 53 30 5F 12 06 04 00 00 00 00 A0 11  ..._S0_.........
    7EB0: 53 53 31 5F 08 5F 53 31 5F 12 06 04 01 00 00 00  SS1_._S1_.......
    7EC0: A0 12 53 53 34 5F 08 5F 53 34 5F 12 07 04 0A 06  ..SS4_._S4_.....
    7ED0: 00 00 00 08 5F 53 35 5F 12 07 04 0A 07 00 00 00  ...._S5_........
    7EE0: 14 2D 50 54 53 5F 01 A0 26 68 5C 2F 04 5F 53 42  .-PTS_..&h\/._SB
    7EF0: 5F 50 43 49 30 4C 50 43 42 53 50 54 53 68 5C 2F  _PCI0LPCBSPTSh\/
    7F00: 03 5F 53 42 5F 50 43 49 30 4E 50 54 53 68 14 2A  ._SB_PCI0NPTSh.*
    7F10: 57 41 4B 5F 01 5C 2F 04 5F 53 42 5F 50 43 49 30  WAK_.\/._SB_PCI0
    7F20: 4C 50 43 42 53 57 41 4B 68 5C 2F 03 5F 53 42 5F  LPCBSWAKh\/._SB_
    7F30: 50 43 49 30 4E 57 41 4B 68 14 0D 2E 5F 53 42 5F  PCI0NWAKh..._SB_
    7F40: 5F 4F 53 43 04 A4 6B                             _OSC..k

SSDT @ 0x0000000000000000
    0000: 53 53 44 54 A2 0A 00 00 01 B0 50 6D 52 65 66 00  SSDT......PmRef.
    0010: 43 70 75 50 6D 00 00 00 00 30 00 00 49 4E 54 4C  CpuPm....0..INTL
    0020: 17 11 05 20 10 46 0C 5C 00 08 53 53 44 54 12 43  ... .F.\..SSDT.C
    0030: 05 0C 0D 43 50 55 30 49 53 54 20 00 0C 18 70 BA  ...CPU0IST ...p.
    0040: D8 0C AA 09 00 00 0D 41 50 49 53 54 20 20 20 00  .......APIST   .
    0050: 0C 98 BA A9 DA 0C 03 03 00 00 0D 43 50 55 30 43  ...........CPU0C
    0060: 53 54 20 00 0C 18 A0 A9 DA 0C 3B 08 00 00 0D 41  ST .......;....A
    0070: 50 43 53 54 20 20 20 00 0C 18 CC A9 DA 0C 19 01  PCST   .........
    0080: 00 00 08 43 46 47 44 0C DF F6 66 00 08 5C 50 44  ...CFGD...f..\PD
    0090: 43 30 0C 00 00 00 80 08 5C 50 44 43 31 0C 00 00  C0......\PDC1...
    00A0: 00 80 08 5C 50 44 43 32 0C 00 00 00 80 08 5C 50  ...\PDC2......\P
    00B0: 44 43 33 0C 00 00 00 80 08 5C 50 44 43 34 0C 00  DC3......\PDC4..
    00C0: 00 00 80 08 5C 50 44 43 35 0C 00 00 00 80 08 5C  ....\PDC5......\
    00D0: 50 44 43 36 0C 00 00 00 80 08 5C 50 44 43 37 0C  PDC6......\PDC7.
    00E0: 00 00 00 80 08 5C 53 44 54 4C 00 10 4D 0A 5C 5F  .....\SDTL..M.\_
    00F0: 50 52 5F 5B 80 50 50 4D 54 00 0C 98 5E C1 DA 0B  PR_[.PPMT...^...
    0100: 29 00 5B 81 45 09 50 50 4D 54 10 50 47 52 56 08  ).[.E.PPMT.PGRV.
    0110: 00 20 43 4E 54 44 08 41 43 52 54 08 41 50 53 56  . CNTD.ACRT.APSV
    0120: 08 41 41 43 30 08 43 50 49 44 20 43 50 50 43 08  .AAC0.CPID CPPC.
    0130: 43 43 54 50 08 43 4C 56 4C 08 43 42 4D 49 08 50  CCTP.CLVL.CBMI.P
    0140: 4C 31 30 10 50 4C 32 30 10 50 4C 57 30 08 43 54  L10.PL20.PLW0.CT
    0150: 43 30 08 54 41 52 30 08 50 50 43 30 08 50 4C 31  C0.TAR0.PPC0.PL1
    0160: 31 10 50 4C 32 31 10 50 4C 57 31 08 43 54 43 31  1.PL21.PLW1.CTC1
    0170: 08 54 41 52 31 08 50 50 43 31 08 50 4C 31 32 10  .TAR1.PPC1.PL12.
    0180: 50 4C 32 32 10 50 4C 57 32 08 43 54 43 32 08 54  PL22.PLW2.CTC2.T
    0190: 41 52 32 08 50 50 43 32 08 10 4A 23 5C 2E 5F 50  AR2.PPC2..J#\._P
    01A0: 52 5F 43 50 55 30 08 48 49 30 5F 00 08 48 43 30  R_CPU0.HI0_..HC0
    01B0: 5F 00 14 28 5F 50 44 43 01 70 43 50 50 43 5C 2F  _..(_PDC.pCPPC\/
    01C0: 03 5F 50 52 5F 43 50 55 30 5F 50 50 43 70 43 50  ._PR_CPU0_PPCpCP
    01D0: 44 43 68 60 47 43 41 50 60 A4 60 14 06 43 54 4C  DCh`GCAP`.`..CTL
    01E0: 44 00 14 1B 5F 4F 53 43 04 70 43 4F 53 43 68 69  D..._OSC.pCOSChi
    01F0: 6A 6B 60 47 43 41 50 60 43 54 4C 44 A4 60 14 48  jk`GCAP`CTLD.`.H
    0200: 06 43 50 44 43 01 8A 68 00 52 45 56 53 8A 68 0A  .CPDC..h.REVS.h.
    0210: 04 53 49 5A 45 70 87 68 60 70 74 60 0A 08 00 61  .SIZEp.h`pt`...a
    0220: 5B 13 68 0A 40 77 61 0A 08 00 54 45 4D 50 08 53  [.h.@wa...TEMP.S
    0230: 54 53 30 11 07 0A 04 00 00 00 00 73 53 54 53 30  TS0........sSTS0
    0240: 54 45 4D 50 62 A4 43 4F 53 43 11 13 0A 10 16 A6  TEMPb.COSC......
    0250: 77 40 0C 29 BE 47 9E BD D8 70 58 71 39 53 52 45  w@.).G...pXq9SRE
    0260: 56 53 53 49 5A 45 62 14 4D 0B 43 4F 53 43 04 8A  VSSIZEb.M.COSC..
    0270: 6B 00 53 54 53 30 8A 6B 0A 04 43 41 50 30 8A 68  k.STS0.k..CAP0.h
    0280: 00 49 49 44 30 8A 68 0A 04 49 49 44 31 8A 68 0A  .IID0.h..IID1.h.
    0290: 08 49 49 44 32 8A 68 0A 0C 49 49 44 33 08 55 49  .IID2.h..IID3.UI
    02A0: 44 30 11 13 0A 10 16 A6 77 40 0C 29 BE 47 9E BD  D0......w@.).G..
    02B0: D8 70 58 71 39 53 8A 55 49 44 30 00 45 49 44 30  .pXq9S.UID0.EID0
    02C0: 8A 55 49 44 30 0A 04 45 49 44 31 8A 55 49 44 30  .UID0..EID1.UID0
    02D0: 0A 08 45 49 44 32 8A 55 49 44 30 0A 0C 45 49 44  ..EID2.UID0..EID
    02E0: 33 A0 32 92 90 90 93 49 49 44 30 45 49 44 30 93  3.2....IID0EID0.
    02F0: 49 49 44 31 45 49 44 31 90 93 49 49 44 32 45 49  IID1EID1..IID2EI
    0300: 44 32 93 49 49 44 33 45 49 44 33 70 0A 06 53 54  D2.IID3EID3p..ST
    0310: 53 30 A4 6B A0 0E 92 93 69 01 70 0A 0A 53 54 53  S0.k....i.p..STS
    0320: 30 A4 6B A4 6B 14 4E 0A 47 43 41 50 01 8A 68 00  0.k.k.N.GCAP..h.
    0330: 53 54 53 30 8A 68 0A 04 43 41 50 30 A0 12 91 93  STS0.h..CAP0....
    0340: 53 54 53 30 0A 06 93 53 54 53 30 0A 0A A4 00 A0  STS0...STS0.....
    0350: 16 7B 53 54 53 30 01 00 7B 43 41 50 30 0B FF 0B  .{STS0..{CAP0...
    0360: 43 41 50 30 A4 00 7D 7B 50 44 43 30 0C FF FF FF  CAP0..}{PDC0....
    0370: 7F 00 43 41 50 30 50 44 43 30 A0 47 05 7B 43 46  ..CAP0PDC0.G.{CF
    0380: 47 44 0A 3E 00 A0 4C 04 90 90 7B 43 46 47 44 0B  GD.>..L...{CFGD.
    0390: 00 04 00 7B 50 44 43 30 0A 18 00 92 7B 53 44 54  ...{PDC0....{SDT
    03A0: 4C 0A 02 00 7D 53 44 54 4C 0A 02 53 44 54 4C 5B  L...}SDTL..SDTL[
    03B0: 80 43 53 54 30 00 83 88 53 53 44 54 0A 07 00 83  .CST0...SSDT....
    03C0: 88 53 53 44 54 0A 08 00 5B 20 43 53 54 30 48 43  .SSDT...[ CST0HC
    03D0: 30 5F A4 00 10 4F 16 5C 2E 5F 50 52 5F 43 50 55  0_...O.\._PR_CPU
    03E0: 31 08 48 49 31 5F 00 08 48 43 31 5F 00 14 1F 5F  1.HI1_..HC1_..._
    03F0: 50 44 43 01 70 5C 2F 03 5F 50 52 5F 43 50 55 30  PDC.p\/._PR_CPU0
    0400: 43 50 44 43 68 60 47 43 41 50 60 A4 60 14 22 5F  CPDCh`GCAP`.`."_
    0410: 4F 53 43 04 70 5C 2F 03 5F 50 52 5F 43 50 55 30  OSC.p\/._PR_CPU0
    0420: 43 4F 53 43 68 69 6A 6B 60 47 43 41 50 60 A4 60  COSChijk`GCAP`.`
    0430: 14 4E 07 47 43 41 50 01 8A 68 00 53 54 53 31 8A  .N.GCAP..h.STS1.
    0440: 68 0A 04 43 41 50 31 A0 12 91 93 53 54 53 31 0A  h..CAP1....STS1.
    0450: 06 93 53 54 53 31 0A 0A A4 00 A0 16 7B 53 54 53  ..STS1......{STS
    0460: 31 01 00 7B 43 41 50 31 0B FF 0B 43 41 50 31 A4  1..{CAP1...CAP1.
    0470: 00 7D 7B 50 44 43 31 0C FF FF FF 7F 00 43 41 50  .}{PDC1......CAP
    0480: 31 50 44 43 31 A0 10 93 7B 50 44 43 31 0A 09 00  1PDC1...{PDC1...
    0490: 0A 09 41 50 50 54 A0 0D 7B 50 44 43 31 0A 18 00  ..APPT..{PDC1...
    04A0: 41 50 43 54 70 50 44 43 31 50 44 43 30 A4 00 14  APCTpPDC1PDC0...
    04B0: 4A 04 41 50 43 54 00 A0 42 04 90 7B 43 46 47 44  J.APCT..B..{CFGD
    04C0: 0A 2E 00 92 7B 53 44 54 4C 0A 20 00 7D 53 44 54  ....{SDTL. .}SDT
    04D0: 4C 0A 20 53 44 54 4C 5B 80 43 53 54 31 00 83 88  L. SDTL[.CST1...
    04E0: 53 53 44 54 0A 0A 00 83 88 53 53 44 54 0A 0B 00  SSDT.....SSDT...
    04F0: 5B 20 43 53 54 31 48 43 31 5F 14 49 04 41 50 50  [ CST1HC1_.I.APP
    0500: 54 00 A0 41 04 90 7B 43 46 47 44 01 00 92 7B 53  T..A..{CFGD...{S
    0510: 44 54 4C 0A 10 00 7D 53 44 54 4C 0A 10 53 44 54  DTL...}SDTL..SDT
    0520: 4C 5B 80 49 53 54 31 00 83 88 53 53 44 54 0A 04  L[.IST1...SSDT..
    0530: 00 83 88 53 53 44 54 0A 05 00 5B 20 49 53 54 31  ...SSDT...[ IST1
    0540: 48 49 31 5F 10 44 0E 5C 2E 5F 50 52 5F 43 50 55  HI1_.D.\._PR_CPU
    0550: 32 14 1F 5F 50 44 43 01 70 5C 2F 03 5F 50 52 5F  2.._PDC.p\/._PR_
    0560: 43 50 55 30 43 50 44 43 68 60 47 43 41 50 60 A4  CPU0CPDCh`GCAP`.
    0570: 60 14 22 5F 4F 53 43 04 70 5C 2F 03 5F 50 52 5F  `."_OSC.p\/._PR_
    0580: 43 50 55 30 43 4F 53 43 68 69 6A 6B 60 47 43 41  CPU0COSChijk`GCA
    0590: 50 60 A4 60 14 44 09 47 43 41 50 01 8A 68 00 53  P`.`.D.GCAP..h.S
    05A0: 54 53 32 8A 68 0A 04 43 41 50 32 A0 12 91 93 53  TS2.h..CAP2....S
    05B0: 54 53 32 0A 06 93 53 54 53 32 0A 0A A4 00 A0 16  TS2...STS2......
    05C0: 7B 53 54 53 32 01 00 7B 43 41 50 32 0B FF 0B 43  {STS2..{CAP2...C
    05D0: 41 50 32 A4 00 7D 7B 50 44 43 32 0C FF FF FF 7F  AP2..}{PDC2.....
    05E0: 00 43 41 50 32 50 44 43 32 A0 1B 93 7B 50 44 43  .CAP2PDC2...{PDC
    05F0: 32 0A 09 00 0A 09 5C 2F 03 5F 50 52 5F 43 50 55  2.....\/._PR_CPU
    0600: 31 41 50 50 54 A0 18 7B 50 44 43 32 0A 18 00 5C  1APPT..{PDC2...\
    0610: 2F 03 5F 50 52 5F 43 50 55 31 41 50 43 54 70 50  /._PR_CPU1APCTpP
    0620: 44 43 32 50 44 43 30 A4 00 10 44 0E 5C 2E 5F 50  DC2PDC0...D.\._P
    0630: 52 5F 43 50 55 33 14 1F 5F 50 44 43 01 70 5C 2F  R_CPU3.._PDC.p\/
    0640: 03 5F 50 52 5F 43 50 55 30 43 50 44 43 68 60 47  ._PR_CPU0CPDCh`G
    0650: 43 41 50 60 A4 60 14 22 5F 4F 53 43 04 70 5C 2F  CAP`.`."_OSC.p\/
    0660: 03 5F 50 52 5F 43 50 55 30 43 4F 53 43 68 69 6A  ._PR_CPU0COSChij
    0670: 6B 60 47 43 41 50 60 A4 60 14 44 09 47 43 41 50  k`GCAP`.`.D.GCAP
    0680: 01 8A 68 00 53 54 53 33 8A 68 0A 04 43 41 50 33  ..h.STS3.h..CAP3
    0690: A0 12 91 93 53 54 53 33 0A 06 93 53 54 53 33 0A  ....STS3...STS3.
    06A0: 0A A4 00 A0 16 7B 53 54 53 33 01 00 7B 43 41 50  .....{STS3..{CAP
    06B0: 33 0B FF 0B 43 41 50 33 A4 00 7D 7B 50 44 43 33  3...CAP3..}{PDC3
    06C0: 0C FF FF FF 7F 00 43 41 50 33 50 44 43 33 A0 1B  ......CAP3PDC3..
    06D0: 93 7B 50 44 43 33 0A 09 00 0A 09 5C 2F 03 5F 50  .{PDC3.....\/._P
    06E0: 52 5F 43 50 55 31 41 50 50 54 A0 18 7B 50 44 43  R_CPU1APPT..{PDC
    06F0: 33 0A 18 00 5C 2F 03 5F 50 52 5F 43 50 55 31 41  3...\/._PR_CPU1A
    0700: 50 43 54 70 50 44 43 33 50 44 43 30 A4 00 10 44  PCTpPDC3PDC0...D
    0710: 0E 5C 2E 5F 50 52 5F 43 50 55 34 14 1F 5F 50 44  .\._PR_CPU4.._PD
    0720: 43 01 70 5C 2F 03 5F 50 52 5F 43 50 55 30 43 50  C.p\/._PR_CPU0CP
    0730: 44 43 68 60 47 43 41 50 60 A4 60 14 22 5F 4F 53  DCh`GCAP`.`."_OS
    0740: 43 04 70 5C 2F 03 5F 50 52 5F 43 50 55 30 43 4F  C.p\/._PR_CPU0CO
    0750: 53 43 68 69 6A 6B 60 47 43 41 50 60 A4 60 14 44  SChijk`GCAP`.`.D
    0760: 09 47 43 41 50 01 8A 68 00 53 54 53 34 8A 68 0A  .GCAP..h.STS4.h.
    0770: 04 43 41 50 34 A0 12 91 93 53 54 53 34 0A 06 93  .CAP4....STS4...
    0780: 53 54 53 34 0A 0A A4 00 A0 16 7B 53 54 53 34 01  STS4......{STS4.
    0790: 00 7B 43 41 50 34 0B FF 0B 43 41 50 34 A4 00 7D  .{CAP4...CAP4..}
    07A0: 7B 50 44 43 34 0C FF FF FF 7F 00 43 41 50 34 50  {PDC4......CAP4P
    07B0: 44 43 34 A0 1B 93 7B 50 44 43 34 0A 09 00 0A 09  DC4...{PDC4.....
    07C0: 5C 2F 03 5F 50 52 5F 43 50 55 31 41 50 50 54 A0  \/._PR_CPU1APPT.
    07D0: 18 7B 50 44 43 34 0A 18 00 5C 2F 03 5F 50 52 5F  .{PDC4...\/._PR_
    07E0: 43 50 55 31 41 50 43 54 70 50 44 43 34 50 44 43  CPU1APCTpPDC4PDC
    07F0: 30 A4 00 10 44 0E 5C 2E 5F 50 52 5F 43 50 55 35  0...D.\._PR_CPU5
    0800: 14 1F 5F 50 44 43 01 70 5C 2F 03 5F 50 52 5F 43  .._PDC.p\/._PR_C
    0810: 50 55 30 43 50 44 43 68 60 47 43 41 50 60 A4 60  PU0CPDCh`GCAP`.`
    0820: 14 22 5F 4F 53 43 04 70 5C 2F 03 5F 50 52 5F 43  ."_OSC.p\/._PR_C
    0830: 50 55 30 43 4F 53 43 68 69 6A 6B 60 47 43 41 50  PU0COSChijk`GCAP
    0840: 60 A4 60 14 44 09 47 43 41 50 01 8A 68 00 53 54  `.`.D.GCAP..h.ST
    0850: 53 35 8A 68 0A 04 43 41 50 35 A0 12 91 93 53 54  S5.h..CAP5....ST
    0860: 53 35 0A 06 93 53 54 53 35 0A 0A A4 00 A0 16 7B  S5...STS5......{
    0870: 53 54 53 35 01 00 7B 43 41 50 35 0B FF 0B 43 41  STS5..{CAP5...CA
    0880: 50 35 A4 00 7D 7B 50 44 43 35 0C FF FF FF 7F 00  P5..}{PDC5......
    0890: 43 41 50 35 50 44 43 35 A0 1B 93 7B 50 44 43 35  CAP5PDC5...{PDC5
    08A0: 0A 09 00 0A 09 5C 2F 03 5F 50 52 5F 43 50 55 31  .....\/._PR_CPU1
    08B0: 41 50 50 54 A0 18 7B 50 44 43 35 0A 18 00 5C 2F  APPT..{PDC5...\/
    08C0: 03 5F 50 52 5F 43 50 55 31 41 50 43 54 70 50 44  ._PR_CPU1APCTpPD
    08D0: 43 35 50 44 43 30 A4 00 10 44 0E 5C 2E 5F 50 52  C5PDC0...D.\._PR
    08E0: 5F 43 50 55 36 14 1F 5F 50 44 43 01 70 5C 2F 03  _CPU6.._PDC.p\/.
    08F0: 5F 50 52 5F 43 50 55 30 43 50 44 43 68 60 47 43  _PR_CPU0CPDCh`GC
    0900: 41 50 60 A4 60 14 22 5F 4F 53 43 04 70 5C 2F 03  AP`.`."_OSC.p\/.
    0910: 5F 50 52 5F 43 50 55 30 43 4F 53 43 68 69 6A 6B  _PR_CPU0COSChijk
    0920: 60 47 43 41 50 60 A4 60 14 44 09 47 43 41 50 01  `GCAP`.`.D.GCAP.
    0930: 8A 68 00 53 54 53 36 8A 68 0A 04 43 41 50 36 A0  .h.STS6.h..CAP6.
    0940: 12 91 93 53 54 53 36 0A 06 93 53 54 53 36 0A 0A  ...STS6...STS6..
    0950: A4 00 A0 16 7B 53 54 53 36 01 00 7B 43 41 50 36  ....{STS6..{CAP6
    0960: 0B FF 0B 43 41 50 36 A4 00 7D 7B 50 44 43 36 0C  ...CAP6..}{PDC6.
    0970: FF FF FF 7F 00 43 41 50 36 50 44 43 36 A0 1B 93  .....CAP6PDC6...
    0980: 7B 50 44 43 36 0A 09 00 0A 09 5C 2F 03 5F 50 52  {PDC6.....\/._PR
    0990: 5F 43 50 55 31 41 50 50 54 A0 18 7B 50 44 43 36  _CPU1APPT..{PDC6
    09A0: 0A 18 00 5C 2F 03 5F 50 52 5F 43 50 55 31 41 50  ...\/._PR_CPU1AP
    09B0: 43 54 70 50 44 43 36 50 44 43 30 A4 00 10 44 0E  CTpPDC6PDC0...D.
    09C0: 5C 2E 5F 50 52 5F 43 50 55 37 14 1F 5F 50 44 43  \._PR_CPU7.._PDC
    09D0: 01 70 5C 2F 03 5F 50 52 5F 43 50 55 30 43 50 44  .p\/._PR_CPU0CPD
    09E0: 43 68 60 47 43 41 50 60 A4 60 14 22 5F 4F 53 43  Ch`GCAP`.`."_OSC
    09F0: 04 70 5C 2F 03 5F 50 52 5F 43 50 55 30 43 4F 53  .p\/._PR_CPU0COS
    0A00: 43 68 69 6A 6B 60 47 43 41 50 60 A4 60 14 44 09  Chijk`GCAP`.`.D.
    0A10: 47 43 41 50 01 8A 68 00 53 54 53 37 8A 68 0A 04  GCAP..h.STS7.h..
    0A20: 43 41 50 37 A0 12 91 93 53 54 53 37 0A 06 93 53  CAP7....STS7...S
    0A30: 54 53 37 0A 0A A4 00 A0 16 7B 53 54 53 37 01 00  TS7......{STS7..
    0A40: 7B 43 41 50 37 0B FF 0B 43 41 50 37 A4 00 7D 7B  {CAP7...CAP7..}{
    0A50: 50 44 43 37 0C FF FF FF 7F 00 43 41 50 37 50 44  PDC7......CAP7PD
    0A60: 43 37 A0 1B 93 7B 50 44 43 37 0A 09 00 0A 09 5C  C7...{PDC7.....\
    0A70: 2F 03 5F 50 52 5F 43 50 55 31 41 50 50 54 A0 18  /._PR_CPU1APPT..
    0A80: 7B 50 44 43 37 0A 18 00 5C 2F 03 5F 50 52 5F 43  {PDC7...\/._PR_C
    0A90: 50 55 31 41 50 43 54 70 50 44 43 37 50 44 43 30  PU1APCTpPDC7PDC0
    0AA0: A4 00                                            ..

DMAR @ 0x0000000000000000
    0000: 44 4D 41 52 B0 00 00 00 01 D8 49 4E 54 45 4C 20  DMAR......INTEL 
    0010: 53 4E 42 20 00 00 00 00 01 00 00 00 49 4E 54 4C  SNB ........INTL
    0020: 01 00 00 00 23 01 00 00 00 00 00 00 00 00 00 00  ....#...........
    0030: 00 00 18 00 00 00 00 00 00 00 D9 FE 00 00 00 00  ................
    0040: 01 08 00 00 00 00 02 00 00 00 20 00 01 00 00 00  .......... .....
    0050: 00 10 D9 FE 00 00 00 00 03 08 00 00 02 F0 1F 00  ................
    0060: 04 08 00 00 00 F0 0F 00 01 00 28 00 00 00 00 00  ..........(.....
    0070: 00 20 EB DA 00 00 00 00 FF 0F EC DA 00 00 00 00  . ..............
    0080: 01 08 00 00 00 00 1D 00 01 08 00 00 00 00 1A 00  ................
    0090: 01 00 20 00 00 00 00 00 00 00 80 DB 00 00 00 00  .. .............
    00A0: FF FF 9F DF 00 00 00 00 01 08 00 00 00 00 02 00  ................

FACP @ 0x0000000000000000
    0000: 46 41 43 50 0C 01 00 00 05 18 41 4C 41 53 4B 41  FACP......ALASKA
    0010: 41 20 4D 20 49 00 00 00 09 20 07 01 41 4D 49 20  A M I.... ..AMI 
    0020: 13 00 01 00 80 40 C1 DA 78 91 C0 DA 01 01 09 00  .....@..x.......
    0030: B2 00 00 00 A0 A1 00 00 00 04 00 00 00 00 00 00  ................
    0040: 04 04 00 00 00 00 00 00 50 04 00 00 08 04 00 00  ........P.......
    0050: 20 04 00 00 00 00 00 00 04 02 01 04 10 00 00 00   ...............
    0060: 65 00 E9 03 00 04 10 00 00 00 0D 00 32 10 00 00  e...........2...
    0070: A5 84 03 00 01 08 00 00 F9 0C 00 00 00 00 00 00  ................
    0080: 06 00 00 00 00 00 00 00 00 00 00 00 78 91 C0 DA  ............x...
    0090: 00 00 00 00 01 20 00 02 00 04 00 00 00 00 00 00  ..... ..........
    00A0: 01 00 00 02 00 00 00 00 00 00 00 00 01 10 00 02  ................
    00B0: 04 04 00 00 00 00 00 00 01 00 00 02 00 00 00 00  ................
    00C0: 00 00 00 00 01 08 00 01 50 04 00 00 00 00 00 00  ........P.......
    00D0: 01 20 00 03 08 04 00 00 00 00 00 00 01 80 00 01  . ..............
    00E0: 20 04 00 00 00 00 00 00 01 00 00 01 00 00 00 00   ...............
    00F0: 00 00 00 00 00 00 00 00 00 00 00 00 00 00 00 00  ................
    0100: 00 00 00 00 00 00 00 00 00 00 00 00              ............

FPDT @ 0x0000000000000000
    0000: 46 50 44 54 44 00 00 00 01 A8 41 4C 41 53 4B 41  FPDTD.....ALASKA
    0010: 41 20 4D 20 49 00 00 00 09 20 07 01 41 4D 49 20  A M I.... ..AMI 
    0020: 13 00 01 00 01 00 10 01 00 00 00 00 18 70 EF DA  .............p..
    0030: 00 00 00 00 00 00 10 01 00 00 00 00 38 70 EF DA  ............8p..
    0040: 00 00 00 00                                      ....

SSDT @ 0x0000000000000000
    0000: 53 53 44 54 6D 03 00 00 01 3C 53 61 74 61 52 65  SSDTm....<SataRe
    0010: 53 61 74 61 54 61 62 6C 00 10 00 00 49 4E 54 4C  SataTabl....INTL
    0020: 12 11 09 20 10 46 09 5C 00 08 53 54 46 45 11 0A  ... .F.\..STFE..
    0030: 0A 07 10 06 00 00 00 00 EF 08 53 54 46 44 11 0A  ..........STFD..
    0040: 0A 07 90 06 00 00 00 00 EF 08 46 5A 54 46 11 0A  ..........FZTF..
    0050: 0A 07 00 00 00 00 00 00 F5 08 44 43 46 4C 11 0A  ..........DCFL..
    0060: 0A 07 C1 00 00 00 00 00 B1 08 53 43 42 46 11 03  ..........SCBF..
    0070: 0A 15 08 43 4D 44 43 00 14 42 04 47 54 46 42 0A  ...CMDC..B.GTFB.
    0080: 77 43 4D 44 43 0A 38 60 5B 13 53 43 42 46 60 0A  wCMDC.8`[.SCBF`.
    0090: 38 43 4D 44 58 77 43 4D 44 43 0A 07 60 8C 53 43  8CMDXwCMDC..`.SC
    00A0: 42 46 72 60 01 00 41 30 30 31 70 68 43 4D 44 58  BFr`..A001phCMDX
    00B0: 70 69 41 30 30 31 75 43 4D 44 43 10 41 2B 5C 2F  piA001uCMDC.A+\/
    00C0: 03 5F 53 42 5F 50 43 49 30 53 41 54 30 08 52 45  ._SB_PCI0SAT0.RE
    00D0: 47 46 01 14 12 5F 52 45 47 02 A0 0B 93 68 0A 02  GF..._REG....h..
    00E0: 70 69 52 45 47 46 08 54 4D 44 30 11 03 0A 14 8A  piREGF.TMD0.....
    00F0: 54 4D 44 30 00 50 49 4F 30 8A 54 4D 44 30 0A 04  TMD0.PIO0.TMD0..
    0100: 44 4D 41 30 8A 54 4D 44 30 0A 08 50 49 4F 31 8A  DMA0.TMD0..PIO1.
    0110: 54 4D 44 30 0A 0C 44 4D 41 31 8A 54 4D 44 30 0A  TMD0..DMA1.TMD0.
    0120: 10 43 48 4E 46 14 32 5F 47 54 4D 00 70 0A 78 50  .CHNF.2_GTM.p.xP
    0130: 49 4F 30 70 0A 14 44 4D 41 30 70 0A 78 50 49 4F  IO0p..DMA0p.xPIO
    0140: 31 70 0A 14 44 4D 41 31 7D 43 48 4E 46 0A 05 43  1p..DMA1}CHNF..C
    0150: 48 4E 46 A4 54 4D 44 30 14 06 5F 53 54 4D 03 5B  HNF.TMD0.._STM.[
    0160: 82 44 05 53 50 54 30 08 5F 41 44 52 0B FF FF 14  .D.SPT0._ADR....
    0170: 45 04 5F 47 54 46 00 70 00 43 4D 44 43 A0 14 91  E._GTF.p.CMDC...
    0180: 44 53 53 50 46 48 50 50 47 54 46 42 53 54 46 44  DSSPFHPPGTFBSTFD
    0190: 0A 06 A1 0B 47 54 46 42 53 54 46 45 0A 06 47 54  ....GTFBSTFE..GT
    01A0: 46 42 46 5A 54 46 00 47 54 46 42 44 43 46 4C 00  FBFZTF.GTFBDCFL.
    01B0: A4 53 43 42 46 5B 82 46 05 53 50 54 31 08 5F 41  .SCBF[.F.SPT1._A
    01C0: 44 52 0C FF FF 01 00 14 45 04 5F 47 54 46 00 70  DR......E._GTF.p
    01D0: 00 43 4D 44 43 A0 14 91 44 53 53 50 46 48 50 50  .CMDC...DSSPFHPP
    01E0: 47 54 46 42 53 54 46 44 0A 06 A1 0B 47 54 46 42  GTFBSTFD....GTFB
    01F0: 53 54 46 45 0A 06 47 54 46 42 46 5A 54 46 00 47  STFE..GTFBFZTF.G
    0200: 54 46 42 44 43 46 4C 00 A4 53 43 42 46 5B 82 46  TFBDCFL..SCBF[.F
    0210: 05 53 50 54 32 08 5F 41 44 52 0C FF FF 02 00 14  .SPT2._ADR......
    0220: 45 04 5F 47 54 46 00 70 00 43 4D 44 43 A0 14 91  E._GTF.p.CMDC...
    0230: 44 53 53 50 46 48 50 50 47 54 46 42 53 54 46 44  DSSPFHPPGTFBSTFD
    0240: 0A 06 A1 0B 47 54 46 42 53 54 46 45 0A 06 47 54  ....GTFBSTFE..GT
    0250: 46 42 46 5A 54 46 00 47 54 46 42 44 43 46 4C 00  FBFZTF.GTFBDCFL.
    0260: A4 53 43 42 46 5B 82 46 05 53 50 54 33 08 5F 41  .SCBF[.F.SPT3._A
    0270: 44 52 0C FF FF 03 00 14 45 04 5F 47 54 46 00 70  DR......E._GTF.p
    0280: 00 43 4D 44 43 A0 14 91 44 53 53 50 46 48 50 50  .CMDC...DSSPFHPP
    0290: 47 54 46 42 53 54 46 44 0A 06 A1 0B 47 54 46 42  GTFBSTFD....GTFB
    02A0: 53 54 46 45 0A 06 47 54 46 42 46 5A 54 46 00 47  STFE..GTFBFZTF.G
    02B0: 54 46 42 44 43 46 4C 00 A4 53 43 42 46 5B 82 46  TFBDCFL..SCBF[.F
    02C0: 05 53 50 54 34 08 5F 41 44 52 0C FF FF 04 00 14  .SPT4._ADR......
    02D0: 45 04 5F 47 54 46 00 70 00 43 4D 44 43 A0 14 91  E._GTF.p.CMDC...
    02E0: 44 53 53 50 46 48 50 50 47 54 46 42 53 54 46 44  DSSPFHPPGTFBSTFD
    02F0: 0A 06 A1 0B 47 54 46 42 53 54 46 45 0A 06 47 54  ....GTFBSTFE..GT
    0300: 46 42 46 5A 54 46 00 47 54 46 42 44 43 46 4C 00  FBFZTF.GTFBDCFL.
    0310: A4 53 43 42 46 5B 82 46 05 53 50 54 35 08 5F 41  .SCBF[.F.SPT5._A
    0320: 44 52 0C FF FF 05 00 14 45 04 5F 47 54 46 00 70  DR......E._GTF.p
    0330: 00 43 4D 44 43 A0 14 91 44 53 53 50 46 48 50 50  .CMDC...DSSPFHPP
    0340: 47 54 46 42 53 54 46 44 0A 06 A1 0B 47 54 46 42  GTFBSTFD....GTFB
    0350: 53 54 46 45 0A 06 47 54 46 42 46 5A 54 46 00 47  STFE..GTFBFZTF.G
    0360: 54 46 42 44 43 46 4C 00 A4 53 43 42 46           TFBDCFL..SCBF

HPET @ 0x0000000000000000
    0000: 48 50 45 54 38 00 00 00 01 B6 41 4C 41 53 4B 41  HPET8.....ALASKA
    0010: 41 20 4D 20 49 00 00 00 09 20 07 01 41 4D 49 2E  A M I.... ..AMI.
    0020: 05 00 00 00 01 A7 86 80 00 40 00 00 00 00 D0 FE  .........@......
    0030: 00 00 00 00 00 EE 37 00                          ......7.

FACS @ 0x0000000000000000
    0000: 46 41 43 53 40 00 00 00 A9 67 B7 F8 00 00 00 00  FACS@....g......
    0010: 00 00 00 00 00 00 00 00 00 00 00 00 00 00 00 00  ................
    0020: 02 00 00 00 00 00 00 00 00 00 00 00 00 00 00 00  ................
    0030: 00 00 00 00 00 00 00 00 00 00 00 00 00 00 00 00  ................

SSDT @ 0x0000000000000000
    0000: 53 53 44 54 3B 08 00 00 01 D8 50 6D 52 65 66 00  SSDT;.....PmRef.
    0010: 43 70 75 30 43 73 74 00 01 30 00 00 49 4E 54 4C  Cpu0Cst..0..INTL
    0020: 17 11 05 20 10 46 81 5C 2E 5F 50 52 5F 43 50 55  ... .F.\._PR_CPU
    0030: 30 08 43 31 4C 4D 12 1C 04 11 14 0A 11 82 0C 00  0.C1LM..........
    0040: 7F 01 02 01 00 00 00 00 00 00 00 00 79 00 01 01  ............y...
    0050: 0B E8 03 08 43 31 4C 48 12 1C 04 11 14 0A 11 82  ....C1LH........
    0060: 0C 00 7F 00 00 00 00 00 00 00 00 00 00 00 79 00  ..............y.
    0070: 01 01 0B E8 03 08 43 33 4C 4D 12 1E 04 11 14 0A  ......C3LM......
    0080: 11 82 0C 00 7F 01 02 01 10 00 00 00 00 00 00 00  ................
    0090: 79 00 0A 02 0A 94 0B F4 01 08 43 37 53 4D 12 1D  y.........C7SM..
    00A0: 04 11 14 0A 11 82 0C 00 7F 01 02 01 31 00 00 00  ............1...
    00B0: 00 00 00 00 79 00 0A 03 0A C6 0A C8 08 43 37 4C  ....y........C7L
    00C0: 4D 12 1D 04 11 14 0A 11 82 0C 00 7F 01 02 01 30  M..............0
    00D0: 00 00 00 00 00 00 00 79 00 0A 03 0A C6 0A C8 08  .......y........
    00E0: 43 36 4C 4D 12 1E 04 11 14 0A 11 82 0C 00 7F 01  C6LM............
    00F0: 02 01 20 00 00 00 00 00 00 00 79 00 0A 03 0A A9  .. .......y.....
    0100: 0B 5E 01 08 43 33 4C 49 12 1E 04 11 14 0A 11 82  .^..C3LI........
    0110: 0C 00 01 08 00 00 14 04 00 00 00 00 00 00 79 00  ..............y.
    0120: 0A 02 0A 94 0B F4 01 08 43 36 4C 49 12 1E 04 11  ........C6LI....
    0130: 14 0A 11 82 0C 00 01 08 00 00 15 04 00 00 00 00  ................
    0140: 00 00 79 00 0A 03 0A A9 0B 5E 01 08 43 37 4C 49  ..y......^..C7LI
    0150: 12 1D 04 11 14 0A 11 82 0C 00 01 08 00 00 16 04  ................
    0160: 00 00 00 00 00 00 79 00 0A 03 0A C6 0A C8 08 43  ......y........C
    0170: 33 53 54 12 0D 04 0A 03 12 02 00 12 02 00 12 02  3ST.............
    0180: 00 08 43 32 53 54 12 0A 03 0A 02 12 02 00 12 02  ..C2ST..........
    0190: 00 08 43 31 53 54 12 06 02 01 12 02 00 08 43 53  ..C1ST........CS
    01A0: 54 46 00 14 47 69 5F 43 53 54 08 A0 4A 17 92 43  TF..Gi_CST..J..C
    01B0: 53 54 46 A0 4E 0B 93 7B 43 50 49 44 0C F0 0F FF  STF.N..{CPID....
    01C0: 0F 00 0C A0 06 03 00 A0 4A 05 7B 43 46 47 44 0C  ........J.{CFGD.
    01D0: 00 00 40 00 00 70 0A 3B 88 43 33 4C 49 0A 02 00  ..@..p.;.C3LI...
    01E0: 70 0A 3B 88 43 33 4C 4D 0A 02 00 70 0A 50 88 43  p.;.C3LM...p.P.C
    01F0: 36 4C 49 0A 02 00 70 0A 50 88 43 36 4C 4D 0A 02  6LI...p.P.C6LM..
    0200: 00 70 0A 57 88 43 37 4C 49 0A 02 00 70 0A 57 88  .p.W.C7LI...p.W.
    0210: 43 37 4C 4D 0A 02 00 70 0A 57 88 43 37 53 4D 0A  C7LM...p.W.C7SM.
    0220: 02 00 A1 4F 04 70 0A 94 88 43 33 4C 49 0A 02 00  ...O.p...C3LI...
    0230: 70 0A 94 88 43 33 4C 4D 0A 02 00 70 0A A9 88 43  p...C3LM...p...C
    0240: 36 4C 49 0A 02 00 70 0A A9 88 43 36 4C 4D 0A 02  6LI...p...C6LM..
    0250: 00 70 0A C6 88 43 37 4C 49 0A 02 00 70 0A C6 88  .p...C7LI...p...
    0260: 43 37 4C 4D 0A 02 00 70 0A C6 88 43 37 53 4D 0A  C7LM...p...C7SM.
    0270: 02 00 A1 4D 0A A0 4A 05 7B 43 46 47 44 0C 00 00  ...M..J.{CFGD...
    0280: 40 00 00 70 0A 50 88 43 33 4C 49 0A 02 00 70 0A  @..p.P.C3LI...p.
    0290: 50 88 43 33 4C 4D 0A 02 00 70 0A 68 88 43 36 4C  P.C3LM...p.h.C6L
    02A0: 49 0A 02 00 70 0A 68 88 43 36 4C 4D 0A 02 00 70  I...p.h.C6LM...p
    02B0: 0A 6D 88 43 37 4C 49 0A 02 00 70 0A 6D 88 43 37  .m.C7LI...p.m.C7
    02C0: 4C 4D 0A 02 00 70 0A 6D 88 43 37 53 4D 0A 02 00  LM...p.m.C7SM...
    02D0: A1 4F 04 70 0A 9C 88 43 33 4C 49 0A 02 00 70 0A  .O.p...C3LI...p.
    02E0: 9C 88 43 33 4C 4D 0A 02 00 70 0A B5 88 43 36 4C  ..C3LM...p...C6L
    02F0: 49 0A 02 00 70 0A B5 88 43 36 4C 4D 0A 02 00 70  I...p...C6LM...p
    0300: 0A C7 88 43 37 4C 49 0A 02 00 70 0A C7 88 43 37  ...C7LI...p...C7
    0310: 4C 4D 0A 02 00 70 0A C7 88 43 37 53 4D 0A 02 00  LM...p...C7SM...
    0320: 70 FF 43 53 54 46 A0 4A 1F 90 7B 43 46 47 44 0B  p.CSTF.J..{CFGD.
    0330: 00 10 00 7B 50 44 43 30 0B 00 02 00 A0 40 17 91  ...{PDC0.....@..
    0340: 92 50 57 52 53 92 93 50 46 4C 56 46 4D 42 4C A0  .PWRS..PFLVFMBL.
    0350: 42 06 7B 43 46 47 44 0C 00 00 01 00 00 A0 34 7B  B.{CFGD.......4{
    0360: 43 46 47 44 0A 08 00 70 43 31 4C 4D 88 43 33 53  CFGD...pC1LM.C3S
    0370: 54 01 00 70 43 33 4C 4D 88 43 33 53 54 0A 02 00  T..pC3LM.C3ST...
    0380: 70 43 37 53 4D 88 43 33 53 54 0A 03 00 A4 43 33  pC7SM.C3ST....C3
    0390: 53 54 A1 1F 70 43 31 4C 4D 88 43 32 53 54 01 00  ST..pC1LM.C2ST..
    03A0: 70 43 37 53 4D 88 43 32 53 54 0A 02 00 A4 43 32  pC7SM.C2ST....C2
    03B0: 53 54 A0 4F 05 7B 43 46 47 44 0A 20 00 A0 34 7B  ST.O.{CFGD. ..4{
    03C0: 43 46 47 44 0A 08 00 70 43 31 4C 4D 88 43 33 53  CFGD...pC1LM.C3S
    03D0: 54 01 00 70 43 33 4C 4D 88 43 33 53 54 0A 02 00  T..pC3LM.C3ST...
    03E0: 70 43 37 4C 4D 88 43 33 53 54 0A 03 00 A4 43 33  pC7LM.C3ST....C3
    03F0: 53 54 A1 1F 70 43 31 4C 4D 88 43 32 53 54 01 00  ST..pC1LM.C2ST..
    0400: 70 43 37 4C 4D 88 43 32 53 54 0A 02 00 A4 43 32  pC7LM.C2ST....C2
    0410: 53 54 A0 4F 05 7B 43 46 47 44 0A 10 00 A0 34 7B  ST.O.{CFGD....4{
    0420: 43 46 47 44 0A 08 00 70 43 31 4C 4D 88 43 33 53  CFGD...pC1LM.C3S
    0430: 54 01 00 70 43 33 4C 4D 88 43 33 53 54 0A 02 00  T..pC3LM.C3ST...
    0440: 70 43 36 4C 4D 88 43 33 53 54 0A 03 00 A4 43 33  pC6LM.C3ST....C3
    0450: 53 54 A1 1F 70 43 31 4C 4D 88 43 32 53 54 01 00  ST..pC1LM.C2ST..
    0460: 70 43 36 4C 4D 88 43 32 53 54 0A 02 00 A4 43 32  pC6LM.C2ST....C2
    0470: 53 54 A0 27 7B 43 46 47 44 0A 08 00 70 43 31 4C  ST.'{CFGD...pC1L
    0480: 4D 88 43 32 53 54 01 00 70 43 33 4C 4D 88 43 32  M.C2ST..pC3LM.C2
    0490: 53 54 0A 02 00 A4 43 32 53 54 A1 12 70 43 31 4C  ST....C2ST..pC1L
    04A0: 4D 88 43 31 53 54 01 00 A4 43 31 53 54 A0 36 7B  M.C1ST...C1ST.6{
    04B0: 43 46 47 44 0A 10 00 70 43 31 4C 4D 88 43 32 53  CFGD...pC1LM.C2S
    04C0: 54 01 00 70 43 36 4C 4D 88 43 32 53 54 0A 02 00  T..pC6LM.C2ST...
    04D0: 70 0A 02 88 83 88 43 32 53 54 0A 02 00 01 00 A4  p.....C2ST......
    04E0: 43 32 53 54 A1 3C A0 27 7B 43 46 47 44 0A 08 00  C2ST.<.'{CFGD...
    04F0: 70 43 31 4C 4D 88 43 32 53 54 01 00 70 43 33 4C  pC1LM.C2ST..pC3L
    0500: 4D 88 43 32 53 54 0A 02 00 A4 43 32 53 54 A1 12  M.C2ST....C2ST..
    0510: 70 43 31 4C 4D 88 43 31 53 54 01 00 A4 43 31 53  pC1LM.C1ST...C1S
    0520: 54 A0 47 19 90 7B 43 46 47 44 0B 00 10 00 7B 50  T.G..{CFGD....{P
    0530: 44 43 30 0B 00 01 00 A0 4D 10 91 92 50 57 52 53  DC0.....M...PWRS
    0540: 92 93 50 46 4C 56 46 4D 42 4C A0 4F 05 7B 43 46  ..PFLVFMBL.O.{CF
    0550: 47 44 0A 20 00 A0 34 7B 43 46 47 44 0A 08 00 70  GD. ..4{CFGD...p
    0560: 43 31 4C 4D 88 43 33 53 54 01 00 70 43 33 4C 49  C1LM.C3ST..pC3LI
    0570: 88 43 33 53 54 0A 02 00 70 43 37 4C 49 88 43 33  .C3ST...pC7LI.C3
    0580: 53 54 0A 03 00 A4 43 33 53 54 A1 1F 70 43 31 4C  ST....C3ST..pC1L
    0590: 4D 88 43 32 53 54 01 00 70 43 37 4C 49 88 43 32  M.C2ST..pC7LI.C2
    05A0: 53 54 0A 02 00 A4 43 32 53 54 A0 4F 05 7B 43 46  ST....C2ST.O.{CF
    05B0: 47 44 0A 10 00 A0 34 7B 43 46 47 44 0A 08 00 70  GD....4{CFGD...p
    05C0: 43 31 4C 4D 88 43 33 53 54 01 00 70 43 33 4C 49  C1LM.C3ST..pC3LI
    05D0: 88 43 33 53 54 0A 02 00 70 43 36 4C 49 88 43 33  .C3ST...pC6LI.C3
    05E0: 53 54 0A 03 00 A4 43 33 53 54 A1 1F 70 43 31 4C  ST....C3ST..pC1L
    05F0: 4D 88 43 32 53 54 01 00 70 43 36 4C 49 88 43 32  M.C2ST..pC6LI.C2
    0600: 53 54 0A 02 00 A4 43 32 53 54 A0 27 7B 43 46 47  ST....C2ST.'{CFG
    0610: 44 0A 08 00 70 43 31 4C 4D 88 43 32 53 54 01 00  D...pC1LM.C2ST..
    0620: 70 43 33 4C 49 88 43 32 53 54 0A 02 00 A4 43 32  pC3LI.C2ST....C2
    0630: 53 54 A1 12 70 43 31 4C 4D 88 43 31 53 54 01 00  ST..pC1LM.C1ST..
    0640: A4 43 31 53 54 A0 36 7B 43 46 47 44 0A 10 00 70  .C1ST.6{CFGD...p
    0650: 43 31 4C 4D 88 43 32 53 54 01 00 70 43 36 4C 49  C1LM.C2ST..pC6LI
    0660: 88 43 32 53 54 0A 02 00 70 0A 02 88 83 88 43 32  .C2ST...p.....C2
    0670: 53 54 0A 02 00 01 00 A4 43 32 53 54 A1 3C A0 27  ST......C2ST.<.'
    0680: 7B 43 46 47 44 0A 08 00 70 43 31 4C 4D 88 43 32  {CFGD...pC1LM.C2
    0690: 53 54 01 00 70 43 33 4C 49 88 43 32 53 54 0A 02  ST..pC3LI.C2ST..
    06A0: 00 A4 43 32 53 54 A1 12 70 43 31 4C 4D 88 43 31  ..C2ST..pC1LM.C1
    06B0: 53 54 01 00 A4 43 31 53 54 A0 4D 10 91 92 50 57  ST...C1ST.M...PW
    06C0: 52 53 92 93 50 46 4C 56 46 4D 42 4C A0 4F 05 7B  RS..PFLVFMBL.O.{
    06D0: 43 46 47 44 0A 20 00 A0 34 7B 43 46 47 44 0A 08  CFGD. ..4{CFGD..
    06E0: 00 70 43 31 4C 48 88 43 33 53 54 01 00 70 43 33  .pC1LH.C3ST..pC3
    06F0: 4C 49 88 43 33 53 54 0A 02 00 70 43 37 4C 49 88  LI.C3ST...pC7LI.
    0700: 43 33 53 54 0A 03 00 A4 43 33 53 54 A1 1F 70 43  C3ST....C3ST..pC
    0710: 31 4C 48 88 43 32 53 54 01 00 70 43 37 4C 49 88  1LH.C2ST..pC7LI.
    0720: 43 32 53 54 0A 02 00 A4 43 32 53 54 A0 4F 05 7B  C2ST....C2ST.O.{
    0730: 43 46 47 44 0A 10 00 A0 34 7B 43 46 47 44 0A 08  CFGD....4{CFGD..
    0740: 00 70 43 31 4C 48 88 43 33 53 54 01 00 70 43 33  .pC1LH.C3ST..pC3
    0750: 4C 49 88 43 33 53 54 0A 02 00 70 43 36 4C 49 88  LI.C3ST...pC6LI.
    0760: 43 33 53 54 0A 03 00 A4 43 33 53 54 A1 1F 70 43  C3ST....C3ST..pC
    0770: 31 4C 48 88 43 32 53 54 01 00 70 43 36 4C 49 88  1LH.C2ST..pC6LI.
    0780: 43 32 53 54 0A 02 00 A4 43 32 53 54 A0 27 7B 43  C2ST....C2ST.'{C
    0790: 46 47 44 0A 08 00 70 43 31 4C 48 88 43 32 53 54  FGD...pC1LH.C2ST
    07A0: 01 00 70 43 33 4C 49 88 43 32 53 54 0A 02 00 A4  ..pC3LI.C2ST....
    07B0: 43 32 53 54 A1 12 70 43 31 4C 48 88 43 31 53 54  C2ST..pC1LH.C1ST
    07C0: 01 00 A4 43 31 53 54 A0 36 7B 43 46 47 44 0A 10  ...C1ST.6{CFGD..
    07D0: 00 70 43 31 4C 48 88 43 32 53 54 01 00 70 43 36  .pC1LH.C2ST..pC6
    07E0: 4C 49 88 43 32 53 54 0A 02 00 70 0A 02 88 83 88  LI.C2ST...p.....
    07F0: 43 32 53 54 0A 02 00 01 00 A4 43 32 53 54 A1 3C  C2ST......C2ST.<
    0800: A0 27 7B 43 46 47 44 0A 08 00 70 43 31 4C 48 88  .'{CFGD...pC1LH.
    0810: 43 32 53 54 01 00 70 43 33 4C 49 88 43 32 53 54  C2ST..pC3LI.C2ST
    0820: 0A 02 00 A4 43 32 53 54 A1 12 70 43 31 4C 48 88  ....C2ST..pC1LH.
    0830: 43 31 53 54 01 00 A4 43 31 53 54                 C1ST...C1ST

SSDT @ 0x0000000000000000
    0000: 53 53 44 54 03 03 00 00 01 76 50 6D 52 65 66 00  SSDT.....vPmRef.
    0010: 41 70 49 73 74 00 00 00 00 30 00 00 49 4E 54 4C  ApIst....0..INTL
    0020: 17 11 05 20 10 48 06 5C 2E 5F 50 52 5F 43 50 55  ... .H.\._PR_CPU
    0030: 31 14 16 5F 50 50 43 00 A4 5C 2F 03 5F 50 52 5F  1.._PPC..\/._PR_
    0040: 43 50 55 30 5F 50 50 43 14 16 5F 50 43 54 00 A4  CPU0_PPC.._PCT..
    0050: 5C 2F 03 5F 50 52 5F 43 50 55 30 5F 50 43 54 14  \/._PR_CPU0_PCT.
    0060: 16 5F 50 53 53 00 A4 5C 2F 03 5F 50 52 5F 43 50  ._PSS..\/._PR_CP
    0070: 55 30 5F 50 53 53 14 16 5F 50 53 44 00 A4 5C 2F  U0_PSS.._PSD..\/
    0080: 03 5F 50 52 5F 43 50 55 30 5F 50 53 44 10 48 06  ._PR_CPU0_PSD.H.
    0090: 5C 2E 5F 50 52 5F 43 50 55 32 14 16 5F 50 50 43  \._PR_CPU2.._PPC
    00A0: 00 A4 5C 2F 03 5F 50 52 5F 43 50 55 30 5F 50 50  ..\/._PR_CPU0_PP
    00B0: 43 14 16 5F 50 43 54 00 A4 5C 2F 03 5F 50 52 5F  C.._PCT..\/._PR_
    00C0: 43 50 55 30 5F 50 43 54 14 16 5F 50 53 53 00 A4  CPU0_PCT.._PSS..
    00D0: 5C 2F 03 5F 50 52 5F 43 50 55 30 5F 50 53 53 14  \/._PR_CPU0_PSS.
    00E0: 16 5F 50 53 44 00 A4 5C 2F 03 5F 50 52 5F 43 50  ._PSD..\/._PR_CP
    00F0: 55 30 5F 50 53 44 10 48 06 5C 2E 5F 50 52 5F 43  U0_PSD.H.\._PR_C
    0100: 50 55 33 14 16 5F 50 50 43 00 A4 5C 2F 03 5F 50  PU3.._PPC..\/._P
    0110: 52 5F 43 50 55 30 5F 50 50 43 14 16 5F 50 43 54  R_CPU0_PPC.._PCT
    0120: 00 A4 5C 2F 03 5F 50 52 5F 43 50 55 30 5F 50 43  ..\/._PR_CPU0_PC
    0130: 54 14 16 5F 50 53 53 00 A4 5C 2F 03 5F 50 52 5F  T.._PSS..\/._PR_
    0140: 43 50 55 30 5F 50 53 53 14 16 5F 50 53 44 00 A4  CPU0_PSS.._PSD..
    0150: 5C 2F 03 5F 50 52 5F 43 50 55 30 5F 50 53 44 10  \/._PR_CPU0_PSD.
    0160: 48 06 5C 2E 5F 50 52 5F 43 50 55 34 14 16 5F 50  H.\._PR_CPU4.._P
    0170: 50 43 00 A4 5C 2F 03 5F 50 52 5F 43 50 55 30 5F  PC..\/._PR_CPU0_
    0180: 50 50 43 14 16 5F 50 43 54 00 A4 5C 2F 03 5F 50  PPC.._PCT..\/._P
    0190: 52 5F 43 50 55 30 5F 50 43 54 14 16 5F 50 53 53  R_CPU0_PCT.._PSS
    01A0: 00 A4 5C 2F 03 5F 50 52 5F 43 50 55 30 5F 50 53  ..\/._PR_CPU0_PS
    01B0: 53 14 16 5F 50 53 44 00 A4 5C 2F 03 5F 50 52 5F  S.._PSD..\/._PR_
    01C0: 43 50 55 30 5F 50 53 44 10 48 06 5C 2E 5F 50 52  CPU0_PSD.H.\._PR
    01D0: 5F 43 50 55 35 14 16 5F 50 50 43 00 A4 5C 2F 03  _CPU5.._PPC..\/.
    01E0: 5F 50 52 5F 43 50 55 30 5F 50 50 43 14 16 5F 50  _PR_CPU0_PPC.._P
    01F0: 43 54 00 A4 5C 2F 03 5F 50 52 5F 43 50 55 30 5F  CT..\/._PR_CPU0_
    0200: 50 43 54 14 16 5F 50 53 53 00 A4 5C 2F 03 5F 50  PCT.._PSS..\/._P
    0210: 52 5F 43 50 55 30 5F 50 53 53 14 16 5F 50 53 44  R_CPU0_PSS.._PSD
    0220: 00 A4 5C 2F 03 5F 50 52 5F 43 50 55 30 5F 50 53  ..\/._PR_CPU0_PS
    0230: 44 10 48 06 5C 2E 5F 50 52 5F 43 50 55 36 14 16  D.H.\._PR_CPU6..
    0240: 5F 50 50 43 00 A4 5C 2F 03 5F 50 52 5F 43 50 55  _PPC..\/._PR_CPU
    0250: 30 5F 50 50 43 14 16 5F 50 43 54 00 A4 5C 2F 03  0_PPC.._PCT..\/.
    0260: 5F 50 52 5F 43 50 55 30 5F 50 43 54 14 16 5F 50  _PR_CPU0_PCT.._P
    0270: 53 53 00 A4 5C 2F 03 5F 50 52 5F 43 50 55 30 5F  SS..\/._PR_CPU0_
    0280: 50 53 53 14 16 5F 50 53 44 00 A4 5C 2F 03 5F 50  PSS.._PSD..\/._P
    0290: 52 5F 43 50 55 30 5F 50 53 44 10 48 06 5C 2E 5F  R_CPU0_PSD.H.\._
    02A0: 50 52 5F 43 50 55 37 14 16 5F 50 50 43 00 A4 5C  PR_CPU7.._PPC..\
    02B0: 2F 03 5F 50 52 5F 43 50 55 30 5F 50 50 43 14 16  /._PR_CPU0_PPC..
    02C0: 5F 50 43 54 00 A4 5C 2F 03 5F 50 52 5F 43 50 55  _PCT..\/._PR_CPU
    02D0: 30 5F 50 43 54 14 16 5F 50 53 53 00 A4 5C 2F 03  0_PCT.._PSS..\/.
    02E0: 5F 50 52 5F 43 50 55 30 5F 50 53 53 14 16 5F 50  _PR_CPU0_PSS.._P
    02F0: 53 44 00 A4 5C 2F 03 5F 50 52 5F 43 50 55 30 5F  SD..\/._PR_CPU0_
    0300: 50 53 44                                         PSD

SSDT @ 0x0000000000000000
    0000: 53 53 44 54 19 01 00 00 01 EC 50 6D 52 65 66 00  SSDT......PmRef.
    0010: 41 70 43 73 74 00 00 00 00 30 00 00 49 4E 54 4C  ApCst....0..INTL
    0020: 17 11 05 20 10 22 5C 2E 5F 50 52 5F 43 50 55 31  ... ."\._PR_CPU1
    0030: 14 16 5F 43 53 54 00 A4 5C 2F 03 5F 50 52 5F 43  .._CST..\/._PR_C
    0040: 50 55 30 5F 43 53 54 10 22 5C 2E 5F 50 52 5F 43  PU0_CST."\._PR_C
    0050: 50 55 32 14 16 5F 43 53 54 00 A4 5C 2F 03 5F 50  PU2.._CST..\/._P
    0060: 52 5F 43 50 55 30 5F 43 53 54 10 22 5C 2E 5F 50  R_CPU0_CST."\._P
    0070: 52 5F 43 50 55 33 14 16 5F 43 53 54 00 A4 5C 2F  R_CPU3.._CST..\/
    0080: 03 5F 50 52 5F 43 50 55 30 5F 43 53 54 10 22 5C  ._PR_CPU0_CST."\
    0090: 2E 5F 50 52 5F 43 50 55 34 14 16 5F 43 53 54 00  ._PR_CPU4.._CST.
    00A0: A4 5C 2F 03 5F 50 52 5F 43 50 55 30 5F 43 53 54  .\/._PR_CPU0_CST
    00B0: 10 22 5C 2E 5F 50 52 5F 43 50 55 35 14 16 5F 43  ."\._PR_CPU5.._C
    00C0: 53 54 00 A4 5C 2F 03 5F 50 52 5F 43 50 55 30 5F  ST..\/._PR_CPU0_
    00D0: 43 53 54 10 22 5C 2E 5F 50 52 5F 43 50 55 36 14  CST."\._PR_CPU6.
    00E0: 16 5F 43 53 54 00 A4 5C 2F 03 5F 50 52 5F 43 50  ._CST..\/._PR_CP
    00F0: 55 30 5F 43 53 54 10 22 5C 2E 5F 50 52 5F 43 50  U0_CST."\._PR_CP
    0100: 55 37 14 16 5F 43 53 54 00 A4 5C 2F 03 5F 50 52  U7.._CST..\/._PR
    0110: 5F 43 50 55 30 5F 43 53 54                       _CPU0_CST

