CPU: ID 0x306a9, Processor Type 0x0, Family 0x6, Model 0x3a, Stepping 0x9
Northbridge: 8086:0158 (3rd generation (Ivy Bridge family) Core Processor (Xeon E3 v2))
Southbridge: 8086:1c4a (H67)
IGD: 8086:016a (Intel(R) HD 4000 Graphics)

============= GPIOS =============

GPIOBASE = 0x0500 (IO)

gpiobase+0x0000: 0xb943b1c3 (GPIO_USE_SEL)
gpiobase+0x0000: 0xb96ba1ff (GPIO_USE_SEL) DEFAULT
gpiobase+0x0000: 0x0028103c (GPIO_USE_SEL) DIFF
gpiobase+0x0004: 0x8eff6ec3 (GP_IO_SEL)
gpiobase+0x0004: 0xf6ff6eff (GP_IO_SEL) DEFAULT
gpiobase+0x0004: 0x7800003c (GP_IO_SEL) DIFF
gpiobase+0x0008: 0x00000000 (RESERVED)
gpiobase+0x000c: 0xe8fb6fff (GP_LVL)
gpiobase+0x000c: 0x02fe0100 (GP_LVL) DEFAULT
gpiobase+0x000c: 0xea056eff (GP_LVL) DIFF
gpiobase+0x0010: 0x00000000 (RESERVED)
gpiobase+0x0014: 0x00000000 (RESERVED)
gpiobase+0x0018: 0x00040000 (GPO_BLINK)
gpiobase+0x001c: 0x00000000 (GP_SER_BLINK)
gpiobase+0x0020: 0x00080000 (GP_SB_CMDSTS)
gpiobase+0x0024: 0x00000000 (GP_SB_DATA)
gpiobase+0x0028: 0x0000     (GPI_NMI_EN)
gpiobase+0x002a: 0x0000     (GPI_NMI_STS)
gpiobase+0x002c: 0x00002000 (GPI_INV)
gpiobase+0x002c: 0x00000000 (GPI_INV) DEFAULT
gpiobase+0x002c: 0x00002000 (GPI_INV) DIFF
gpiobase+0x0030: 0x02020007 (GPIO_USE_SEL2)
gpiobase+0x0030: 0x020300ff (GPIO_USE_SEL2) DEFAULT
gpiobase+0x0030: 0x000100f8 (GPIO_USE_SEL2) DIFF
gpiobase+0x0034: 0x1f56ff34 (GP_IO_SEL2)
gpiobase+0x0034: 0x1f57fff4 (GP_IO_SEL2) DEFAULT
gpiobase+0x0034: 0x000100c0 (GP_IO_SEL2) DIFF
gpiobase+0x0038: 0xbcff7f0f (GP_LVL2)
gpiobase+0x0038: 0xa4aa0007 (GP_LVL2) DEFAULT
gpiobase+0x0038: 0x58557f08 (GP_LVL2) DIFF
gpiobase+0x003c: 0x00000000 (RESERVED)
gpiobase+0x0040: 0x00000130 (GPIO_USE_SEL3)
gpiobase+0x0044: 0x00000ff0 (GP_IO_SEL3)
gpiobase+0x0048: 0x00000dff (GP_LVL3)
gpiobase+0x0048: 0x000000c0 (GP_LVL3) DEFAULT
gpiobase+0x0048: 0x00000d3f (GP_LVL3) DIFF
gpiobase+0x004c: 0x00000000 (GPI_INV2)
gpiobase+0x0050: 0x00000000 (RESERVED)
gpiobase+0x0054: 0x00000000 (RESERVED)
gpiobase+0x0058: 0x00000000 (RESERVED)
gpiobase+0x005c: 0x00000000 (RESERVED)
gpiobase+0x0060: 0x00000000 (GP_RST_SEL1)
gpiobase+0x0060: 0x01000000 (GP_RST_SEL1) DEFAULT
gpiobase+0x0060: 0x01000000 (GP_RST_SEL1) DIFF
gpiobase+0x0064: 0x00000000 (GP_RST_SEL2)
gpiobase+0x0068: 0x00000000 (GP_RST_SEL3)
gpiobase+0x006c: 0x00000000 (RESERVED)
gpiobase+0x0070: 0x00000000 (RESERVED)
gpiobase+0x0074: 0x00000000 (RESERVED)
gpiobase+0x0078: 0x00000000 (RESERVED)
gpiobase+0x007c: 0x00000000 (RESERVED)



============= RCBA ==============

RCBA = 0xfed1c000 (MEM)

0x0050: 0x812a0654
0x0054: 0x00000789
0x0400: 0x00000500
0x0404: 0x76543210
0x0800: 0x20100808
0x0804: 0x01000404
0x0808: 0x04210444
0x080c: 0x01110000
0x0810: 0x00660000
0x0818: 0x00170017
0x081c: 0x00000f0f
0x0820: 0xf7401111
0x0824: 0x11111111
0x0834: 0x0003303c
0x0838: 0x04124054
0x0984: 0x00100000
0x0988: 0x00400010
0x098c: 0x00440000
0x0990: 0x00002000
0x0994: 0x00006000
0x09b0: 0x00000004
0x1000: 0x20100808
0x1004: 0x01000404
0x1008: 0x04210444
0x100c: 0x01110000
0x1010: 0x00007731
0x1020: 0x20100808
0x1024: 0x01000404
0x1028: 0x04210f11
0x102c: 0x04210000
0x1030: 0x00440010
0x1034: 0x0003303c
0x1038: 0x045a419a
0x1100: 0x00006000
0x1104: 0x00000700
0x1114: 0x00000005
0x1194: 0x00002000
0x1d48: 0x00030000
0x1e80: 0x000c1001
0x1e84: 0x000200f0
0x2014: 0x80000019
0x2020: 0x81000022
0x2030: 0x82000044
0x2040: 0x87000080
0x2088: 0x00109000
0x2094: 0x00002000
0x20ac: 0x40000000
0x21a4: 0x00023c42
0x21a8: 0x40420003
0x21b0: 0x00000002
0x2230: 0x00010000
0x2234: 0x0000000f
0x2238: 0x00000941
0x2240: 0x00ca0360
0x2244: 0x00d603a0
0x2248: 0x00dd0a36
0x224c: 0x00da0000
0x2250: 0x00e60000
0x2254: 0x00ce05d4
0x2258: 0x00ce0a84
0x2260: 0x00f40b84
0x2268: 0x000c0028
0x2270: 0x000c0000
0x2274: 0x00100040
0x2278: 0x00f30508
0x227c: 0x00ff0530
0x2280: 0x00330000
0x2284: 0x003f0000
0x2288: 0x004c0559
0x228c: 0x00000001
0x2294: 0x00b10ac1
0x2298: 0x00bd0ae9
0x229c: 0x00110000
0x22a0: 0x001c0000
0x22a4: 0x00210081
0x2304: 0xc03b8400
0x2308: 0x28000016
0x230c: 0x4abcb5bc
0x2310: 0xa809605b
0x2314: 0x0a2c0020
0x2318: 0x04b8f29f
0x231c: 0x011402a0
0x2320: 0x00000002
0x2324: 0x00854c74
0x2328: 0x00421731
0x2330: 0xea004000
0x2334: 0x00000084
0x2338: 0x00000600
0x2340: 0x003a001b
0x2344: 0xff0c000c
0x3020: 0xffffffff
0x3024: 0xffffffff
0x3028: 0xffffffff
0x302c: 0xffffffff
0x3030: 0xffffffff
0x3034: 0xffffffff
0x3038: 0xffffffff
0x303c: 0xffffffff
0x3040: 0xffffffff
0x3044: 0xffffffff
0x3048: 0xffffffff
0x304c: 0xffffffff
0x3050: 0xffffffff
0x3054: 0xffffffff
0x3058: 0xffffffff
0x305c: 0xffffffff
0x3060: 0xffffffff
0x3064: 0xffffffff
0x3068: 0xffffffff
0x306c: 0xffffffff
0x3070: 0xffffffff
0x3074: 0xffffffff
0x3078: 0xffffffff
0x307c: 0xffffffff
0x3080: 0xffffffff
0x3084: 0xffffffff
0x3088: 0xffffffff
0x308c: 0xffffffff
0x3090: 0xffffffff
0x3094: 0xffffffff
0x3098: 0xffffffff
0x309c: 0xffffffff
0x30a0: 0xffffffff
0x30a4: 0xffffffff
0x30a8: 0xffffffff
0x30ac: 0xffffffff
0x30b0: 0xffffffff
0x30b4: 0xffffffff
0x30b8: 0xffffffff
0x30bc: 0xffffffff
0x30c0: 0xffffffff
0x30c4: 0xffffffff
0x30c8: 0xffffffff
0x30cc: 0xffffffff
0x30d0: 0xffffffff
0x30d4: 0xffffffff
0x30d8: 0xffffffff
0x30dc: 0xffffffff
0x30e0: 0xffffffff
0x30e4: 0xffffffff
0x30e8: 0xffffffff
0x30ec: 0xffffffff
0x30f0: 0xffffffff
0x30f4: 0xffffffff
0x30f8: 0xffffffff
0x30fc: 0xffffffff
0x3100: 0x03243200
0x3108: 0x00014321
0x310c: 0x43214321
0x3110: 0x00000001
0x3114: 0x00004321
0x3118: 0x00000001
0x311c: 0x00000001
0x3124: 0x00002321
0x3128: 0x00000001
0x3140: 0x00000230
0x3144: 0x32102037
0x3148: 0x00003216
0x314c: 0x00003250
0x3150: 0x00007654
0x3154: 0x00003210
0x315c: 0x00001230
0x3160: 0x00003210
0x31fc: 0x03000000
0x3310: 0x03050100
0x3314: 0x0000000f
0x3318: 0x054f0000
0x331c: 0x80000000
0x3320: 0x00000003
0x3324: 0x04000000
0x3340: 0x000fffff
0x3344: 0x00000003
0x3360: 0x0001c000
0x3368: 0x00061100
0x3378: 0x7f8fdfff
0x337c: 0x000003fd
0x3388: 0x00001000
0x3390: 0x0001c000
0x33a0: 0x00000800
0x33b0: 0x00001000
0x33c0: 0x00093900
0x33cc: 0x24653002
0x33d0: 0x067388fe
0x33d4: 0x00670060
0x33d8: 0x07ffffff
0x33f0: 0x30002de4
0x3400: 0x0000001c
0x3404: 0x00000080
0x3410: 0x00000c61
0x3414: 0x00000020
0x3418: 0x1fff1fe3
0x341c: 0xbfcf001f
0x3424: 0x00060010
0x3428: 0x0000001f
0x3440: 0x80000000
0x3450: 0xfed04000
0x3458: 0xffffffff
0x345c: 0xffffffff
0x3460: 0xffffffff
0x3464: 0xffffffff
0x3468: 0xffffffff
0x346c: 0xffffffff
0x3470: 0xffffffff
0x3474: 0xffffffff
0x3478: 0xffffffff
0x347c: 0xffffffff
0x3480: 0xffffffff
0x3484: 0xffffffff
0x3488: 0xffffffff
0x348c: 0xffffffff
0x3490: 0xffffffff
0x3494: 0xffffffff
0x3498: 0xffffffff
0x349c: 0xffffffff
0x34a0: 0xffffffff
0x34a4: 0xffffffff
0x34a8: 0xffffffff
0x34ac: 0xffffffff
0x34b0: 0xffffffff
0x34b4: 0xffffffff
0x34b8: 0xffffffff
0x34bc: 0xffffffff
0x34c0: 0xffffffff
0x34c4: 0xffffffff
0x34c8: 0xffffffff
0x34cc: 0xffffffff
0x34d0: 0xffffffff
0x34d4: 0xffffffff
0x34d8: 0xffffffff
0x34dc: 0xffffffff
0x34e0: 0xffffffff
0x34e4: 0xffffffff
0x34e8: 0xffffffff
0x34ec: 0xffffffff
0x34f0: 0xffffffff
0x34f4: 0xffffffff
0x34f8: 0xffffffff
0x34fc: 0xffffffff
0x3500: 0x20000f53
0x3504: 0x20000f53
0x3508: 0x20000f53
0x350c: 0x20000f53
0x3510: 0x20000f53
0x3514: 0x20000f53
0x3518: 0x20000f53
0x351c: 0x20000f53
0x3520: 0x20000f53
0x3524: 0x20000f53
0x3528: 0x20000f53
0x352c: 0x20000f53
0x3530: 0x20000f53
0x3534: 0x20000f53
0x3560: 0x020c8001
0x3564: 0x000024a3
0x3568: 0x00040002
0x356c: 0x01000050
0x3570: 0x02000662
0x3574: 0x18000fbf
0x3578: 0x1800ff4f
0x357c: 0x0001d530
0x35a0: 0xc0300c03
0x35a4: 0x00241803
0x3600: 0xffffffff
0x3604: 0xffffffff
0x3608: 0xffffffff
0x360c: 0xffffffff
0x3610: 0xffffffff
0x3614: 0xffffffff
0x3618: 0xffffffff
0x361c: 0xffffffff
0x3620: 0xffffffff
0x3624: 0xffffffff
0x3628: 0xffffffff
0x362c: 0xffffffff
0x3630: 0xffffffff
0x3634: 0xffffffff
0x3638: 0xffffffff
0x363c: 0xffffffff
0x3640: 0xffffffff
0x3644: 0xffffffff
0x3648: 0xffffffff
0x364c: 0xffffffff
0x3650: 0xffffffff
0x3654: 0xffffffff
0x3658: 0xffffffff
0x365c: 0xffffffff
0x3660: 0xffffffff
0x3664: 0xffffffff
0x3668: 0xffffffff
0x366c: 0xffffffff
0x3670: 0xffffffff
0x3674: 0xffffffff
0x3678: 0xffffffff
0x367c: 0xffffffff
0x3680: 0xffffffff
0x3684: 0xffffffff
0x3688: 0xffffffff
0x368c: 0xffffffff
0x3690: 0xffffffff
0x3694: 0xffffffff
0x3698: 0xffffffff
0x369c: 0xffffffff
0x36a0: 0xffffffff
0x36a4: 0xffffffff
0x36a8: 0xffffffff
0x36ac: 0xffffffff
0x36b0: 0xffffffff
0x36b4: 0xffffffff
0x36b8: 0xffffffff
0x36bc: 0xffffffff
0x36c0: 0xffffffff
0x36c4: 0xffffffff
0x36c8: 0xffffffff
0x36cc: 0xffffffff
0x36d0: 0xffffffff
0x36d4: 0xffffffff
0x36d8: 0xffffffff
0x36dc: 0xffffffff
0x36e0: 0xffffffff
0x36e4: 0xffffffff
0x36e8: 0xffffffff
0x36ec: 0xffffffff
0x36f0: 0xffffffff
0x36f4: 0xffffffff
0x36f8: 0xffffffff
0x36fc: 0xffffffff
0x3700: 0xffffffff
0x3704: 0xffffffff
0x3708: 0xffffffff
0x370c: 0xffffffff
0x3710: 0xffffffff
0x3714: 0xffffffff
0x3718: 0xffffffff
0x371c: 0xffffffff
0x3720: 0xffffffff
0x3724: 0xffffffff
0x3728: 0xffffffff
0x372c: 0xffffffff
0x3730: 0xffffffff
0x3734: 0xffffffff
0x3738: 0xffffffff
0x373c: 0xffffffff
0x3740: 0xffffffff
0x3744: 0xffffffff
0x3748: 0xffffffff
0x374c: 0xffffffff
0x3750: 0xffffffff
0x3754: 0xffffffff
0x3758: 0xffffffff
0x375c: 0xffffffff
0x3760: 0xffffffff
0x3764: 0xffffffff
0x3768: 0xffffffff
0x376c: 0xffffffff
0x3770: 0xffffffff
0x3774: 0xffffffff
0x3778: 0xffffffff
0x377c: 0xffffffff
0x3780: 0xffffffff
0x3784: 0xffffffff
0x3788: 0xffffffff
0x378c: 0xffffffff
0x3790: 0xffffffff
0x3794: 0xffffffff
0x3798: 0xffffffff
0x379c: 0xffffffff
0x37a0: 0xffffffff
0x37a4: 0xffffffff
0x37a8: 0xffffffff
0x37ac: 0xffffffff
0x37b0: 0xffffffff
0x37b4: 0xffffffff
0x37b8: 0xffffffff
0x37bc: 0xffffffff
0x37c0: 0xffffffff
0x37c4: 0xffffffff
0x37c8: 0xffffffff
0x37cc: 0xffffffff
0x37d0: 0xffffffff
0x37d4: 0xffffffff
0x37d8: 0xffffffff
0x37dc: 0xffffffff
0x37e0: 0xffffffff
0x37e4: 0xffffffff
0x37e8: 0xffffffff
0x37ec: 0xffffffff
0x37f0: 0xffffffff
0x37f4: 0xffffffff
0x37f8: 0xffffffff
0x37fc: 0xffffffff
0x3800: 0x03ff0180
0x3804: 0x0000e008
0x3808: 0x001a43d6
0x3810: 0x52000c00
0x3814: 0x0000e827
0x3818: 0x000088ff
0x3828: 0xfa5a7e5b
0x3850: 0x0000ffff
0x3858: 0x03ff0180
0x385c: 0x017f0003
0x3860: 0x00020001
0x3864: 0x00001fff
0x3890: 0xf94010c0
0x3894: 0x043b0006
0x3898: 0x05200302
0x389c: 0x0000019f
0x38b0: 0x00004024
0x38b4: 0x30004580
0x38c0: 0x00000007
0x38c4: 0x00802005
0x38c8: 0x00002005
0x38f0: 0x00000001
0x3a00: 0x03020100
0x3a04: 0x07060504
0x3a08: 0x0b0a0908
0x3a0c: 0x0f0e0d0c
0x3a20: 0x06060606
0x3a24: 0x00000606
0x3a28: 0x01010000
0x3a2c: 0x01010404
0x3a60: 0x0000069f
0x3a6c: 0x00000001
0x3a80: 0x01041041
0x3a84: 0x01001001
0x3a88: 0x00000001
0x3b00: 0xffffffff
0x3b04: 0xffffffff
0x3b08: 0xffffffff
0x3b0c: 0xffffffff
0x3b10: 0xffffffff
0x3b14: 0xffffffff
0x3b18: 0xffffffff
0x3b1c: 0xffffffff
0x3b20: 0xffffffff
0x3b24: 0xffffffff
0x3b28: 0xffffffff
0x3b2c: 0xffffffff
0x3b30: 0xffffffff
0x3b34: 0xffffffff
0x3b38: 0xffffffff
0x3b3c: 0xffffffff
0x3b40: 0xffffffff
0x3b44: 0xffffffff
0x3b48: 0xffffffff
0x3b4c: 0xffffffff
0x3b50: 0xffffffff
0x3b54: 0xffffffff
0x3b58: 0xffffffff
0x3b5c: 0xffffffff
0x3b60: 0xffffffff
0x3b64: 0xffffffff
0x3b68: 0xffffffff
0x3b6c: 0xffffffff
0x3b70: 0xffffffff
0x3b74: 0xffffffff
0x3b78: 0xffffffff
0x3b7c: 0xffffffff
0x3b80: 0xffffffff
0x3b84: 0xffffffff
0x3b88: 0xffffffff
0x3b8c: 0xffffffff
0x3b90: 0xffffffff
0x3b94: 0xffffffff
0x3b98: 0xffffffff
0x3b9c: 0xffffffff
0x3ba0: 0xffffffff
0x3ba4: 0xffffffff
0x3ba8: 0xffffffff
0x3bac: 0xffffffff
0x3bb0: 0xffffffff
0x3bb4: 0xffffffff
0x3bb8: 0xffffffff
0x3bbc: 0xffffffff
0x3bc0: 0xffffffff
0x3bc4: 0xffffffff
0x3bc8: 0xffffffff
0x3bcc: 0xffffffff
0x3bd0: 0xffffffff
0x3bd4: 0xffffffff
0x3bd8: 0xffffffff
0x3bdc: 0xffffffff
0x3be0: 0xffffffff
0x3be4: 0xffffffff
0x3be8: 0xffffffff
0x3bec: 0xffffffff
0x3bf0: 0xffffffff
0x3bf4: 0xffffffff
0x3bf8: 0xffffffff
0x3bfc: 0xffffffff
0x3c00: 0xffffffff
0x3c04: 0xffffffff
0x3c08: 0xffffffff
0x3c0c: 0xffffffff
0x3c10: 0xffffffff
0x3c14: 0xffffffff
0x3c18: 0xffffffff
0x3c1c: 0xffffffff
0x3c20: 0xffffffff
0x3c24: 0xffffffff
0x3c28: 0xffffffff
0x3c2c: 0xffffffff
0x3c30: 0xffffffff
0x3c34: 0xffffffff
0x3c38: 0xffffffff
0x3c3c: 0xffffffff
0x3c40: 0xffffffff
0x3c44: 0xffffffff
0x3c48: 0xffffffff
0x3c4c: 0xffffffff
0x3c50: 0xffffffff
0x3c54: 0xffffffff
0x3c58: 0xffffffff
0x3c5c: 0xffffffff
0x3c60: 0xffffffff
0x3c64: 0xffffffff
0x3c68: 0xffffffff
0x3c6c: 0xffffffff
0x3c70: 0xffffffff
0x3c74: 0xffffffff
0x3c78: 0xffffffff
0x3c7c: 0xffffffff
0x3c80: 0xffffffff
0x3c84: 0xffffffff
0x3c88: 0xffffffff
0x3c8c: 0xffffffff
0x3c90: 0xffffffff
0x3c94: 0xffffffff
0x3c98: 0xffffffff
0x3c9c: 0xffffffff
0x3ca0: 0xffffffff
0x3ca4: 0xffffffff
0x3ca8: 0xffffffff
0x3cac: 0xffffffff
0x3cb0: 0xffffffff
0x3cb4: 0xffffffff
0x3cb8: 0xffffffff
0x3cbc: 0xffffffff
0x3cc0: 0xffffffff
0x3cc4: 0xffffffff
0x3cc8: 0xffffffff
0x3ccc: 0xffffffff
0x3cd0: 0xffffffff
0x3cd4: 0xffffffff
0x3cd8: 0xffffffff
0x3cdc: 0xffffffff
0x3ce0: 0xffffffff
0x3ce4: 0xffffffff
0x3ce8: 0xffffffff
0x3cec: 0xffffffff
0x3cf0: 0xffffffff
0x3cf4: 0xffffffff
0x3cf8: 0xffffffff
0x3cfc: 0xffffffff
0x3d00: 0xffffffff
0x3d04: 0xffffffff
0x3d08: 0xffffffff
0x3d0c: 0xffffffff
0x3d10: 0xffffffff
0x3d14: 0xffffffff
0x3d18: 0xffffffff
0x3d1c: 0xffffffff
0x3d20: 0xffffffff
0x3d24: 0xffffffff
0x3d28: 0xffffffff
0x3d2c: 0xffffffff
0x3d30: 0xffffffff
0x3d34: 0xffffffff
0x3d38: 0xffffffff
0x3d3c: 0xffffffff
0x3d40: 0xffffffff
0x3d44: 0xffffffff
0x3d48: 0xffffffff
0x3d4c: 0xffffffff
0x3d50: 0xffffffff
0x3d54: 0xffffffff
0x3d58: 0xffffffff
0x3d5c: 0xffffffff
0x3d60: 0xffffffff
0x3d64: 0xffffffff
0x3d68: 0xffffffff
0x3d6c: 0xffffffff
0x3d70: 0xffffffff
0x3d74: 0xffffffff
0x3d78: 0xffffffff
0x3d7c: 0xffffffff
0x3d80: 0xffffffff
0x3d84: 0xffffffff
0x3d88: 0xffffffff
0x3d8c: 0xffffffff
0x3d90: 0xffffffff
0x3d94: 0xffffffff
0x3d98: 0xffffffff
0x3d9c: 0xffffffff
0x3da0: 0xffffffff
0x3da4: 0xffffffff
0x3da8: 0xffffffff
0x3dac: 0xffffffff
0x3db0: 0xffffffff
0x3db4: 0xffffffff
0x3db8: 0xffffffff
0x3dbc: 0xffffffff
0x3dc0: 0xffffffff
0x3dc4: 0xffffffff
0x3dc8: 0xffffffff
0x3dcc: 0xffffffff
0x3dd0: 0xffffffff
0x3dd4: 0xffffffff
0x3dd8: 0xffffffff
0x3ddc: 0xffffffff
0x3de0: 0xffffffff
0x3de4: 0xffffffff
0x3de8: 0xffffffff
0x3dec: 0xffffffff
0x3df0: 0xffffffff
0x3df4: 0xffffffff
0x3df8: 0xffffffff
0x3dfc: 0xffffffff
0x3e00: 0xffffffff
0x3e04: 0xffffffff
0x3e08: 0xffffffff
0x3e0c: 0xffffffff
0x3e10: 0xffffffff
0x3e14: 0xffffffff
0x3e18: 0xffffffff
0x3e1c: 0xffffffff
0x3e20: 0xffffffff
0x3e24: 0xffffffff
0x3e28: 0xffffffff
0x3e2c: 0xffffffff
0x3e30: 0xffffffff
0x3e34: 0xffffffff
0x3e38: 0xffffffff
0x3e3c: 0xffffffff
0x3e40: 0xffffffff
0x3e44: 0xffffffff
0x3e48: 0xffffffff
0x3e4c: 0xffffffff
0x3e50: 0xffffffff
0x3e54: 0xffffffff
0x3e58: 0xffffffff
0x3e5c: 0xffffffff
0x3e60: 0xffffffff
0x3e64: 0xffffffff
0x3e68: 0xffffffff
0x3e6c: 0xffffffff
0x3e70: 0xffffffff
0x3e74: 0xffffffff
0x3e78: 0xffffffff
0x3e7c: 0xffffffff
0x3e80: 0xffffffff
0x3e84: 0xffffffff
0x3e88: 0xffffffff
0x3e8c: 0xffffffff
0x3e90: 0xffffffff
0x3e94: 0xffffffff
0x3e98: 0xffffffff
0x3e9c: 0xffffffff
0x3ea0: 0xffffffff
0x3ea4: 0xffffffff
0x3ea8: 0xffffffff
0x3eac: 0xffffffff
0x3eb0: 0xffffffff
0x3eb4: 0xffffffff
0x3eb8: 0xffffffff
0x3ebc: 0xffffffff
0x3ec0: 0xffffffff
0x3ec4: 0xffffffff
0x3ec8: 0xffffffff
0x3ecc: 0xffffffff
0x3ed0: 0xffffffff
0x3ed4: 0xffffffff
0x3ed8: 0xffffffff
0x3edc: 0xffffffff
0x3ee0: 0xffffffff
0x3ee4: 0xffffffff
0x3ee8: 0xffffffff
0x3eec: 0xffffffff
0x3ef0: 0xffffffff
0x3ef4: 0xffffffff
0x3ef8: 0xffffffff
0x3efc: 0xffffffff
0x3f00: 0x0000010b



========== ACPI/PMC =========


========== ABASE/PMBASE =========

PMBASE = 0x0400 (IO)

pmbase+0x0000: 0x0001     (PM1_STS)
pmbase+0x0002: 0x0120     (PM1_EN)
pmbase+0x0004: 0x00000001 (PM1_CNT)
pmbase+0x0008: 0x000db288 (PM1_TMR)
pmbase+0x000c: 0x00000000 (RESERVED)
pmbase+0x0010: 0x00000000 (RESERVED)
pmbase+0x0014: 0x00000000 (RESERVED)
pmbase+0x0018: 0x00000000 (RESERVED)
pmbase+0x001c: 0x00000000 (RESERVED)
pmbase+0x0020: 0x4ec30000 (GPE0_STS)
               0x00000000
pmbase+0x0028: 0x00000044 (GPE0_EN)
               0x00000000
pmbase+0x0030: 0x00022023 (SMI_EN)
pmbase+0x0034: 0x00004100 (SMI_STS)
pmbase+0x0038: 0x0000     (ALT_GP_SMI_EN)
pmbase+0x003a: 0x4ec3     (ALT_GP_SMI_STS)
pmbase+0x003c: 0x00       (UPRWC)
pmbase+0x003d: 0x00       (RESERVED)
pmbase+0x003e: 0x0000     (RESERVED)
pmbase+0x0040: 0x0000     (RESERVED)
pmbase+0x0042: 0x00       (GPE_CNTL)
pmbase+0x0043: 0x00       (RESERVED)
pmbase+0x0044: 0x1340     (DEVACT_STS)
pmbase+0x0046: 0x0000     (RESERVED)
pmbase+0x0048: 0x00000000 (RESERVED)
pmbase+0x004c: 0x00000000 (RESERVED)
pmbase+0x0050: 0x00       (PM2_CNT)
pmbase+0x0051: 0x00       (RESERVED)
pmbase+0x0052: 0x0000     (RESERVED)
pmbase+0x0054: 0x00002000 (RESERVED)
pmbase+0x0058: 0x00000000 (RESERVED)
pmbase+0x005c: 0x0000     (ALT_GPI_SMI_EN2)
pmbase+0x005e: 0x0000     (ALT_GPI_SMI_STS2)
pmbase+0x0060: 0x0004     (TCO_RLD)
pmbase+0x0062: 0x00       (TCO_DAT_IN)
pmbase+0x0063: 0x00       (TCO_DAT_OUT)
pmbase+0x0064: 0x0000     (TCO1_STS)
pmbase+0x0066: 0x0000     (TCO2_STS)
pmbase+0x0068: 0x0800     (TCO1_CNT)
pmbase+0x006a: 0x0008     (TCO2_CNT)
pmbase+0x006c: 0x0000     (TCO_MESSAGE)
pmbase+0x006e: 0x00       (TCO_WDCNT)
pmbase+0x006f: 0x00       (RESERVED)
pmbase+0x0070: 0x03       (SW_IRQ_GEN)
pmbase+0x0071: 0x00       (RESERVED)
pmbase+0x0072: 0x0032     (TCO_TMR)
pmbase+0x0074: 0x00000000 (RESERVED)
pmbase+0x0078: 0x00000000 (RESERVED)
pmbase+0x007c: 0x00000000 (RESERVED)



========== LPC/eSPI =========

Error: Dumping LPC/eSPI on this southbridge is not (yet) supported.



============= MCHBAR ============

MCHBAR = 0xfed10000 (MEM)

0x0004: 0x00001d70
0x0008: 0x00000006
0x000c: 0x00052a58
0x0010: 0x0220211f
0x0014: 0x0210231f
0x0020: 0x0001821e
0x0024: 0x0001831e
0x0030: 0x000000ff
0x0034: 0x00001112
0x010c: 0x00052a58
0x0130: 0x000000ff
0x0134: 0x00001112
0x0204: 0x00001d70
0x0208: 0x00000006
0x020c: 0x00052a58
0x0210: 0x0220221e
0x0214: 0x0230231d
0x0220: 0x00018823
0x0224: 0x00018721
0x0230: 0x000000ff
0x0234: 0x00001112
0x030c: 0x00052a58
0x0330: 0x000000ff
0x0334: 0x00001112
0x0404: 0xffffffff
0x0408: 0x0000ffff
0x040c: 0x00052a58
0x0410: 0x0250242f
0x0414: 0x0260222f
0x0420: 0x0001a03a
0x0424: 0x00019f3a
0x0430: 0x000000ff
0x0434: 0x00001112
0x050c: 0x00052a58
0x0530: 0x000000ff
0x0534: 0x00001112
0x0604: 0xffffffff
0x0608: 0x0000ffff
0x060c: 0x00052a58
0x0610: 0x0230212d
0x0614: 0x0230212d
0x0620: 0x0001a13e
0x0624: 0x00019f39
0x0630: 0x000000ff
0x0634: 0x00001112
0x070c: 0x00052a58
0x0730: 0x000000ff
0x0734: 0x00001112
0x080c: 0x00052a58
0x0830: 0x000000ff
0x0834: 0x00001112
0x090c: 0x00052a58
0x0930: 0x000000ff
0x0934: 0x00001112
0x0a00: 0x00000003
0x0a04: 0x00074245
0x0a08: 0x0007424a
0x0a0c: 0x01fe4080
0x0a10: 0x00003fff
0x0b04: 0x00074245
0x0b08: 0x0007424a
0x0b0c: 0x01fc8fc0
0x0b10: 0x00003fff
0x0c00: 0x00000003
0x0c04: 0x00073a4c
0x0c14: 0x032cb38e
0x0c1c: 0x000002ff
0x0c20: 0x0000ff00
0x0c34: 0x00001112
0x0d04: 0x00073a4c
0x0d14: 0x001c71c7
0x0d1c: 0x000002ff
0x0d20: 0x0000ffff
0x0d34: 0x00001112
0x0e00: 0x00000003
0x0e04: 0x00074245
0x0e08: 0x0007424a
0x0e0c: 0x01fe4080
0x0e10: 0x00003fff
0x0f04: 0x00074245
0x0f08: 0x0007424a
0x0f0c: 0x01fc8fc0
0x0f10: 0x00003fff
0x1004: 0xffffffff
0x1008: 0x0000ffff
0x100c: 0x00052a58
0x1010: 0x0231240c
0x1014: 0x02312509
0x1020: 0x0009bc14
0x1024: 0x0009bd15
0x1030: 0x000000ff
0x1034: 0x00001112
0x110c: 0x00052a58
0x1130: 0x000000ff
0x1134: 0x00001112
0x1204: 0xffffffff
0x1208: 0x0000ffff
0x120c: 0x00052a58
0x1210: 0x02212414
0x1214: 0x02312316
0x1220: 0x0009b20c
0x1224: 0x0009b10b
0x1230: 0x000000ff
0x1234: 0x00001112
0x130c: 0x00052a58
0x1330: 0x000000ff
0x1334: 0x00001112
0x1404: 0xffffffff
0x1408: 0x0000ffff
0x140c: 0x00052a58
0x1410: 0x02312320
0x1414: 0x0231241f
0x1420: 0x0009be16
0x1424: 0x0009be16
0x1430: 0x000000ff
0x1434: 0x00001112
0x150c: 0x00052a58
0x1530: 0x000000ff
0x1534: 0x00001112
0x1604: 0xffffffff
0x1608: 0x0000ffff
0x160c: 0x00052a58
0x1610: 0x02112229
0x1614: 0x02112228
0x1620: 0x0009b40e
0x1624: 0x0009b50f
0x1630: 0x000000ff
0x1634: 0x00001112
0x170c: 0x00052a58
0x1730: 0x000000ff
0x1734: 0x00001112
0x1810: 0x24914924
0x1814: 0x0c6671e4
0x1818: 0x00000400
0x1910: 0x24914924
0x1914: 0x0c6671e4
0x1918: 0x00000400
0x4000: 0x001c8bbb
0x4004: 0x0c187476
0x4008: 0x0a042220
0x400c: 0x000058b4
0x401c: 0x00100000
0x4020: 0x00100005
0x4024: 0x20202727
0x4028: 0x000e0022
0x4034: 0x00013da9
0x4038: 0x9276fb32
0x403c: 0x49f6d5ea
0x40a8: 0x01000040
0x40ac: 0x00000040
0x40b0: 0x00000240
0x40b4: 0xffffffff
0x40b8: 0x00040000
0x40d4: 0x00000046
0x4200: 0x01460000
0x4204: 0x01000320
0x4208: 0x01000320
0x420c: 0x01060400
0x4210: 0x00000244
0x4214: 0x00000242
0x4218: 0x00000242
0x421c: 0x00000240
0x4220: 0x0001f006
0x4224: 0x0001f201
0x4228: 0x0001f105
0x422c: 0x0001f002
0x4230: 0x00282004
0x4234: 0x08281064
0x4238: 0x04281064
0x423c: 0x00280c01
0x4244: 0x000407e3
0x4248: 0x000407e3
0x4270: 0xafea29f0
0x4274: 0x6e26b829
0x4284: 0x000c0000
0x428c: 0x00000044
0x4290: 0x00004080
0x4294: 0x000098ff
0x4298: 0x6cf01860
0x429c: 0x00000218
0x42a0: 0x00001003
0x42a4: 0x41f88200
0x42ac: 0x00000001
0x4360: 0x00000320
0x4364: 0x012a4b60
0x4368: 0x00000100
0x436c: 0x00000000
0x4380: 0x00000aaa
0x4384: 0x009b6ea1
0x4388: 0x5f7003ff
0x438c: 0x551d1519
0x4400: 0x00146666
0x4404: 0x86104344
0x440c: 0x0000596a
0x441c: 0x00100000
0x4420: 0x00100005
0x4424: 0x20202020
0x4428: 0x000e0000
0x4434: 0x00029e19
0x4438: 0xb425fb12
0x443c: 0xeb83c953
0x44a8: 0x01000040
0x44ac: 0x00000040
0x44b0: 0x00000240
0x44b4: 0xffffffff
0x44b8: 0x00040000
0x44d4: 0x00000046
0x4600: 0x00060002
0x4604: 0x00060400
0x4614: 0x00000288
0x4620: 0x00000007
0x4624: 0x0001f003
0x4630: 0x000f1001
0x4634: 0x01901001
0x468c: 0x00000044
0x4690: 0x00004080
0x4694: 0x0000980f
0x4698: 0x46b41004
0x46a4: 0x0100b200
0x4780: 0x00000aaa
0x4788: 0x5f7003ff
0x478c: 0x551d1519
0x4c00: 0x001c8bbb
0x4c04: 0x0c187476
0x4c08: 0x0a042220
0x4c0c: 0x000058b4
0x4c1c: 0x00100000
0x4c20: 0x00100005
0x4c24: 0x20202727
0x4c28: 0x000e0022
0x4c34: 0x00013da9
0x4c38: 0x9276fb32
0x4c3c: 0x49f6d5ea
0x4ca8: 0x01000040
0x4cac: 0x00000040
0x4cb0: 0x00000240
0x4cb4: 0xffffffff
0x4cb8: 0x00040000
0x4cd4: 0x00000046
0x4e00: 0x01460000
0x4e04: 0x01000320
0x4e08: 0x01000320
0x4e0c: 0x01060400
0x4e10: 0x00000244
0x4e14: 0x00000242
0x4e18: 0x00000242
0x4e1c: 0x00000240
0x4e20: 0x0001f006
0x4e24: 0x0001f201
0x4e28: 0x0001f105
0x4e2c: 0x0001f002
0x4e30: 0x00282004
0x4e34: 0x08281064
0x4e38: 0x04281064
0x4e3c: 0x00280c01
0x4e44: 0x000407e3
0x4e48: 0x000407e3
0x4e70: 0xafea2aff
0x4e74: 0x6e26b9a6
0x4e84: 0x000c0000
0x4e8c: 0x00000044
0x4e90: 0x00004080
0x4e94: 0x000098ff
0x4e98: 0x6cf01860
0x4e9c: 0x00000218
0x4ea0: 0x00001003
0x4ea4: 0x41f88200
0x4eac: 0x00000001
0x4f60: 0x00000320
0x4f64: 0x012a4b60
0x4f80: 0x00000aaa
0x4f84: 0x009b6ea1
0x4f88: 0x5f7003ff
0x4f8c: 0x551d1519
0x5000: 0x00000024
0x5004: 0x00620020
0x5008: 0x00600000
0x500c: 0x00600000
0x5020: 0x00000006
0x5024: 0x00a030ce
0x5030: 0x0000019f
0x5034: 0x01080000
0x5040: 0x0000175d
0x5044: 0x3a7cb007
0x5048: 0x07eeb6f3
0x5050: 0x29771f71
0x5054: 0x1953d3fa
0x5058: 0x901045ed
0x5060: 0x000100ff
0x5064: 0x00073193
0x5074: 0x00000010
0x5080: 0x0000201a
0x5084: 0x00010898
0x5094: 0xffffffff
0x50fc: 0x0000008f
0x5400: 0xfed90001
0x5410: 0xfed91001
0x5418: 0x00000014
0x541c: 0x30000000
0x5500: 0x00100001
0x5880: 0xca9171e7
0x5888: 0x00e4dad0
0x5890: 0x00331e0e
0x5924: 0x00000010
0x5928: 0x11110f9f
0x592c: 0x0014e86a
0x5930: 0x00a00268
0x5934: 0x000d0000
0x5938: 0x000a1003
0x593c: 0x3b1e1f2c
0x5944: 0x00001ad7
0x5948: 0x00000700
0x5954: 0x00040000
0x5958: 0xe0012200
0x595c: 0x00081000
0x5960: 0x000039ca
0x5964: 0x006ceb6f
0x5968: 0x006ce7b8
0x596c: 0xa1752c32
0x5970: 0x000cfec4
0x5974: 0x000cfec4
0x5978: 0x00000022
0x597c: 0x00000022
0x5980: 0x00000021
0x5984: 0x785bb9d5
0x5990: 0x000000ff
0x5994: 0x000000ff
0x5998: 0x00070d19
0x599c: 0x00691400
0x59b0: 0x80000380
0x59b4: 0x18141494
0x59b8: 0x80000170
0x59bc: 0x18141494
0x59c0: 0x88480000
0x5c24: 0x0000c080
0x5d10: 0x2010040c
0x5d14: 0x80000000
0x5d20: 0x00000005
0x5da8: 0x00000001
0x5e00: 0x00000006
0x5e04: 0x00000006
0x5efc: 0xffff0000
0x5f00: 0x8000270f
0x5f04: 0x7530001a
0x5f08: 0x0000001a
0x5f0c: 0x4e20001a
0x5f10: 0x1f425830
0x5f14: 0x801db100
0x5f18: 0x000000fa
0x5f20: 0x5dc20000
0x5f30: 0x00040001
0x5f38: 0xdacd59a6
0x5f3c: 0x00000022
0x5f44: 0x00a00000
0x5f4c: 0x00a00000
0x5f50: 0x80000000
0x6000: 0x00000004
0x6008: 0x800000d8
0x6010: 0xfff00000
0x6014: 0x0000007f
0x6020: 0x00000001
0x6030: 0x000700b0
0x6034: 0x000700b0
0x6200: 0x88470000
0x63fc: 0x00000001
0x6410: 0x00000c00
0x6430: 0x00fac688
0x6434: 0x00fac688
0x6800: 0x80000044
0x7000: 0x80444444
0x7030: 0x00000018
0x7400: 0x09249249
0x7404: 0x00120249
0x7408: 0x01ffffff
0x740c: 0xb1207851
0x7410: 0x00000019
0x7500: 0x000f0000
0x7504: 0x000700f8
0x77fc: 0x00000001
0x7800: 0x00444444
0x7804: 0x00004444
0x7ffc: 0x00000001
 .tCK = TCK_MHZ800,
.rankmap = { 0x3, 0x0 },
.mad_dimm = { 0x620020, 0x600000 },
.mobile = 1,
.CAS = 11 /* 11 clocks = 13.750 ns */,
.tWR = 12 /* 12 clocks = 15.000 ns */,
.reg_4004_b30 = { 0, 0 },
.tFAW = 24 /* 24 clocks = 30.000 ns */,
.tWTR = 7 /* 7 clocks = 8.750 ns */,
.tCKE = 4 /* 4 clocks = 5.000 ns */,
.tRTP = 7 /* 7 clocks = 8.750 ns */,
.tRRD = 6 /* 6 clocks = 7.500 ns */,
.tRAS = 28 /* 28 clocks = 35.000 ns */,
.tCWL = 8 /* 8 clocks = 10.000 ns */,
.tRP = 11 /* 11 clocks = 13.750 ns */,
.tRCD = 11 /* 11 clocks = 13.750 ns */,
.tXPDLL = 20 /* 20 clocks = 25.000 ns */,
.tXP = 5 /* 5 clocks = 6.250 ns */,
.tAONPD = 8 /* 8 clocks = 10.000 ns */,
.tREFI = 6240 /* 6240 clocks = 7800.000 ns */,
.tRFC = 240 /* 240 clocks = 300.000 ns */,
.tMOD = 12 /* 12 clocks = 15.000 ns */,
.tXSOffset = 8 /* 8 clocks = 10.000 ns */,
.reg5064b0 = 0x193,
.channel_size_mb = { ?, 0 },
/* CH0S0: 8192 MiB  */
/* SPD matching current mode:  */
/* CH0S0  */
00: 92 11 0b 03 04 00 00 09 03 52 01 08 0a 00 80 00 
10: 6e 78 6e 3c 6e 11 18 81 60 09 46 46 00 f0 00 00 
20: 00 00 00 00 00 00 00 00 00 00 00 00 00 00 00 00 
30: 00 00 00 00 00 00 00 00 00 00 00 00 00 00 65 00 
40: 00 00 00 00 00 00 00 00 00 00 00 00 00 00 00 00 
50: 00 00 00 00 00 00 00 00 00 00 00 00 00 00 00 00 
60: 00 00 00 00 00 00 00 00 00 00 00 00 00 00 00 00 
70: 00 00 00 00 00 00 00 00 00 00 00 00 00 00 51 da 
80: 00 00 00 00 00 00 00 00 00 00 00 00 00 00 00 00 
90: 00 00 00 00 00 00 00 00 00 00 00 00 00 00 00 00 
a0: 00 00 00 00 00 00 00 00 00 00 00 00 00 00 00 00 
b0: 00 00 00 00 00 00 00 00 00 00 00 00 00 00 00 00 
c0: 00 00 00 00 00 00 00 00 00 00 00 00 00 00 00 00 
d0: 00 00 00 00 00 00 00 00 00 00 00 00 00 00 00 00 
e0: 00 00 00 00 00 00 00 00 00 00 00 00 00 00 00 00 
f0: 00 00 00 00 00 00 00 00 00 00 00 00 00 00 00 00 




============= EPBAR =============

EPBAR = 0xfed19000 (MEM)

0x0000: 0x04010002
0x0004: 0x00000001
0x0010: 0x00000001
0x0014: 0x80000001
0x001c: 0x00008001
0x0020: 0x81000002
0x0040: 0x00010005
0x0044: 0x00010501
0x0050: 0x01010001
0x0058: 0xfed18000
0x0060: 0x02010003
0x0068: 0x00008000
0x0070: 0x03000002
0x0080: 0x04000002
0x0090: 0x05000002



============= DMIBAR ============

DMIBAR = 0xfed18000 (MEM)

0x0000: 0x04010002
0x0004: 0x00000001
0x0010: 0x00000001
0x0014: 0x80000019
0x001c: 0x00008001
0x0020: 0x81000022
0x0028: 0x00000001
0x002c: 0x82000044
0x0034: 0x00008000
0x0038: 0x87000080
0x0040: 0x08010005
0x0044: 0x01010202
0x0050: 0x00020001
0x0058: 0xfed1c000
0x0060: 0x00010001
0x0068: 0xfed19000
0x0080: 0x00010006
0x0084: 0x0041ac42
0x0088: 0x00420003
0x0098: 0x00000002
0x00f0: 0x00000800
0x00f4: 0x00050020
0x00fc: 0x00100001
0x01c0: 0x00010001
0x01cc: 0x00060010
0x01d4: 0x00002000
0x01f8: 0x00010000
0x01fc: 0x7ca01000
0x0200: 0x80000000
0x0204: 0x00f78000
0x0208: 0x000004b0
0x0214: 0x000a000f
0x0218: 0x0ca30b0f
0x021c: 0x0b100b10
0x0224: 0x97410007
0x022c: 0x00c2403c
0x0230: 0x2800000c
0x0234: 0x4abcb5bc
0x0238: 0x202c02c3
0x0250: 0x08d00320
0x0254: 0x000c0f10
0x0258: 0x60000600
0x025c: 0x14084c60
0x0300: 0x00cd09f6
0x0304: 0x00dd0a36
0x0308: 0x000c0040
0x030c: 0x00d805d3
0x0310: 0x00d905d4
0x0314: 0x000c0000
0x0318: 0x00e40b44
0x031c: 0x00f40b84
0x0320: 0x30073007
0x0324: 0x30083008
0x032c: 0x000c0028
0x0330: 0x000c0000
0x0334: 0x000c0028
0x0338: 0x000c0000
0x0344: 0x000c0028
0x0348: 0x000b0000
0x039c: 0x00100040
0x03b8: 0x007605ab
0x03bc: 0x008605eb
0x03d8: 0x00110041
0x03dc: 0x00210081
0x0400: 0x1401000b
0x0404: 0x0c000001
0x0408: 0x0010100d
0x040c: 0x02800063
0x0410: 0x00000003
0x0414: 0x00000002
0x0418: 0x00000001
0x041c: 0x00800000
0x0428: 0x00400002
0x0438: 0x0000000f
0x0440: 0x000e0b00
0x0448: 0xffff0000
0x044c: 0xffff0000
0x0468: 0x06000084
0x046c: 0x00000f00
0x0470: 0xabc2d6bc
0x0474: 0x0000ffff
0x0490: 0x10000000
0x04b8: 0x000000fa
0x04bc: 0x0000c8c8
0x0508: 0x00000001
0x0530: 0x29b615f8
0x0534: 0xe77a20fe
0x0560: 0x00000200
0x0700: 0x45fb9008
0x0720: 0x45fb9008
0x0804: 0x00000001
0x0900: 0x50000000
0x0904: 0x2a1846ec
0x0908: 0x51ffffff
0x090c: 0x00000128
0x0910: 0x00004300
0x0914: 0x98200280
0x091c: 0x00020000
0x0920: 0x50000000
0x0924: 0x2a1846ec
0x0928: 0x51ffffff
0x092c: 0x00000128
0x0930: 0x00004300
0x0934: 0x98200280
0x093c: 0x00020000
0x0a00: 0x03242018
0x0a04: 0x0c0718f0
0x0a08: 0x06208300
0x0a10: 0x03242018
0x0a14: 0x0c0718f0
0x0a18: 0x06208300
0x0a20: 0x03242018
0x0a24: 0x0c0718f0
0x0a28: 0x06208300
0x0a30: 0x03242018
0x0a34: 0x0c0718f0
0x0a38: 0x06208300
0x0a3c: 0x00000080
0x0b80: 0x00000200
0x0b98: 0x00001c20
0x0ba4: 0x0000000a
0x0ba8: 0x00e00014
0x0c00: 0x07700c08
0x0c04: 0x2e680008
0x0c08: 0x100c5843
0x0c0c: 0x16063400
0x0c10: 0x00000100
0x0c14: 0x0e004000
0x0c18: 0x00000054
0x0c1c: 0xa0202000
0x0c24: 0xa0840080
0x0c28: 0x0003a091
0x0c30: 0x40024000
0x0c38: 0x18000402
0x0c40: 0x00003ff1
0x0c44: 0x00003ff2
0x0c4c: 0x00000231
0x0c50: 0x00000020
0x0ccc: 0x00000001
0x0cd4: 0xff0000ff
0x0cd8: 0x00005000
0x0cdc: 0xc1ff0113
0x0d10: 0xffff0000
0x0d14: 0xffff0000
0x0d1c: 0x00000040
0x0d34: 0x0000005f
0x0d6c: 0x400204e0
0x0d70: 0x8000abf5
0x0d74: 0x000146ec
0x0d78: 0x0000043a
0x0d7c: 0x0002000f
0x0d80: 0xb6e5e817
0x0d84: 0x00ff0ef1
0x0dc0: 0x3400fbc0
0x0dc4: 0x0037100a
0x0dc8: 0x00f80236
0x0dcc: 0x36200e06
0x0dd0: 0x0836b180
0x0dd4: 0x00d0a22e
0x0ddc: 0x00014a80
0x0e0c: 0x20000000
0x0e1c: 0x20000000


========= PCIEXBAR ========

PCIEXBAR: 0xf8000000

PCIe 00:01.0 extended config space:
0000: 86 80 51 01 07 04 10 00 09 00 04 06 10 00 81 00
0010: 00 00 00 00 00 00 00 00 00 01 01 00 e0 e0 00 00
0020: e0 f7 e0 f7 01 10 01 10 06 00 00 00 06 00 00 00
0030: 00 00 00 00 88 00 00 00 00 00 00 00 ff 01 12 00
0040: 00 00 00 00 00 00 00 00 00 00 00 00 00 00 00 00
0050: 00 00 00 00 00 00 00 00 00 00 00 00 00 00 00 00
0060: 00 00 00 00 00 00 00 00 00 00 00 00 00 00 00 00
0070: 00 00 00 00 00 00 00 00 00 00 00 00 00 00 00 0a
0080: 01 90 03 c8 08 00 00 00 0d 80 00 00 86 80 51 01
0090: 05 a0 01 00 18 02 e0 fe 00 00 00 00 00 00 00 00
00a0: 10 00 42 01 01 80 00 00 00 00 00 00 03 ad 61 02
00b0: 42 00 11 50 80 25 0c 00 00 00 40 00 00 00 00 00
00c0: 00 00 00 00 00 00 00 00 00 00 00 00 0e 00 00 00
00d0: 43 00 00 00 00 00 00 00 00 00 00 00 00 00 00 00
00e0: 00 00 00 00 00 00 00 00 00 00 00 00 00 00 00 00
00f0: 00 00 00 00 00 00 01 00 00 00 00 00 01 00 10 00
0100: 02 00 01 14 00 00 00 00 00 00 00 00 00 00 00 00
0110: 01 00 00 00 ff 00 00 80 00 00 00 00 00 00 00 00
0120: 00 00 00 00 00 00 00 00 00 00 00 00 00 00 00 00
0130: 00 00 00 00 00 00 00 00 00 00 00 00 00 00 00 00
0140: 05 00 41 d9 00 01 01 02 00 00 00 00 00 00 00 00
0150: 01 00 01 00 00 00 00 00 00 90 d1 fe 00 00 00 00
0160: 00 00 00 00 00 00 00 00 00 00 00 00 00 00 00 00
0170: 00 00 00 00 00 00 00 00 00 00 00 00 00 00 00 00
0180: 00 00 00 00 00 00 00 00 00 00 00 00 00 00 00 00
0190: 00 00 00 00 00 00 00 00 00 00 00 00 00 00 00 00
01a0: 00 00 00 00 00 00 00 00 00 00 00 00 00 00 00 00
01b0: 00 00 00 00 00 00 00 00 00 00 00 00 00 00 00 00
01c0: 01 00 01 00 00 00 00 00 00 00 00 00 10 40 06 00
01d0: 00 00 00 00 00 20 00 00 00 00 00 00 00 00 00 00
01e0: 00 00 00 00 00 00 00 00 00 00 00 00 00 00 00 00
01f0: 00 00 00 00 00 00 00 00 00 08 01 00 00 10 a0 7c
0200: 00 00 00 80 00 80 f4 00 b0 74 00 00 00 00 00 00
0210: 00 00 00 00 01 00 07 00 88 05 d5 03 89 05 89 05
0220: 00 00 00 00 1f 00 41 97 1c 17 00 00 3c 40 c2 00
0230: 0c 00 00 28 bc b5 bc 4a 44 05 48 20 00 00 00 00
0240: 00 00 00 00 00 00 00 00 00 00 00 00 01 00 00 00
0250: 20 03 a0 08 40 39 14 00 04 06 00 60 60 40 08 14
0260: 00 00 00 00 00 00 00 00 00 00 00 00 00 00 00 00
0270: 00 00 00 00 00 00 00 00 00 00 00 00 00 00 00 00
0280: 00 00 00 00 00 00 00 00 00 00 00 00 00 00 00 00
0290: 00 00 00 00 00 00 00 00 00 00 00 00 00 00 00 00
02a0: 00 00 00 00 00 00 00 00 00 00 00 00 00 00 00 00
02b0: 00 00 00 00 00 00 00 00 00 00 00 00 00 00 00 00
02c0: 00 00 00 00 00 00 00 00 00 00 00 00 00 00 00 00
02d0: 00 00 00 00 00 00 00 00 00 00 00 00 00 00 00 00
02e0: 00 00 00 00 00 00 00 00 00 00 00 00 00 00 00 00
02f0: 00 00 00 00 00 00 00 00 00 00 00 00 00 00 00 00
0300: 91 04 91 00 95 04 95 00 f4 00 38 00 55 00 34 00
0310: 59 00 38 00 00 00 38 00 8d 0f c4 00 00 80 00 80
0320: 07 30 07 30 00 00 00 00 00 00 00 00 08 00 01 00
0330: 00 00 0a 00 00 00 00 00 00 00 00 00 00 00 00 00
0340: 00 00 00 00 00 00 00 00 00 00 00 00 00 00 00 00
0350: 00 00 00 00 00 00 00 00 00 00 00 00 00 00 00 00
0360: 00 00 00 00 00 00 00 00 00 00 00 00 00 00 00 00
0370: 00 00 00 00 00 00 00 00 00 00 00 00 00 00 00 00
0380: 00 00 00 00 00 00 00 00 00 00 00 00 00 00 00 00
0390: 00 00 00 00 00 00 00 00 00 00 00 00 00 00 00 00
03a0: 00 00 00 00 00 00 00 00 00 00 00 00 00 00 00 00
03b0: 00 00 00 00 00 00 00 00 00 00 00 00 00 00 00 00
03c0: 00 00 00 00 00 00 00 00 00 00 00 00 00 00 00 00
03d0: 00 00 00 00 00 00 00 00 00 00 00 00 00 00 00 00
03e0: 00 00 00 00 00 00 00 00 00 00 00 00 00 00 00 00
03f0: 00 00 00 00 00 00 00 00 00 00 00 00 00 00 00 00
0400: 0b 00 01 14 01 00 00 0c 0d 00 10 04 ef 01 81 02
0410: 03 04 00 21 02 04 04 04 7f 1f 00 00 0a 0a 80 00
0420: 00 00 00 00 00 00 00 00 02 00 40 00 00 00 00 00
0430: 00 00 00 00 00 00 00 00 ff ff 00 00 00 00 00 00
0440: 00 0b 0b 00 00 00 00 00 00 00 00 00 00 00 00 00
0450: 00 00 00 00 00 00 00 00 00 00 00 00 00 00 00 00
0460: 00 00 00 00 00 00 00 00 84 00 00 06 00 0f 00 00
0470: bc d6 c2 ab ff ff 00 00 00 00 00 00 00 00 00 00
0480: 00 00 00 00 00 00 00 00 00 00 00 00 00 00 00 00
0490: 00 00 00 10 00 00 00 00 00 00 00 00 00 00 00 00
04a0: 00 00 00 00 00 00 00 00 00 00 00 00 00 00 00 00
04b0: 00 00 00 00 00 00 00 00 fa 00 00 00 c8 c8 00 00
04c0: 84 00 00 06 00 0f 00 00 bc d6 c2 ab 00 00 00 00
04d0: 00 00 00 00 00 00 00 00 00 00 00 00 00 00 00 00
04e0: 00 00 00 00 00 00 00 00 00 00 00 00 00 00 00 00
04f0: 00 00 00 00 00 00 00 00 9c 04 70 17 89 01 88 0c
0500: 00 00 00 00 00 00 03 00 01 00 00 00 00 00 00 00
0510: 00 00 00 00 00 00 00 00 00 00 00 00 00 00 00 00
0520: 00 00 00 00 00 00 00 00 00 00 00 00 00 00 00 00
0530: 68 af 31 4c c0 03 46 10 00 00 00 00 00 00 00 00
0540: 00 00 00 00 00 00 00 00 00 00 00 00 00 00 00 00
0550: 00 00 00 00 00 00 00 00 00 00 00 00 00 00 00 00
0560: 00 00 00 e0 00 00 00 00 00 00 00 e0 00 00 00 00
0570: 00 00 00 00 00 00 00 00 00 00 00 00 00 00 00 00
0580: 00 00 00 00 00 00 00 00 00 00 00 00 00 00 00 00
0590: 00 00 00 00 00 00 00 00 00 00 00 00 00 00 00 00
05a0: 00 00 00 00 00 00 00 00 00 00 00 00 00 00 00 00
05b0: 00 00 00 00 00 00 00 00 00 00 00 00 00 00 00 00
05c0: 00 00 00 00 00 00 00 00 00 00 00 00 00 00 00 00
05d0: 00 00 00 00 00 00 00 00 00 00 00 00 00 00 00 00
05e0: 00 00 00 00 00 00 00 00 00 00 00 00 00 00 00 00
05f0: 00 00 00 00 00 00 00 00 00 00 00 00 00 00 00 00
0600: 00 00 00 00 00 00 00 00 00 00 00 00 00 00 00 00
0610: 00 00 00 00 00 00 00 00 00 00 00 00 00 00 00 00
0620: 00 00 00 00 00 00 00 00 00 00 00 00 00 00 00 00
0630: 00 00 00 00 00 00 00 00 00 00 00 00 00 00 00 00
0640: 00 00 00 00 00 00 00 00 00 00 00 00 00 00 00 00
0650: 00 00 00 00 00 00 00 00 00 00 00 00 00 00 00 00
0660: 00 00 00 00 00 00 00 00 00 00 00 00 00 00 00 00
0670: 00 00 00 00 00 00 00 00 00 00 00 00 00 00 00 00
0680: 00 00 00 00 00 00 00 00 00 00 00 00 00 00 00 00
0690: 00 00 00 00 00 00 00 00 00 00 00 00 00 00 00 00
06a0: 00 00 00 00 00 00 00 00 00 00 00 00 00 00 00 00
06b0: 00 00 00 00 00 00 00 00 00 00 00 00 00 00 00 00
06c0: 00 00 00 00 00 00 00 00 00 00 00 00 00 00 00 00
06d0: 00 00 00 00 00 00 00 00 00 00 00 00 00 00 00 00
06e0: 00 00 00 00 00 00 00 00 00 00 00 00 00 00 00 00
06f0: 00 00 00 00 00 00 00 00 00 00 00 00 00 00 00 00
0700: 08 90 fb 0d 00 00 00 00 00 00 00 00 00 00 00 00
0710: 00 00 00 00 00 00 00 00 00 00 00 00 00 00 00 00
0720: 08 90 fb 0d 00 00 00 00 00 00 00 00 00 00 00 00
0730: 00 00 00 00 00 00 00 00 00 00 00 00 00 00 00 00
0740: 08 90 fb 0d 00 00 00 00 00 00 00 00 00 00 00 00
0750: 00 00 00 00 00 00 00 00 00 00 00 00 00 00 00 00
0760: 08 90 fb 0d 00 00 00 00 00 00 00 00 00 00 00 00
0770: 00 00 00 00 00 00 00 00 00 00 00 00 00 00 00 00
0780: 08 90 fb 0d 00 00 00 00 00 00 00 00 00 00 00 00
0790: 00 00 00 00 00 00 00 00 00 00 00 00 00 00 00 00
07a0: 08 90 fb 0d 00 00 00 00 00 00 00 00 00 00 00 00
07b0: 00 00 00 00 00 00 00 00 00 00 00 00 00 00 00 00
07c0: 08 90 fb 0d 00 00 00 00 00 00 00 00 00 00 00 00
07d0: 00 00 00 00 00 00 00 00 00 00 00 00 00 00 00 00
07e0: 08 90 fb 0d 00 00 00 00 00 00 00 00 00 00 00 00
07f0: 00 00 00 00 00 00 00 00 00 00 00 00 00 00 00 00
0800: 00 00 00 00 01 00 00 00 00 00 00 00 00 00 00 00
0810: 00 00 00 00 00 00 00 00 00 00 00 00 00 00 00 00
0820: 00 00 00 00 00 00 00 00 00 00 00 00 00 00 00 00
0830: 00 00 00 00 00 00 00 00 00 00 00 00 00 00 00 00
0840: 00 00 00 00 00 00 00 00 00 00 00 00 00 00 00 00
0850: 00 00 00 00 00 00 00 00 00 00 00 00 00 00 00 00
0860: 00 00 00 00 00 00 00 00 00 00 00 00 00 00 00 00
0870: 00 00 00 00 00 00 00 00 00 00 00 00 00 00 00 00
0880: 00 00 00 00 00 00 00 00 00 00 00 00 00 00 00 00
0890: 00 00 00 00 00 00 00 00 00 00 00 00 00 00 00 00
08a0: 00 00 00 00 00 00 00 00 00 00 00 00 00 00 00 00
08b0: 00 00 00 00 00 00 00 00 00 00 00 00 00 00 00 00
08c0: 00 00 00 00 00 00 00 00 00 00 00 00 00 00 00 00
08d0: 00 00 00 00 00 00 00 00 00 00 00 00 00 00 00 00
08e0: 00 00 00 00 00 00 00 00 00 00 00 00 00 00 00 00
08f0: 00 00 00 00 00 00 00 00 00 00 00 00 00 00 00 00
0900: 00 00 00 50 62 44 18 2a ff ff ff 51 28 01 a0 0e
0910: 00 43 00 00 80 a6 15 98 00 00 00 00 00 00 02 00
0920: 00 00 00 50 62 44 18 2a ff ff ff 51 28 01 a0 0e
0930: 00 43 00 00 80 a6 15 98 00 00 00 00 00 00 02 00
0940: 00 00 00 50 62 44 18 2a ff ff ff 51 28 01 a0 0e
0950: 00 43 00 00 80 a6 15 98 00 00 00 00 00 00 02 00
0960: 00 00 00 50 62 44 18 2a ff ff ff 51 28 01 a0 0e
0970: 00 43 00 00 80 a6 15 98 00 00 00 00 00 00 02 00
0980: 00 00 00 50 62 44 18 2a ff ff ff 51 28 01 a0 0e
0990: 00 43 00 00 80 a6 15 98 00 00 00 00 00 00 02 00
09a0: 00 00 00 50 62 44 18 2a ff ff ff 51 28 01 a0 0e
09b0: 00 43 00 00 80 a6 15 98 00 00 00 00 00 00 02 00
09c0: 00 00 00 50 62 44 18 2a ff ff ff 51 28 01 a0 0e
09d0: 00 43 00 00 80 a6 15 98 00 00 00 00 00 00 02 00
09e0: 00 00 00 50 62 44 18 2a ff ff ff 51 28 01 a0 0e
09f0: 00 43 00 00 80 a6 15 98 00 00 00 00 00 00 02 00
0a00: 18 20 24 03 f0 18 03 0c 00 83 20 06 40 00 00 00
0a10: 18 20 24 03 f0 18 03 0c 00 83 20 06 80 00 00 00
0a20: 18 20 24 03 f0 18 03 0c 00 83 20 06 80 00 00 00
0a30: 18 20 24 03 f0 18 03 0c 00 83 20 06 80 00 00 00
0a40: 18 20 24 03 f0 18 03 0c 00 83 20 06 80 00 00 00
0a50: 18 20 24 03 f0 18 03 0c 00 83 20 06 80 00 00 00
0a60: 18 20 24 03 f0 18 03 0c 00 83 20 06 80 00 00 00
0a70: 18 20 24 03 f0 18 03 0c 00 83 20 06 80 00 00 00
0a80: 18 20 24 03 f0 18 03 0c 00 83 20 06 80 00 00 00
0a90: 18 20 24 03 f0 18 03 0c 00 83 20 06 80 00 00 00
0aa0: 18 20 24 03 f0 18 03 0c 00 83 20 06 80 00 00 00
0ab0: 18 20 24 03 f0 18 03 0c 00 83 20 06 80 00 00 00
0ac0: 18 20 24 03 f0 18 03 0c 00 83 20 06 80 00 00 00
0ad0: 18 20 24 03 f0 18 03 0c 00 83 20 06 80 00 00 00
0ae0: 18 20 24 03 f0 18 03 0c 00 83 20 06 80 00 00 00
0af0: 18 20 24 03 f0 18 03 0c 00 83 20 06 80 00 00 00
0b00: 00 00 00 00 00 00 00 00 00 00 00 00 00 00 00 00
0b10: 00 00 00 00 00 00 00 00 00 00 00 00 00 00 00 00
0b20: 00 00 00 00 00 00 00 00 00 00 00 00 00 00 00 00
0b30: 00 00 00 00 00 00 00 00 00 00 00 00 00 00 00 00
0b40: 00 00 00 00 00 00 00 00 00 00 00 00 00 00 00 00
0b50: 00 00 00 00 00 00 00 00 00 00 00 00 00 00 00 00
0b60: 00 00 00 00 00 00 00 00 00 00 00 00 00 00 00 00
0b70: 00 00 00 00 00 00 00 00 00 00 00 00 00 00 00 00
0b80: 00 00 00 00 00 00 00 00 00 00 00 00 00 00 00 00
0b90: 00 00 00 00 00 00 00 00 00 00 00 00 00 00 00 00
0ba0: 00 00 00 00 00 00 00 00 00 00 00 00 00 00 00 00
0bb0: 00 00 00 00 00 00 00 00 00 00 00 00 00 00 00 00
0bc0: 00 00 00 00 00 00 00 00 00 00 00 00 00 00 00 00
0bd0: 00 00 00 00 00 00 00 00 00 00 00 00 00 00 00 00
0be0: 00 00 00 00 00 00 00 00 00 00 00 00 00 00 00 00
0bf0: 00 00 00 00 00 00 00 00 00 00 00 00 00 00 00 00
0c00: 00 00 00 00 00 00 00 00 00 00 00 00 00 00 00 00
0c10: 00 00 00 00 00 00 00 00 00 00 00 00 00 00 00 00
0c20: 00 00 00 00 20 10 84 a0 91 a0 03 00 00 00 00 00
0c30: 00 00 00 00 00 00 00 00 02 04 00 10 00 00 00 00
0c40: f1 3f 00 00 f2 3f 00 00 00 00 00 00 03 00 00 00
0c50: 18 a6 b4 00 00 00 00 00 00 00 00 00 00 00 00 00
0c60: 00 00 00 00 00 00 00 00 00 00 00 00 00 00 00 00
0c70: 00 00 00 00 00 00 00 00 00 00 00 00 00 00 00 00
0c80: 00 00 00 00 00 00 00 00 00 00 00 00 00 00 00 00
0c90: 00 00 00 00 00 00 00 00 00 00 00 00 00 00 00 00
0ca0: 00 00 00 00 00 00 00 00 00 00 00 00 00 00 00 00
0cb0: 00 00 00 00 00 00 00 00 00 00 00 00 00 00 00 00
0cc0: 00 00 00 00 00 00 00 00 00 00 00 00 01 00 00 00
0cd0: 5e 01 00 00 5e 01 00 50 00 00 00 00 00 00 00 00
0ce0: 01 00 00 00 00 00 00 00 00 00 00 00 00 00 00 00
0cf0: 00 00 00 00 00 00 00 00 00 00 00 00 00 00 00 00
0d00: 00 00 00 00 00 00 00 00 00 00 00 00 00 00 00 00
0d10: 00 00 ff ff 10 00 3e 00 00 00 00 00 40 00 00 00
0d20: 00 00 00 00 00 00 00 00 00 00 00 00 00 00 00 00
0d30: 00 00 00 00 5f 00 00 00 00 00 00 00 00 00 00 00
0d40: 00 00 00 00 00 00 00 00 00 00 00 00 00 00 00 00
0d50: 00 00 00 00 00 00 00 00 00 00 00 00 00 00 00 00
0d60: 00 00 00 00 00 00 00 00 00 00 00 00 e0 04 02 40
0d70: f5 ab 00 80 ec 46 01 00 ff 00 00 00 01 00 00 00
0d80: bc 91 c1 fb 1f 0d c3 00 00 00 00 00 00 00 00 00
0d90: 00 00 00 00 19 00 01 00 00 00 00 00 00 00 00 00
0da0: 08 27 08 27 08 27 08 27 08 27 08 27 08 27 08 27
0db0: 08 27 08 27 08 27 08 27 08 27 08 27 08 27 08 27
0dc0: c0 fb 00 34 0a 10 37 00 36 02 f8 00 06 0e 20 36
0dd0: 80 b1 36 08 2e a2 d0 00 00 44 40 f9 80 4a 01 00
0de0: 00 00 00 00 00 00 00 00 00 00 00 00 00 00 00 00
0df0: 00 00 00 00 00 00 00 00 00 00 00 00 00 00 00 00
0e00: 00 00 00 00 00 00 00 00 00 00 00 00 00 00 00 80
0e10: 00 00 00 00 00 00 00 00 00 00 00 00 00 00 00 20
0e20: 00 00 00 00 00 00 00 00 00 00 00 00 00 00 00 20
0e30: 00 00 00 00 00 00 00 00 00 00 00 00 00 00 00 20
0e40: 00 00 00 00 00 00 00 00 00 00 00 00 00 00 00 20
0e50: 00 00 00 00 00 00 00 00 00 00 00 00 00 00 00 20
0e60: 00 00 00 00 00 00 00 00 00 00 00 00 00 00 00 20
0e70: 00 00 00 00 00 00 00 00 00 00 00 00 00 00 00 20
0e80: 00 00 00 00 00 00 00 00 00 00 00 00 00 00 00 20
0e90: 00 00 00 00 00 00 00 00 00 00 00 00 00 00 00 20
0ea0: 00 00 00 00 00 00 00 00 00 00 00 00 00 00 00 20
0eb0: 00 00 00 00 00 00 00 00 00 00 00 00 00 00 00 20
0ec0: 00 00 00 00 00 00 00 00 00 00 00 00 00 00 00 20
0ed0: 00 00 00 00 00 00 00 00 00 00 00 00 00 00 00 20
0ee0: 00 00 00 00 00 00 00 00 00 00 00 00 00 00 00 20
0ef0: 00 00 00 00 00 00 00 00 00 00 00 00 00 00 00 20
0f00: 00 00 00 00 00 00 00 00 00 00 00 00 00 00 00 00
0f10: 00 00 00 00 00 00 00 00 00 00 00 00 00 00 00 00
0f20: 00 00 00 00 00 00 00 00 00 00 00 00 00 00 00 00
0f30: 00 00 00 00 00 00 00 00 00 00 00 00 00 00 00 00
0f40: 00 00 00 00 00 00 00 00 00 00 00 00 00 00 00 00
0f50: 00 00 00 00 00 00 00 00 00 00 00 00 00 00 00 00
0f60: 00 00 00 00 00 00 00 00 00 00 00 00 00 00 00 00
0f70: 00 00 00 00 00 00 00 00 00 00 00 00 00 00 00 00
0f80: 00 00 00 00 00 00 00 00 00 00 00 00 00 00 00 00
0f90: 00 00 00 00 00 00 00 00 00 00 00 00 00 00 00 00
0fa0: 00 00 00 00 00 00 00 00 00 00 00 00 00 00 00 00
0fb0: 00 00 00 00 00 00 00 00 00 00 00 00 00 00 00 00
0fc0: 00 00 00 00 00 00 00 00 00 00 00 00 00 00 00 00
0fd0: 00 00 00 00 00 00 00 00 00 00 00 00 00 00 00 00
0fe0: 00 00 00 00 00 00 00 00 00 00 00 00 00 00 00 00
0ff0: 00 00 00 00 00 00 00 00 00 00 00 00 00 00 00 00

PCIe 00:1b.0 extended config space:
0000: 86 80 20 1c 06 04 10 00 05 00 03 04 10 00 00 00
0010: 04 00 40 1f 06 00 00 00 00 00 00 00 00 00 00 00
0020: 00 00 00 00 00 00 00 00 00 00 00 00 86 80 20 1c
0030: 00 00 00 00 50 00 00 00 00 00 00 00 ff 01 00 00
0040: 01 00 00 45 00 00 00 00 00 00 00 00 00 00 00 00
0050: 01 60 42 c8 00 00 00 00 00 00 00 00 00 00 00 00
0060: 05 70 81 00 f8 02 e0 fe 00 00 00 00 00 00 00 00
0070: 10 00 91 00 00 00 00 10 00 00 10 00 00 00 00 00
0080: 00 00 00 00 00 00 00 00 00 00 00 00 00 00 00 00
0090: 00 00 00 00 00 00 00 00 00 00 00 00 00 00 00 00
00a0: 00 00 00 00 00 00 00 00 00 00 00 00 00 00 00 00
00b0: 00 00 00 00 00 00 00 00 00 00 00 00 00 00 00 00
00c0: 00 04 02 01 02 24 00 40 00 0c a3 82 10 00 33 02
00d0: 00 0c a3 02 10 00 33 02 00 00 00 00 00 00 00 00
00e0: 00 00 00 00 00 00 00 00 00 00 00 00 00 00 00 00
00f0: 00 00 00 00 00 00 00 00 87 0f 06 08 00 00 00 00
0100: 02 00 01 13 01 00 00 00 00 00 00 00 00 00 00 00
0110: 00 00 00 00 01 00 00 80 00 00 00 00 00 00 00 00
0120: 22 00 00 81 00 00 00 00 00 00 00 00 00 00 00 00
0130: 05 00 01 00 00 01 00 0f 00 00 00 00 00 00 00 00
0140: 01 00 00 00 00 00 00 00 00 c0 d1 fe 00 00 00 00
0150: 00 00 00 00 00 00 00 00 00 00 00 00 00 00 00 00
0160: 00 00 00 00 00 00 00 00 00 00 00 00 00 00 00 00
0170: 00 00 00 00 00 00 00 00 00 00 00 00 00 00 00 00
0180: 00 00 00 00 00 00 00 00 00 00 00 00 00 00 00 00
0190: 00 00 00 00 00 00 00 00 00 00 00 00 00 00 00 00
01a0: 00 00 00 00 00 00 00 00 00 00 00 00 00 00 00 00
01b0: 00 00 00 00 00 00 00 00 00 00 00 00 00 00 00 00
01c0: 00 00 00 00 00 00 00 00 00 00 00 00 00 00 00 00
01d0: 00 00 00 00 00 00 00 00 00 00 00 00 00 00 00 00
01e0: 00 00 00 00 00 00 00 00 00 00 00 00 00 00 00 00
01f0: 00 00 00 00 00 00 00 00 00 00 00 00 00 00 00 00
0200: 00 00 00 00 00 00 00 00 00 00 00 00 00 00 00 00
0210: 00 00 00 00 00 00 00 00 00 00 00 00 00 00 00 00
0220: 00 00 00 00 00 00 00 00 00 00 00 00 00 00 00 00
0230: 00 00 00 00 00 00 00 00 00 00 00 00 00 00 00 00
0240: 00 00 00 00 00 00 00 00 00 00 00 00 00 00 00 00
0250: 00 00 00 00 00 00 00 00 00 00 00 00 00 00 00 00
0260: 00 00 00 00 00 00 00 00 00 00 00 00 00 00 00 00
0270: 00 00 00 00 00 00 00 00 00 00 00 00 00 00 00 00
0280: 00 00 00 00 00 00 00 00 00 00 00 00 00 00 00 00
0290: 00 00 00 00 00 00 00 00 00 00 00 00 00 00 00 00
02a0: 00 00 00 00 00 00 00 00 00 00 00 00 00 00 00 00
02b0: 00 00 00 00 00 00 00 00 00 00 00 00 00 00 00 00
02c0: 00 00 00 00 00 00 00 00 00 00 00 00 00 00 00 00
02d0: 00 00 00 00 00 00 00 00 00 00 00 00 00 00 00 00
02e0: 00 00 00 00 00 00 00 00 00 00 00 00 00 00 00 00
02f0: 00 00 00 00 00 00 00 00 00 00 00 00 00 00 00 00
0300: 00 00 00 00 00 00 00 00 00 00 00 00 00 00 00 00
0310: 00 00 00 00 00 00 00 00 00 00 00 00 00 00 00 00
0320: 00 00 00 00 00 00 00 00 00 00 00 00 00 00 00 00
0330: 00 00 00 00 00 00 00 00 00 00 00 00 00 00 00 00
0340: 00 00 00 00 00 00 00 00 00 00 00 00 00 00 00 00
0350: 00 00 00 00 00 00 00 00 00 00 00 00 00 00 00 00
0360: 00 00 00 00 00 00 00 00 00 00 00 00 00 00 00 00
0370: 00 00 00 00 00 00 00 00 00 00 00 00 00 00 00 00
0380: 00 00 00 00 00 00 00 00 00 00 00 00 00 00 00 00
0390: 00 00 00 00 00 00 00 00 00 00 00 00 00 00 00 00
03a0: 00 00 00 00 00 00 00 00 00 00 00 00 00 00 00 00
03b0: 00 00 00 00 00 00 00 00 00 00 00 00 00 00 00 00
03c0: 00 00 00 00 00 00 00 00 00 00 00 00 00 00 00 00
03d0: 00 00 00 00 00 00 00 00 00 00 00 00 00 00 00 00
03e0: 00 00 00 00 00 00 00 00 00 00 00 00 00 00 00 00
03f0: 00 00 00 00 00 00 00 00 00 00 00 00 00 00 00 00
0400: 00 00 00 00 00 00 00 00 00 00 00 00 00 00 00 00
0410: 00 00 00 00 00 00 00 00 00 00 00 00 00 00 00 00
0420: 00 00 00 00 00 00 00 00 00 00 00 00 00 00 00 00
0430: 00 00 00 00 00 00 00 00 00 00 00 00 00 00 00 00
0440: 00 00 00 00 00 00 00 00 00 00 00 00 00 00 00 00
0450: 00 00 00 00 00 00 00 00 00 00 00 00 00 00 00 00
0460: 00 00 00 00 00 00 00 00 00 00 00 00 00 00 00 00
0470: 00 00 00 00 00 00 00 00 00 00 00 00 00 00 00 00
0480: 00 00 00 00 00 00 00 00 00 00 00 00 00 00 00 00
0490: 00 00 00 00 00 00 00 00 00 00 00 00 00 00 00 00
04a0: 00 00 00 00 00 00 00 00 00 00 00 00 00 00 00 00
04b0: 00 00 00 00 00 00 00 00 00 00 00 00 00 00 00 00
04c0: 00 00 00 00 00 00 00 00 00 00 00 00 00 00 00 00
04d0: 00 00 00 00 00 00 00 00 00 00 00 00 00 00 00 00
04e0: 00 00 00 00 00 00 00 00 00 00 00 00 00 00 00 00
04f0: 00 00 00 00 00 00 00 00 00 00 00 00 00 00 00 00
0500: 00 00 00 00 00 00 00 00 00 00 00 00 00 00 00 00
0510: 00 00 00 00 00 00 00 00 00 00 00 00 00 00 00 00
0520: 00 00 00 00 00 00 00 00 00 00 00 00 00 00 00 00
0530: 00 00 00 00 00 00 00 00 00 00 00 00 00 00 00 00
0540: 00 00 00 00 00 00 00 00 00 00 00 00 00 00 00 00
0550: 00 00 00 00 00 00 00 00 00 00 00 00 00 00 00 00
0560: 00 00 00 00 00 00 00 00 00 00 00 00 00 00 00 00
0570: 00 00 00 00 00 00 00 00 00 00 00 00 00 00 00 00
0580: 00 00 00 00 00 00 00 00 00 00 00 00 00 00 00 00
0590: 00 00 00 00 00 00 00 00 00 00 00 00 00 00 00 00
05a0: 00 00 00 00 00 00 00 00 00 00 00 00 00 00 00 00
05b0: 00 00 00 00 00 00 00 00 00 00 00 00 00 00 00 00
05c0: 00 00 00 00 00 00 00 00 00 00 00 00 00 00 00 00
05d0: 00 00 00 00 00 00 00 00 00 00 00 00 00 00 00 00
05e0: 00 00 00 00 00 00 00 00 00 00 00 00 00 00 00 00
05f0: 00 00 00 00 00 00 00 00 00 00 00 00 00 00 00 00
0600: 00 00 00 00 00 00 00 00 00 00 00 00 00 00 00 00
0610: 00 00 00 00 00 00 00 00 00 00 00 00 00 00 00 00
0620: 00 00 00 00 00 00 00 00 00 00 00 00 00 00 00 00
0630: 00 00 00 00 00 00 00 00 00 00 00 00 00 00 00 00
0640: 00 00 00 00 00 00 00 00 00 00 00 00 00 00 00 00
0650: 00 00 00 00 00 00 00 00 00 00 00 00 00 00 00 00
0660: 00 00 00 00 00 00 00 00 00 00 00 00 00 00 00 00
0670: 00 00 00 00 00 00 00 00 00 00 00 00 00 00 00 00
0680: 00 00 00 00 00 00 00 00 00 00 00 00 00 00 00 00
0690: 00 00 00 00 00 00 00 00 00 00 00 00 00 00 00 00
06a0: 00 00 00 00 00 00 00 00 00 00 00 00 00 00 00 00
06b0: 00 00 00 00 00 00 00 00 00 00 00 00 00 00 00 00
06c0: 00 00 00 00 00 00 00 00 00 00 00 00 00 00 00 00
06d0: 00 00 00 00 00 00 00 00 00 00 00 00 00 00 00 00
06e0: 00 00 00 00 00 00 00 00 00 00 00 00 00 00 00 00
06f0: 00 00 00 00 00 00 00 00 00 00 00 00 00 00 00 00
0700: 00 00 00 00 00 00 00 00 00 00 00 00 00 00 00 00
0710: 00 00 00 00 00 00 00 00 00 00 00 00 00 00 00 00
0720: 00 00 00 00 00 00 00 00 00 00 00 00 00 00 00 00
0730: 00 00 00 00 00 00 00 00 00 00 00 00 00 00 00 00
0740: 00 00 00 00 00 00 00 00 00 00 00 00 00 00 00 00
0750: 00 00 00 00 00 00 00 00 00 00 00 00 00 00 00 00
0760: 00 00 00 00 00 00 00 00 00 00 00 00 00 00 00 00
0770: 00 00 00 00 00 00 00 00 00 00 00 00 00 00 00 00
0780: 00 00 00 00 00 00 00 00 00 00 00 00 00 00 00 00
0790: 00 00 00 00 00 00 00 00 00 00 00 00 00 00 00 00
07a0: 00 00 00 00 00 00 00 00 00 00 00 00 00 00 00 00
07b0: 00 00 00 00 00 00 00 00 00 00 00 00 00 00 00 00
07c0: 00 00 00 00 00 00 00 00 00 00 00 00 00 00 00 00
07d0: 00 00 00 00 00 00 00 00 00 00 00 00 00 00 00 00
07e0: 00 00 00 00 00 00 00 00 00 00 00 00 00 00 00 00
07f0: 00 00 00 00 00 00 00 00 00 00 00 00 00 00 00 00
0800: 00 00 00 00 00 00 00 00 00 00 00 00 00 00 00 00
0810: 00 00 00 00 00 00 00 00 00 00 00 00 00 00 00 00
0820: 00 00 00 00 00 00 00 00 00 00 00 00 00 00 00 00
0830: 00 00 00 00 00 00 00 00 00 00 00 00 00 00 00 00
0840: 00 00 00 00 00 00 00 00 00 00 00 00 00 00 00 00
0850: 00 00 00 00 00 00 00 00 00 00 00 00 00 00 00 00
0860: 00 00 00 00 00 00 00 00 00 00 00 00 00 00 00 00
0870: 00 00 00 00 00 00 00 00 00 00 00 00 00 00 00 00
0880: 00 00 00 00 00 00 00 00 00 00 00 00 00 00 00 00
0890: 00 00 00 00 00 00 00 00 00 00 00 00 00 00 00 00
08a0: 00 00 00 00 00 00 00 00 00 00 00 00 00 00 00 00
08b0: 00 00 00 00 00 00 00 00 00 00 00 00 00 00 00 00
08c0: 00 00 00 00 00 00 00 00 00 00 00 00 00 00 00 00
08d0: 00 00 00 00 00 00 00 00 00 00 00 00 00 00 00 00
08e0: 00 00 00 00 00 00 00 00 00 00 00 00 00 00 00 00
08f0: 00 00 00 00 00 00 00 00 00 00 00 00 00 00 00 00
0900: 00 00 00 00 00 00 00 00 00 00 00 00 00 00 00 00
0910: 00 00 00 00 00 00 00 00 00 00 00 00 00 00 00 00
0920: 00 00 00 00 00 00 00 00 00 00 00 00 00 00 00 00
0930: 00 00 00 00 00 00 00 00 00 00 00 00 00 00 00 00
0940: 00 00 00 00 00 00 00 00 00 00 00 00 00 00 00 00
0950: 00 00 00 00 00 00 00 00 00 00 00 00 00 00 00 00
0960: 00 00 00 00 00 00 00 00 00 00 00 00 00 00 00 00
0970: 00 00 00 00 00 00 00 00 00 00 00 00 00 00 00 00
0980: 00 00 00 00 00 00 00 00 00 00 00 00 00 00 00 00
0990: 00 00 00 00 00 00 00 00 00 00 00 00 00 00 00 00
09a0: 00 00 00 00 00 00 00 00 00 00 00 00 00 00 00 00
09b0: 00 00 00 00 00 00 00 00 00 00 00 00 00 00 00 00
09c0: 00 00 00 00 00 00 00 00 00 00 00 00 00 00 00 00
09d0: 00 00 00 00 00 00 00 00 00 00 00 00 00 00 00 00
09e0: 00 00 00 00 00 00 00 00 00 00 00 00 00 00 00 00
09f0: 00 00 00 00 00 00 00 00 00 00 00 00 00 00 00 00
0a00: 00 00 00 00 00 00 00 00 00 00 00 00 00 00 00 00
0a10: 00 00 00 00 00 00 00 00 00 00 00 00 00 00 00 00
0a20: 00 00 00 00 00 00 00 00 00 00 00 00 00 00 00 00
0a30: 00 00 00 00 00 00 00 00 00 00 00 00 00 00 00 00
0a40: 00 00 00 00 00 00 00 00 00 00 00 00 00 00 00 00
0a50: 00 00 00 00 00 00 00 00 00 00 00 00 00 00 00 00
0a60: 00 00 00 00 00 00 00 00 00 00 00 00 00 00 00 00
0a70: 00 00 00 00 00 00 00 00 00 00 00 00 00 00 00 00
0a80: 00 00 00 00 00 00 00 00 00 00 00 00 00 00 00 00
0a90: 00 00 00 00 00 00 00 00 00 00 00 00 00 00 00 00
0aa0: 00 00 00 00 00 00 00 00 00 00 00 00 00 00 00 00
0ab0: 00 00 00 00 00 00 00 00 00 00 00 00 00 00 00 00
0ac0: 00 00 00 00 00 00 00 00 00 00 00 00 00 00 00 00
0ad0: 00 00 00 00 00 00 00 00 00 00 00 00 00 00 00 00
0ae0: 00 00 00 00 00 00 00 00 00 00 00 00 00 00 00 00
0af0: 00 00 00 00 00 00 00 00 00 00 00 00 00 00 00 00
0b00: 00 00 00 00 00 00 00 00 00 00 00 00 00 00 00 00
0b10: 00 00 00 00 00 00 00 00 00 00 00 00 00 00 00 00
0b20: 00 00 00 00 00 00 00 00 00 00 00 00 00 00 00 00
0b30: 00 00 00 00 00 00 00 00 00 00 00 00 00 00 00 00
0b40: 00 00 00 00 00 00 00 00 00 00 00 00 00 00 00 00
0b50: 00 00 00 00 00 00 00 00 00 00 00 00 00 00 00 00
0b60: 00 00 00 00 00 00 00 00 00 00 00 00 00 00 00 00
0b70: 00 00 00 00 00 00 00 00 00 00 00 00 00 00 00 00
0b80: 00 00 00 00 00 00 00 00 00 00 00 00 00 00 00 00
0b90: 00 00 00 00 00 00 00 00 00 00 00 00 00 00 00 00
0ba0: 00 00 00 00 00 00 00 00 00 00 00 00 00 00 00 00
0bb0: 00 00 00 00 00 00 00 00 00 00 00 00 00 00 00 00
0bc0: 00 00 00 00 00 00 00 00 00 00 00 00 00 00 00 00
0bd0: 00 00 00 00 00 00 00 00 00 00 00 00 00 00 00 00
0be0: 00 00 00 00 00 00 00 00 00 00 00 00 00 00 00 00
0bf0: 00 00 00 00 00 00 00 00 00 00 00 00 00 00 00 00
0c00: 00 00 00 00 00 00 00 00 00 00 00 00 00 00 00 00
0c10: 00 00 00 00 00 00 00 00 00 00 00 00 00 00 00 00
0c20: 00 00 00 00 00 00 00 00 00 00 00 00 00 00 00 00
0c30: 00 00 00 00 00 00 00 00 00 00 00 00 00 00 00 00
0c40: 00 00 00 00 00 00 00 00 00 00 00 00 00 00 00 00
0c50: 00 00 00 00 00 00 00 00 00 00 00 00 00 00 00 00
0c60: 00 00 00 00 00 00 00 00 00 00 00 00 00 00 00 00
0c70: 00 00 00 00 00 00 00 00 00 00 00 00 00 00 00 00
0c80: 00 00 00 00 00 00 00 00 00 00 00 00 00 00 00 00
0c90: 00 00 00 00 00 00 00 00 00 00 00 00 00 00 00 00
0ca0: 00 00 00 00 00 00 00 00 00 00 00 00 00 00 00 00
0cb0: 00 00 00 00 00 00 00 00 00 00 00 00 00 00 00 00
0cc0: 00 00 00 00 00 00 00 00 00 00 00 00 00 00 00 00
0cd0: 00 00 00 00 00 00 00 00 00 00 00 00 00 00 00 00
0ce0: 00 00 00 00 00 00 00 00 00 00 00 00 00 00 00 00
0cf0: 00 00 00 00 00 00 00 00 00 00 00 00 00 00 00 00
0d00: 00 00 00 00 00 00 00 00 00 00 00 00 00 00 00 00
0d10: 00 00 00 00 00 00 00 00 00 00 00 00 00 00 00 00
0d20: 00 00 00 00 00 00 00 00 00 00 00 00 00 00 00 00
0d30: 00 00 00 00 00 00 00 00 00 00 00 00 00 00 00 00
0d40: 00 00 00 00 00 00 00 00 00 00 00 00 00 00 00 00
0d50: 00 00 00 00 00 00 00 00 00 00 00 00 00 00 00 00
0d60: 00 00 00 00 00 00 00 00 00 00 00 00 00 00 00 00
0d70: 00 00 00 00 00 00 00 00 00 00 00 00 00 00 00 00
0d80: 00 00 00 00 00 00 00 00 00 00 00 00 00 00 00 00
0d90: 00 00 00 00 00 00 00 00 00 00 00 00 00 00 00 00
0da0: 00 00 00 00 00 00 00 00 00 00 00 00 00 00 00 00
0db0: 00 00 00 00 00 00 00 00 00 00 00 00 00 00 00 00
0dc0: 00 00 00 00 00 00 00 00 00 00 00 00 00 00 00 00
0dd0: 00 00 00 00 00 00 00 00 00 00 00 00 00 00 00 00
0de0: 00 00 00 00 00 00 00 00 00 00 00 00 00 00 00 00
0df0: 00 00 00 00 00 00 00 00 00 00 00 00 00 00 00 00
0e00: 00 00 00 00 00 00 00 00 00 00 00 00 00 00 00 00
0e10: 00 00 00 00 00 00 00 00 00 00 00 00 00 00 00 00
0e20: 00 00 00 00 00 00 00 00 00 00 00 00 00 00 00 00
0e30: 00 00 00 00 00 00 00 00 00 00 00 00 00 00 00 00
0e40: 00 00 00 00 00 00 00 00 00 00 00 00 00 00 00 00
0e50: 00 00 00 00 00 00 00 00 00 00 00 00 00 00 00 00
0e60: 00 00 00 00 00 00 00 00 00 00 00 00 00 00 00 00
0e70: 00 00 00 00 00 00 00 00 00 00 00 00 00 00 00 00
0e80: 00 00 00 00 00 00 00 00 00 00 00 00 00 00 00 00
0e90: 00 00 00 00 00 00 00 00 00 00 00 00 00 00 00 00
0ea0: 00 00 00 00 00 00 00 00 00 00 00 00 00 00 00 00
0eb0: 00 00 00 00 00 00 00 00 00 00 00 00 00 00 00 00
0ec0: 00 00 00 00 00 00 00 00 00 00 00 00 00 00 00 00
0ed0: 00 00 00 00 00 00 00 00 00 00 00 00 00 00 00 00
0ee0: 00 00 00 00 00 00 00 00 00 00 00 00 00 00 00 00
0ef0: 00 00 00 00 00 00 00 00 00 00 00 00 00 00 00 00
0f00: 00 00 00 00 00 00 00 00 00 00 00 00 00 00 00 00
0f10: 00 00 00 00 00 00 00 00 00 00 00 00 00 00 00 00
0f20: 00 00 00 00 00 00 00 00 00 00 00 00 00 00 00 00
0f30: 00 00 00 00 00 00 00 00 00 00 00 00 00 00 00 00
0f40: 00 00 00 00 00 00 00 00 00 00 00 00 00 00 00 00
0f50: 00 00 00 00 00 00 00 00 00 00 00 00 00 00 00 00
0f60: 00 00 00 00 00 00 00 00 00 00 00 00 00 00 00 00
0f70: 00 00 00 00 00 00 00 00 00 00 00 00 00 00 00 00
0f80: 00 00 00 00 00 00 00 00 00 00 00 00 00 00 00 00
0f90: 00 00 00 00 00 00 00 00 00 00 00 00 00 00 00 00
0fa0: 00 00 00 00 00 00 00 00 00 00 00 00 00 00 00 00
0fb0: 00 00 00 00 00 00 00 00 00 00 00 00 00 00 00 00
0fc0: 00 00 00 00 00 00 00 00 00 00 00 00 00 00 00 00
0fd0: 00 00 00 00 00 00 00 00 00 00 00 00 00 00 00 00
0fe0: 00 00 00 00 00 00 00 00 00 00 00 00 00 00 00 00
0ff0: 00 00 00 00 00 00 00 00 00 00 00 00 00 00 00 00

PCIe 01:00.0 extended config space:
0000: ec 10 68 81 07 04 10 00 06 00 00 02 10 00 00 00
0010: 01 e0 00 00 00 00 00 00 04 00 e0 f7 00 00 00 00
0020: 0c 00 00 10 06 00 00 00 00 00 00 00 ec 10 23 01
0030: 00 00 00 00 40 00 00 00 00 00 00 00 ff 01 00 00
0040: 01 50 c3 ff 08 00 00 00 00 00 00 00 00 00 00 00
0050: 05 70 80 00 00 00 00 00 00 00 00 00 00 00 00 00
0060: 00 00 00 00 00 00 00 00 00 00 00 00 00 00 00 00
0070: 10 b0 02 02 c0 8c 2c 01 0f 50 19 00 11 7c 07 00
0080: 42 00 11 10 00 00 00 00 00 00 00 00 00 00 00 00
0090: 00 00 00 00 1f 00 00 00 00 00 00 00 00 00 00 00
00a0: 00 00 00 00 00 00 00 00 00 00 00 00 00 00 00 00
00b0: 11 d0 03 80 04 00 00 00 04 08 00 00 00 00 00 00
00c0: 00 00 00 00 00 00 00 00 00 00 00 00 00 00 00 00
00d0: 03 00 00 80 ff ff ff ff 00 00 00 00 00 00 00 00
00e0: 00 00 00 00 00 00 00 00 00 00 00 00 00 00 00 00
00f0: 00 00 00 00 00 00 00 00 00 00 00 00 00 00 00 00
0100: 01 00 01 14 00 00 00 00 00 00 00 00 30 20 06 00
0110: 00 00 00 00 00 20 00 00 a0 00 00 00 00 00 00 00
0120: 00 00 00 00 00 00 00 00 00 00 00 00 00 00 00 00
0130: 00 00 00 00 00 00 00 00 00 00 00 00 00 00 00 00
0140: 02 00 01 16 00 00 00 00 00 00 00 00 00 00 00 00
0150: 00 00 00 00 01 00 00 80 00 00 00 00 00 00 00 00
0160: 03 00 01 00 00 e0 4c 68 00 00 00 01 00 00 00 00
0170: 00 00 00 00 00 00 00 00 00 00 00 00 00 00 00 00
0180: 00 00 00 00 00 00 00 00 00 00 00 00 00 00 00 00
0190: 00 00 00 00 00 00 00 00 00 00 00 00 00 00 00 00
01a0: 00 00 00 00 00 00 00 00 00 00 00 00 00 00 00 00
01b0: 00 00 00 00 00 00 00 00 00 00 00 00 00 00 00 00
01c0: 00 00 00 00 00 00 00 00 00 00 00 00 00 00 00 00
01d0: 00 00 00 00 00 00 00 00 00 00 00 00 00 00 00 00
01e0: 00 00 00 00 00 00 00 00 00 00 00 00 00 00 00 00
01f0: 00 00 00 00 00 00 00 00 00 00 00 00 00 00 00 00
0200: 00 00 00 00 00 00 00 00 00 00 00 00 00 00 00 00
0210: 00 00 00 00 00 00 00 00 00 00 00 00 00 00 00 00
0220: 00 00 00 00 00 00 00 00 00 00 00 00 00 00 00 00
0230: 00 00 00 00 00 00 00 00 00 00 00 00 00 00 00 00
0240: 00 00 00 00 00 00 00 00 00 00 00 00 00 00 00 00
0250: 00 00 00 00 00 00 00 00 00 00 00 00 00 00 00 00
0260: 00 00 00 00 00 00 00 00 00 00 00 00 00 00 00 00
0270: 00 00 00 00 00 00 00 00 00 00 00 00 00 00 00 00
0280: 00 00 00 00 00 00 00 00 00 00 00 00 00 00 00 00
0290: 00 00 00 00 00 00 00 00 00 00 00 00 00 00 00 00
02a0: 00 00 00 00 00 00 00 00 00 00 00 00 00 00 00 00
02b0: 00 00 00 00 00 00 00 00 00 00 00 00 00 00 00 00
02c0: 00 00 00 00 00 00 00 00 00 00 00 00 00 00 00 00
02d0: 00 00 00 00 00 00 00 00 00 00 00 00 00 00 00 00
02e0: 00 00 00 00 00 00 00 00 00 00 00 00 00 00 00 00
02f0: 00 00 00 00 00 00 00 00 00 00 00 00 00 00 00 00
0300: 00 00 00 00 00 00 00 00 00 00 00 00 00 00 00 00
0310: 00 00 00 00 00 00 00 00 00 00 00 00 00 00 00 00
0320: 00 00 00 00 00 00 00 00 00 00 00 00 00 00 00 00
0330: 00 00 00 00 00 00 00 00 00 00 00 00 00 00 00 00
0340: 00 00 00 00 00 00 00 00 00 00 00 00 00 00 00 00
0350: 00 00 00 00 00 00 00 00 00 00 00 00 00 00 00 00
0360: 00 00 00 00 00 00 00 00 00 00 00 00 00 00 00 00
0370: 00 00 00 00 00 00 00 00 00 00 00 00 00 00 00 00
0380: 00 00 00 00 00 00 00 00 00 00 00 00 00 00 00 00
0390: 00 00 00 00 00 00 00 00 00 00 00 00 00 00 00 00
03a0: 00 00 00 00 00 00 00 00 00 00 00 00 00 00 00 00
03b0: 00 00 00 00 00 00 00 00 00 00 00 00 00 00 00 00
03c0: 00 00 00 00 00 00 00 00 00 00 00 00 00 00 00 00
03d0: 00 00 00 00 00 00 00 00 00 00 00 00 00 00 00 00
03e0: 00 00 00 00 00 00 00 00 00 00 00 00 00 00 00 00
03f0: 00 00 00 00 00 00 00 00 00 00 00 00 00 00 00 00
0400: 00 00 00 00 00 00 00 00 00 00 00 00 00 00 00 00
0410: 00 00 00 00 00 00 00 00 00 00 00 00 00 00 00 00
0420: 00 00 00 00 00 00 00 00 00 00 00 00 00 00 00 00
0430: 00 00 00 00 00 00 00 00 00 00 00 00 00 00 00 00
0440: 00 00 00 00 00 00 00 00 00 00 00 00 00 00 00 00
0450: 00 00 00 00 00 00 00 00 00 00 00 00 00 00 00 00
0460: 00 00 00 00 00 00 00 00 00 00 00 00 00 00 00 00
0470: 00 00 00 00 00 00 00 00 00 00 00 00 00 00 00 00
0480: 00 00 00 00 00 00 00 00 00 00 00 00 00 00 00 00
0490: 00 00 00 00 00 00 00 00 00 00 00 00 00 00 00 00
04a0: 00 00 00 00 00 00 00 00 00 00 00 00 00 00 00 00
04b0: 00 00 00 00 00 00 00 00 00 00 00 00 00 00 00 00
04c0: 00 00 00 00 00 00 00 00 00 00 00 00 00 00 00 00
04d0: 00 00 00 00 00 00 00 00 00 00 00 00 00 00 00 00
04e0: 00 00 00 00 00 00 00 00 00 00 00 00 00 00 00 00
04f0: 00 00 00 00 00 00 00 00 00 00 00 00 00 00 00 00
0500: 00 00 00 00 00 00 00 00 00 00 00 00 00 00 00 00
0510: 00 00 00 00 00 00 00 00 00 00 00 00 00 00 00 00
0520: 00 00 00 00 00 00 00 00 00 00 00 00 00 00 00 00
0530: 00 00 00 00 00 00 00 00 00 00 00 00 00 00 00 00
0540: 00 00 00 00 00 00 00 00 00 00 00 00 00 00 00 00
0550: 00 00 00 00 00 00 00 00 00 00 00 00 00 00 00 00
0560: 00 00 00 00 00 00 00 00 00 00 00 00 00 00 00 00
0570: 00 00 00 00 00 00 00 00 00 00 00 00 00 00 00 00
0580: 00 00 00 00 00 00 00 00 00 00 00 00 00 00 00 00
0590: 00 00 00 00 00 00 00 00 00 00 00 00 00 00 00 00
05a0: 00 00 00 00 00 00 00 00 00 00 00 00 00 00 00 00
05b0: 00 00 00 00 00 00 00 00 00 00 00 00 00 00 00 00
05c0: 00 00 00 00 00 00 00 00 00 00 00 00 00 00 00 00
05d0: 00 00 00 00 00 00 00 00 00 00 00 00 00 00 00 00
05e0: 00 00 00 00 00 00 00 00 00 00 00 00 00 00 00 00
05f0: 00 00 00 00 00 00 00 00 00 00 00 00 00 00 00 00
0600: 00 00 00 00 00 00 00 00 00 00 00 00 00 00 00 00
0610: 00 00 00 00 00 00 00 00 00 00 00 00 00 00 00 00
0620: 00 00 00 00 00 00 00 00 00 00 00 00 00 00 00 00
0630: 00 00 00 00 00 00 00 00 00 00 00 00 00 00 00 00
0640: 00 00 00 00 00 00 00 00 00 00 00 00 00 00 00 00
0650: 00 00 00 00 00 00 00 00 00 00 00 00 00 00 00 00
0660: 00 00 00 00 00 00 00 00 00 00 00 00 00 00 00 00
0670: 00 00 00 00 00 00 00 00 00 00 00 00 00 00 00 00
0680: 00 00 00 00 00 00 00 00 00 00 00 00 00 00 00 00
0690: 00 00 00 00 00 00 00 00 00 00 00 00 00 00 00 00
06a0: 00 00 00 00 00 00 00 00 00 00 00 00 00 00 00 00
06b0: 00 00 00 00 00 00 00 00 00 00 00 00 00 00 00 00
06c0: 00 00 00 00 00 00 00 00 00 00 00 00 00 00 00 00
06d0: 00 00 00 00 00 00 00 00 00 00 00 00 00 00 00 00
06e0: 00 00 00 00 00 00 00 00 00 00 00 00 00 00 00 00
06f0: 00 00 00 00 00 00 00 00 00 00 00 00 00 00 00 00
0700: 76 00 63 01 ff ff ff ff 04 00 00 07 01 ff ff 27
0710: 20 01 01 00 00 00 00 00 aa 03 02 00 80 02 00 20
0720: 00 00 00 00 00 00 00 00 51 5c ee 03 10 00 00 08
0730: f4 70 03 00 ff 7f 03 00 ff ff 0f 00 00 00 00 00
0740: 0f 00 00 00 00 00 00 00 04 40 20 00 04 40 20 00
0750: 00 00 80 00 00 00 00 00 00 00 00 00 00 00 00 00
0760: 00 00 00 00 00 00 00 00 00 00 00 00 00 00 00 00
0770: 00 00 00 00 00 00 00 00 00 00 00 00 00 00 00 00
0780: 00 00 00 00 00 00 00 00 00 00 00 00 00 00 00 00
0790: 00 00 00 00 00 00 00 00 00 00 00 00 00 00 00 00
07a0: 00 00 00 00 00 00 00 00 00 00 00 00 00 00 00 00
07b0: 00 00 00 00 00 00 00 00 00 00 00 00 00 00 00 00
07c0: 00 00 00 00 00 00 00 00 00 00 00 00 00 00 00 00
07d0: 00 00 00 00 00 00 00 00 00 00 00 00 00 00 00 00
07e0: 00 00 00 00 00 00 00 00 00 00 00 00 00 00 00 00
07f0: 00 00 00 00 00 00 00 00 00 00 00 00 00 00 00 00
0800: 00 00 00 00 00 00 00 00 00 00 00 00 00 01 00 00
0810: 00 00 00 00 00 00 00 00 00 00 00 00 00 00 00 00
0820: 00 00 00 00 00 00 00 00 00 00 00 00 00 00 00 00
0830: 00 00 00 00 00 00 00 00 00 00 00 00 00 00 00 00
0840: 00 00 00 00 00 00 00 00 00 00 00 00 00 00 00 00
0850: 00 00 00 00 00 00 00 00 00 00 00 00 00 00 00 00
0860: 00 00 00 00 00 00 00 00 00 00 00 00 00 00 00 00
0870: 00 00 00 00 00 00 00 00 00 00 00 00 00 00 00 00
0880: 00 00 00 00 00 00 00 00 00 00 00 00 00 00 00 00
0890: 00 00 00 00 00 00 00 00 00 00 00 00 00 00 00 00
08a0: 00 00 00 00 00 00 00 00 00 00 00 00 00 00 00 00
08b0: 00 00 00 00 00 00 00 00 00 00 00 00 00 00 00 00
08c0: 00 00 00 00 00 00 00 00 00 00 00 00 00 00 00 00
08d0: 00 00 00 00 00 00 00 00 00 00 00 00 00 00 00 00
08e0: 00 00 00 00 00 00 00 00 00 00 00 00 00 00 00 00
08f0: 00 00 00 00 00 00 00 00 00 00 00 00 00 00 00 00
0900: 00 00 00 00 00 00 00 00 00 00 00 00 00 00 00 00
0910: 00 00 00 00 00 00 00 00 00 00 00 00 00 00 00 00
0920: 00 00 00 00 00 00 00 00 00 00 00 00 00 00 00 00
0930: 00 00 00 00 00 00 00 00 00 00 00 00 00 00 00 00
0940: 00 00 00 00 00 00 00 00 00 00 00 00 00 00 00 00
0950: 00 00 00 00 00 00 00 00 00 00 00 00 00 00 00 00
0960: 00 00 00 00 00 00 00 00 00 00 00 00 00 00 00 00
0970: 00 00 00 00 00 00 00 00 00 00 00 00 00 00 00 00
0980: 00 00 00 00 00 00 00 00 00 00 00 00 00 00 00 00
0990: 00 00 00 00 00 00 00 00 00 00 00 00 00 00 00 00
09a0: 00 00 00 00 00 00 00 00 00 00 00 00 00 00 00 00
09b0: 00 00 00 00 00 00 00 00 00 00 00 00 00 00 00 00
09c0: 00 00 00 00 00 00 00 00 00 00 00 00 00 00 00 00
09d0: 00 00 00 00 00 00 00 00 00 00 00 00 00 00 00 00
09e0: 00 00 00 00 00 00 00 00 00 00 00 00 00 00 00 00
09f0: 00 00 00 00 00 00 00 00 00 00 00 00 00 00 00 00
0a00: 00 00 00 00 00 00 00 00 00 00 00 00 00 00 00 00
0a10: 00 00 00 00 00 00 00 00 00 00 00 00 00 00 00 00
0a20: 00 00 00 00 00 00 00 00 00 00 00 00 00 00 00 00
0a30: 00 00 00 00 00 00 00 00 00 00 00 00 00 00 00 00
0a40: 00 00 00 00 00 00 00 00 00 00 00 00 00 00 00 00
0a50: 00 00 00 00 00 00 00 00 00 00 00 00 00 00 00 00
0a60: 00 00 00 00 00 00 00 00 00 00 00 00 00 00 00 00
0a70: 00 00 00 00 00 00 00 00 00 00 00 00 00 00 00 00
0a80: 00 00 00 00 00 00 00 00 00 00 00 00 00 00 00 00
0a90: 00 00 00 00 00 00 00 00 00 00 00 00 00 00 00 00
0aa0: 00 00 00 00 00 00 00 00 00 00 00 00 00 00 00 00
0ab0: 00 00 00 00 00 00 00 00 00 00 00 00 00 00 00 00
0ac0: 00 00 00 00 00 00 00 00 00 00 00 00 00 00 00 00
0ad0: 00 00 00 00 00 00 00 00 00 00 00 00 00 00 00 00
0ae0: 00 00 00 00 00 00 00 00 00 00 00 00 00 00 00 00
0af0: 00 00 00 00 00 00 00 00 00 00 00 00 00 00 00 00
0b00: 00 00 00 00 00 00 00 00 00 00 00 00 00 00 00 00
0b10: 00 00 00 00 00 00 00 00 00 00 00 00 00 00 00 00
0b20: 00 00 00 00 00 00 00 00 00 00 00 00 00 00 00 00
0b30: 00 00 00 00 00 00 00 00 00 00 00 00 00 00 00 00
0b40: 00 00 00 00 00 00 00 00 00 00 00 00 00 00 00 00
0b50: 00 00 00 00 00 00 00 00 00 00 00 00 00 00 00 00
0b60: 00 00 00 00 00 00 00 00 00 00 00 00 00 00 00 00
0b70: 00 00 00 00 00 00 00 00 00 00 00 00 00 00 00 00
0b80: 00 00 00 00 00 00 00 00 00 00 00 00 00 00 00 00
0b90: 00 00 00 00 00 00 00 00 00 00 00 00 00 00 00 00
0ba0: 00 00 00 00 00 00 00 00 00 00 00 00 00 00 00 00
0bb0: 00 00 00 00 00 00 00 00 00 00 00 00 00 00 00 00
0bc0: 00 00 00 00 00 00 00 00 00 00 00 00 00 00 00 00
0bd0: 00 00 00 00 00 00 00 00 00 00 00 00 00 00 00 00
0be0: 00 00 00 00 00 00 00 00 00 00 00 00 00 00 00 00
0bf0: 00 00 00 00 00 00 00 00 00 00 00 00 00 00 00 00
0c00: 00 00 00 00 00 00 00 00 00 00 00 00 00 00 00 00
0c10: 00 00 00 00 00 00 00 00 00 00 00 00 00 00 00 00
0c20: 00 00 00 00 00 00 00 00 00 00 00 00 00 00 00 00
0c30: 00 00 00 00 00 00 00 00 00 00 00 00 00 00 00 00
0c40: 00 00 00 00 00 00 00 00 00 00 00 00 00 00 00 00
0c50: 00 00 00 00 00 00 00 00 00 00 00 00 00 00 00 00
0c60: 00 00 00 00 00 00 00 00 00 00 00 00 00 00 00 00
0c70: 00 00 00 00 00 00 00 00 00 00 00 00 00 00 00 00
0c80: 00 00 00 00 00 00 00 00 00 00 00 00 00 00 00 00
0c90: 00 00 00 00 00 00 00 00 00 00 00 00 00 00 00 00
0ca0: 00 00 00 00 00 00 00 00 00 00 00 00 00 00 00 00
0cb0: 00 00 00 00 00 00 00 00 00 00 00 00 00 00 00 00
0cc0: 00 00 00 00 00 00 00 00 00 00 00 00 00 00 00 00
0cd0: 00 00 00 00 00 00 00 00 00 00 00 00 00 00 00 00
0ce0: 00 00 00 00 00 00 00 00 00 00 00 00 00 00 00 00
0cf0: 00 00 00 00 00 00 00 00 00 00 00 00 00 00 00 00
0d00: 00 00 00 00 00 00 00 00 00 00 00 00 00 00 00 00
0d10: 00 00 00 00 00 00 00 00 00 00 00 00 00 00 00 00
0d20: 00 00 00 00 00 00 00 00 00 00 00 00 00 00 00 00
0d30: 00 00 00 00 00 00 00 00 00 00 00 00 00 00 00 00
0d40: 00 00 00 00 00 00 00 00 00 00 00 00 00 00 00 00
0d50: 00 00 00 00 00 00 00 00 00 00 00 00 00 00 00 00
0d60: 00 00 00 00 00 00 00 00 00 00 00 00 00 00 00 00
0d70: 00 00 00 00 00 00 00 00 00 00 00 00 00 00 00 00
0d80: 00 00 00 00 00 00 00 00 00 00 00 00 00 00 00 00
0d90: 00 00 00 00 00 00 00 00 00 00 00 00 00 00 00 00
0da0: 00 00 00 00 00 00 00 00 00 00 00 00 00 00 00 00
0db0: 00 00 00 00 00 00 00 00 00 00 00 00 00 00 00 00
0dc0: 00 00 00 00 00 00 00 00 00 00 00 00 00 00 00 00
0dd0: 00 00 00 00 00 00 00 00 00 00 00 00 00 00 00 00
0de0: 00 00 00 00 00 00 00 00 00 00 00 00 00 00 00 00
0df0: 00 00 00 00 00 00 00 00 00 00 00 00 00 00 00 00
0e00: 00 00 00 00 00 00 00 00 00 00 00 00 00 00 00 00
0e10: 00 00 00 00 00 00 00 00 00 00 00 00 00 00 00 00
0e20: 00 00 00 00 00 00 00 00 00 00 00 00 00 00 00 00
0e30: 00 00 00 00 00 00 00 00 00 00 00 00 00 00 00 00
0e40: 00 00 00 00 00 00 00 00 00 00 00 00 00 00 00 00
0e50: 00 00 00 00 00 00 00 00 00 00 00 00 00 00 00 00
0e60: 00 00 00 00 00 00 00 00 00 00 00 00 00 00 00 00
0e70: 00 00 00 00 00 00 00 00 00 00 00 00 00 00 00 00
0e80: 00 00 00 00 00 00 00 00 00 00 00 00 00 00 00 00
0e90: 00 00 00 00 00 00 00 00 00 00 00 00 00 00 00 00
0ea0: 00 00 00 00 00 00 00 00 00 00 00 00 00 00 00 00
0eb0: 00 00 00 00 00 00 00 00 00 00 00 00 00 00 00 00
0ec0: 00 00 00 00 00 00 00 00 00 00 00 00 00 00 00 00
0ed0: 00 00 00 00 00 00 00 00 00 00 00 00 00 00 00 00
0ee0: 00 00 00 00 00 00 00 00 00 00 00 00 00 00 00 00
0ef0: 00 00 00 00 00 00 00 00 00 00 00 00 00 00 00 00
0f00: 00 00 00 00 00 00 00 00 00 00 00 00 00 00 00 00
0f10: 00 00 00 00 00 00 00 00 00 00 00 00 00 00 00 00
0f20: 00 00 00 00 00 00 00 00 00 00 00 00 00 00 00 00
0f30: 00 00 00 00 00 00 00 00 00 00 00 00 00 00 00 00
0f40: 00 00 00 00 00 00 00 00 00 00 00 00 00 00 00 00
0f50: 00 00 00 00 00 00 00 00 00 00 00 00 00 00 00 00
0f60: 00 00 00 00 00 00 00 00 00 00 00 00 00 00 00 00
0f70: 00 00 00 00 00 00 00 00 00 00 00 00 00 00 00 00
0f80: 00 00 00 00 00 00 00 00 00 00 00 00 00 00 00 00
0f90: 00 00 00 00 00 00 00 00 00 00 00 00 00 00 00 00
0fa0: 00 00 00 00 00 00 00 00 00 00 00 00 00 00 00 00
0fb0: 00 00 00 00 00 00 00 00 00 00 00 00 00 00 00 00
0fc0: 00 00 00 00 00 00 00 00 00 00 00 00 00 00 00 00
0fd0: 00 00 00 00 00 00 00 00 00 00 00 00 00 00 00 00
0fe0: 00 00 00 00 00 00 00 00 00 00 00 00 00 00 00 00
0ff0: 00 00 00 00 00 00 00 00 00 00 00 00 00 00 00 00


Error: Dumping MSRs on this CPU (0x0306a0) is not (yet) supported.



============= AMBs ============

Error: Dumping AMBs on this MCH is not (yet) supported.

============= SPI / BIOS CNTL =============

BIOS_CNTL = 0x0008 (IO)

0x0000 = BIOSWE - write enable
0x0000 = BLE - lock enable
0x0002 = SPI Read configuration
0x0000 = TopSwapStatus
0x0000 = SMM BIOS Write Protect Disable
0x0000 = reserved

============= SPI Bar ==============

0x03ff0180 = BFPR - BIOS Flash primary region
0x0000e008 = HSFSTS - Hardware Sequencing Flash Status
0x00000000 = HSFCTL - Hardware Sequencing Flash Control
0x001a43d6 = FADDR - Flash Address
0x00000000 = Reserved
0x52000c00 = FDATA0
0x0000ffff = FRACC - Flash Region Access Permissions
0x00000000 = Flash Region 0
0x03ff0180 = Flash Region 1
0x017f0003 = Flash Region 2
0x00020001 = Flash Region 3
0x00001fff = Flash Region 4
0x00000000 = FPR0 Flash Protected Range 0
0x00000000 = FPR0 Flash Protected Range 1
0x00000000 = FPR0 Flash Protected Range 2
0x00000000 = FPR0 Flash Protected Range 3
0x00000000 = FPR0 Flash Protected Range 4
0x000000c0 = SSFSTS - Software Sequencing Flash Status
0x00000006 = PREOP - Prefix opcode Configuration
0x0000043b = OPTYPE - Opcode Type Configuration
0x0000019f05200302 = OPMENU - Opcode Menu Configuration
0x00000000 = BBAR - BIOS Base Address Configuration
0x00004024 = FDOC - Flash Descriptor Observability Control
0x00000000 = Reserved
0x00000007 = AFC - Additional Flash Control
0x00802005 = LVSCC - Host Lower Vendor Specific Component Capabilities
0x00002005 = UVSCC - Host Upper Vendor Specific Component Capabilities
0x00000000 = FPB - Flash Partition Boundary

============= IGD ==============

IGD MMIO = 0x61f000000 (MEM)

0x041000: 0x80002900
0x042000: 0x00400000
0x04200c: 0x00000024
0x042014: 0x24000000
0x04201c: 0x00180800
0x042020: 0x10000000
0x042030: 0x000c0043
0x042034: 0x25c00003
0x042300: 0x00c0e3a0
0x042310: 0x0000ff00
0x04321c: 0x032300bb
0x044004: 0x4bffffff
0x04400c: 0xfc002529
0x044014: 0xffffffdf
0x04401c: 0x00401021
0x044024: 0xffffffff
0x044050: 0xffffffff
0x044070: 0xb76c834c
0x045000: 0xd6661056
0x045010: 0x00000003
0x045108: 0x84000000
0x04510c: 0x90000000
0x045110: 0xa0000000
0x04a000: 0x0055f981
0x04a004: 0x00a57b07
0x04a008: 0x00157d07
0x04a00c: 0x000d7801
0x04a010: 0x009d7921
0x04a014: 0x00517d05
0x04a018: 0x00df3b05
0x04a01c: 0x001d6925
0x04a020: 0x00357e01
0x04a024: 0x00537a0d
0x04a028: 0x009dfb26
0x04a02c: 0x00737505
0x04a030: 0x0005fb21
0x04a034: 0x00555804
0x04a038: 0x00f55b13
0x04a03c: 0x00dd7a4f
0x04a040: 0x00557b67
0x04a044: 0x00046a07
0x04a048: 0x00156a27
0x04a04c: 0x009f4907
0x04a050: 0x00155984
0x04a054: 0x00957426
0x04a058: 0x0094e981
0x04a05c: 0x00043007
0x04a060: 0x00456901
0x04a064: 0x00857145
0x04a068: 0x0017f304
0x04a06c: 0x004df90f
0x04a070: 0x00317007
0x04a074: 0x00156905
0x04a078: 0x00977805
0x04a07c: 0x005d7905
0x04a080: 0x00157f27
0x04a084: 0x00957157
0x04a088: 0x00156305
0x04a08c: 0x00145814
0x04a090: 0x00155d05
0x04a094: 0x0015392d
0x04a098: 0x00357910
0x04a09c: 0x0035ab05
0x04a0a0: 0x00857120
0x04a0a4: 0x00057b04
0x04a0a8: 0x00377905
0x04a0ac: 0x001d7c01
0x04a0b0: 0x0005fd91
0x04a0b4: 0x0009f800
0x04a0b8: 0x00177101
0x04a0bc: 0x00355b27
0x04a0c0: 0x0050eb25
0x04a0c4: 0x0005b905
0x04a0c8: 0x001d6885
0x04a0cc: 0x00052107
0x04a0d0: 0x00157119
0x04a0d4: 0x00156505
0x04a0d8: 0x00136bad
0x04a0dc: 0x00156c05
0x04a0e0: 0x000d7965
0x04a0e4: 0x00353805
0x04a0e8: 0x00b07d05
0x04a0ec: 0x00917b05
0x04a0f0: 0x00133156
0x04a0f4: 0x00057b05
0x04a0f8: 0x00053105
0x04a0fc: 0x00167d05
0x04a100: 0x0037fb07
0x04a104: 0x00357b07
0x04a108: 0x000e5b55
0x04a10c: 0x00074b07
0x04a110: 0x009fbd45
0x04a114: 0x002d3b25
0x04a118: 0x00197b2d
0x04a11c: 0x00947f04
0x04a120: 0x000f2925
0x04a124: 0x00b47b01
0x04a128: 0x0015b905
0x04a12c: 0x001f3b25
0x04a130: 0x001b59d5
0x04a134: 0x008d7f05
0x04a138: 0x0008795d
0x04a13c: 0x0097f945
0x04a140: 0x00b27e02
0x04a144: 0x0075fb04
0x04a148: 0x00567a26
0x04a14c: 0x0015fb07
0x04a150: 0x0014f90c
0x04a154: 0x00157901
0x04a158: 0x001d7920
0x04a15c: 0x00077901
0x04a160: 0x00157925
0x04a164: 0x00177a45
0x04a168: 0x001759a1
0x04a16c: 0x001d5d05
0x04a170: 0x00757305
0x04a174: 0x00156b05
0x04a178: 0x00157925
0x04a17c: 0x0055790d
0x04a180: 0x00b53b55
0x04a184: 0x00957124
0x04a188: 0x00557924
0x04a18c: 0x00443909
0x04a190: 0x00557945
0x04a194: 0x0050fa05
0x04a198: 0x00156105
0x04a19c: 0x00947905
0x04a1a0: 0x00057201
0x04a1a4: 0x00173ac5
0x04a1a8: 0x00047905
0x04a1ac: 0x005df105
0x04a1b0: 0x00d53143
0x04a1b4: 0x00057b01
0x04a1b8: 0x00157305
0x04a1bc: 0x00877d07
0x04a1c0: 0x00373905
0x04a1c4: 0x00157b01
0x04a1c8: 0x00157dc8
0x04a1cc: 0x00355501
0x04a1d0: 0x00106c41
0x04a1d4: 0x00157d07
0x04a1d8: 0x0011391e
0x04a1dc: 0x00555905
0x04a1e0: 0x00157b05
0x04a1e4: 0x00057b05
0x04a1e8: 0x00383924
0x04a1ec: 0x0051fa25
0x04a1f0: 0x005c59d7
0x04a1f4: 0x00112b05
0x04a1f8: 0x0013f907
0x04a1fc: 0x00573bc5
0x04a200: 0x00557905
0x04a204: 0x0092f705
0x04a208: 0x00577045
0x04a20c: 0x00133905
0x04a210: 0x00155904
0x04a214: 0x001db205
0x04a218: 0x00557007
0x04a21c: 0x00d56b47
0x04a220: 0x00195905
0x04a224: 0x003d7105
0x04a228: 0x00955f05
0x04a22c: 0x00178b21
0x04a230: 0x005d7164
0x04a234: 0x00155905
0x04a238: 0x0027f105
0x04a23c: 0x00153a55
0x04a240: 0x003f7b07
0x04a244: 0x00116b85
0x04a248: 0x00057905
0x04a24c: 0x003d6905
0x04a250: 0x00543907
0x04a254: 0x0011798c
0x04a258: 0x00134924
0x04a25c: 0x00017124
0x04a260: 0x00353f47
0x04a264: 0x00057901
0x04a268: 0x00573105
0x04a26c: 0x003d1024
0x04a270: 0x00156845
0x04a274: 0x00152927
0x04a278: 0x00056b05
0x04a27c: 0x00157b0f
0x04a280: 0x00516b17
0x04a284: 0x006d7705
0x04a288: 0x00536e05
0x04a28c: 0x00057303
0x04a290: 0x00147d05
0x04a294: 0x004c7907
0x04a298: 0x00977903
0x04a29c: 0x004d7801
0x04a2a0: 0x00d55805
0x04a2a4: 0x004d7b06
0x04a2a8: 0x00545f25
0x04a2ac: 0x00156d05
0x04a2b0: 0x00557905
0x04a2b4: 0x0001582c
0x04a2b8: 0x00c5390d
0x04a2bc: 0x00bdfb2f
0x04a2c0: 0x00477885
0x04a2c4: 0x00455b05
0x04a2c8: 0x0041b915
0x04a2cc: 0x00515915
0x04a2d0: 0x00457a44
0x04a2d4: 0x00043981
0x04a2d8: 0x00172307
0x04a2dc: 0x00d17b06
0x04a2e0: 0x00577925
0x04a2e4: 0x00963b85
0x04a2e8: 0x005570c5
0x04a2ec: 0x00515934
0x04a2f0: 0x0037dd05
0x04a2f4: 0x0041f105
0x04a2f8: 0x00019785
0x04a2fc: 0x003dfb07
0x04a300: 0x00b7fb55
0x04a304: 0x00157b04
0x04a308: 0x0054900d
0x04a30c: 0x000d6b07
0x04a310: 0x005c5545
0x04a314: 0x00213904
0x04a318: 0x0004610c
0x04a31c: 0x00657905
0x04a320: 0x00910901
0x04a324: 0x003d5005
0x04a328: 0x00117b05
0x04a32c: 0x00514905
0x04a330: 0x00007805
0x04a334: 0x003d7b2d
0x04a338: 0x00457923
0x04a33c: 0x00d57f95
0x04a340: 0x001d7991
0x04a344: 0x00153905
0x04a348: 0x00154a45
0x04a34c: 0x0015d905
0x04a350: 0x00153905
0x04a354: 0x005f5f05
0x04a358: 0x0057f507
0x04a35c: 0x00357987
0x04a360: 0x00366901
0x04a364: 0x00553105
0x04a368: 0x00017007
0x04a36c: 0x000f1105
0x04a370: 0x005b7b47
0x04a374: 0x00117803
0x04a378: 0x00157281
0x04a37c: 0x001559ad
0x04a380: 0x00157905
0x04a384: 0x0035f807
0x04a388: 0x001d5d40
0x04a38c: 0x00143915
0x04a390: 0x00147105
0x04a394: 0x001f2b65
0x04a398: 0x00176b03
0x04a39c: 0x00137921
0x04a3a0: 0x00142b07
0x04a3a4: 0x00275889
0x04a3a8: 0x00557b05
0x04a3ac: 0x00967105
0x04a3b0: 0x00c5f185
0x04a3b4: 0x00177805
0x04a3b8: 0x0095f115
0x04a3bc: 0x0035fb87
0x04a3c0: 0x00b55b1d
0x04a3c4: 0x005d190d
0x04a3c8: 0x007a7b05
0x04a3cc: 0x002bb905
0x04a3d0: 0x0015f501
0x04a3d4: 0x0095e80d
0x04a3d8: 0x0019bd15
0x04a3dc: 0x00152981
0x04a3e0: 0x00597945
0x04a3e4: 0x00157ba4
0x04a3e8: 0x001d7f85
0x04a3ec: 0x00153107
0x04a3f0: 0x0028eb01
0x04a3f4: 0x00156901
0x04a3f8: 0x003d7b0d
0x04a3fc: 0x00077907
0x04a404: 0x157f9e04
0x04a800: 0x00ffe63f
0x04a804: 0x00d7c61e
0x04a808: 0x00ff772f
0x04a80c: 0x00e7d814
0x04a810: 0x007a8437
0x04a814: 0x00fecc3f
0x04a818: 0x003ed237
0x04a81c: 0x006a860f
0x04a820: 0x00f360f3
0x04a824: 0x00c7c63f
0x04a828: 0x0033c437
0x04a82c: 0x00d7c697
0x04a830: 0x00ebc67e
0x04a834: 0x00c7c23d
0x04a838: 0x00fe023f
0x04a83c: 0x00ffc63f
0x04a840: 0x00ffc7bf
0x04a844: 0x00f342ad
0x04a848: 0x00d2d0f9
0x04a84c: 0x00f3445b
0x04a850: 0x00b70e3f
0x04a854: 0x00fcc632
0x04a858: 0x00d3c41e
0x04a85c: 0x00e6c6be
0x04a860: 0x00ab462f
0x04a864: 0x00f74632
0x04a868: 0x0066463f
0x04a86c: 0x007a4227
0x04a870: 0x00774ebf
0x04a874: 0x00f3463f
0x04a878: 0x00fd433e
0x04a87c: 0x007fc63f
0x04a880: 0x00ff067f
0x04a884: 0x00fb46bf
0x04a888: 0x005f063f
0x04a88c: 0x0067860f
0x04a890: 0x00be0e17
0x04a894: 0x006f0739
0x04a898: 0x00f74a18
0x04a89c: 0x00ff4627
0x04a8a0: 0x00efc62b
0x04a8a4: 0x00dd4a66
0x04a8a8: 0x00fe4e3f
0x04a8ac: 0x00a5c709
0x04a8b0: 0x00eb0a33
0x04a8b4: 0x00df4437
0x04a8b8: 0x00ee442f
0x04a8bc: 0x00ef563d
0x04a8c0: 0x00efc637
0x04a8c4: 0x00e7463f
0x04a8c8: 0x00edd607
0x04a8cc: 0x00ffc63b
0x04a8d0: 0x00ef767e
0x04a8d4: 0x00ed4621
0x04a8d8: 0x009f463f
0x04a8dc: 0x00efe73e
0x04a8e0: 0x00cfef3d
0x04a8e4: 0x007fc63f
0x04a8e8: 0x00ff0617
0x04a8ec: 0x00e945e5
0x04a8f0: 0x00efc67b
0x04a8f4: 0x00eed622
0x04a8f8: 0x00f7d61d
0x04a8fc: 0x00df56b7
0x04a900: 0x00ffc63b
0x04a904: 0x00ef4717
0x04a908: 0x00fac61f
0x04a90c: 0x008f54be
0x04a910: 0x00bfc6af
0x04a914: 0x006ef60a
0x04a918: 0x006fc63e
0x04a91c: 0x006dc62f
0x04a920: 0x00ed743f
0x04a924: 0x00f7c6be
0x04a928: 0x00eff561
0x04a92c: 0x00b74737
0x04a930: 0x00ee5637
0x04a934: 0x00af862f
0x04a938: 0x005fe63b
0x04a93c: 0x007fc63f
0x04a940: 0x00ffc23e
0x04a944: 0x006bc63a
0x04a948: 0x00df743c
0x04a94c: 0x008bc43f
0x04a950: 0x0083c63e
0x04a954: 0x007f462e
0x04a958: 0x00e6ce7f
0x04a95c: 0x00afe23f
0x04a960: 0x00da663a
0x04a964: 0x00b7545f
0x04a968: 0x00c3468f
0x04a96c: 0x00af8e3b
0x04a970: 0x00fe463c
0x04a974: 0x00ef3623
0x04a978: 0x00644e8e
0x04a97c: 0x00fe467f
0x04a980: 0x00ffc7bf
0x04a984: 0x00ee073b
0x04a988: 0x001f443b
0x04a98c: 0x005ae66e
0x04a990: 0x00ffc63e
0x04a994: 0x00ffe5ee
0x04a998: 0x008f6e3f
0x04a99c: 0x00e46a89
0x04a9a0: 0x00f7d23f
0x04a9a4: 0x006f6e3e
0x04a9a8: 0x00bffe5f
0x04a9ac: 0x00eb82bf
0x04a9b0: 0x00ef562e
0x04a9b4: 0x007f023e
0x04a9b8: 0x00f76a15
0x04a9bc: 0x00ffc67f
0x04a9c0: 0x00ff8e3f
0x04a9c4: 0x00e3c67c
0x04a9c8: 0x00f6c63e
0x04a9cc: 0x00bfc61f
0x04a9d0: 0x009f85ae
0x04a9d4: 0x0057c0ee
0x04a9d8: 0x00f7c6ae
0x04a9dc: 0x00efc4be
0x04a9e0: 0x00fe063f
0x04a9e4: 0x00f3463f
0x04a9e8: 0x00e7e62f
0x04a9ec: 0x00d5c71e
0x04a9f0: 0x00fac417
0x04a9f4: 0x00f7e53c
0x04a9f8: 0x00b65e38
0x04a9fc: 0x00f7463d
0x04aa00: 0x00efc6bf
0x04aa04: 0x00eb063c
0x04aa08: 0x00fff53a
0x04aa0c: 0x00afc72f
0x04aa10: 0x00e3ce64
0x04aa14: 0x00efc73a
0x04aa18: 0x00ab403f
0x04aa1c: 0x006eca3c
0x04aa20: 0x00adc60c
0x04aa24: 0x00e78673
0x04aa28: 0x00cdae0e
0x04aa2c: 0x00efe29d
0x04aa30: 0x00edc63e
0x04aa34: 0x00bec61f
0x04aa38: 0x00cde22e
0x04aa3c: 0x00ffc6be
0x04aa40: 0x00bfd2bf
0x04aa44: 0x003d832b
0x04aa48: 0x00f6827b
0x04aa4c: 0x00eedf3f
0x04aa50: 0x00f7c61a
0x04aa54: 0x00cecf3e
0x04aa58: 0x00f7c61e
0x04aa5c: 0x00ee879a
0x04aa60: 0x00ffc31f
0x04aa64: 0x00e7d21a
0x04aa68: 0x00d7c65a
0x04aa6c: 0x00f3c20e
0x04aa70: 0x00d5821f
0x04aa74: 0x00e6c23f
0x04aa78: 0x00eec41a
0x04aa7c: 0x00ffc9ff
0x04aa80: 0x00dbf63f
0x04aa84: 0x00dfc63f
0x04aa88: 0x0023c63b
0x04aa8c: 0x0068e6ba
0x04aa90: 0x00ffed7e
0x04aa94: 0x00d7cbbb
0x04aa98: 0x0069c29f
0x04aa9c: 0x00d6e63c
0x04aaa0: 0x00768fdf
0x04aaa4: 0x00bfc7bf
0x04aaa8: 0x00bfee37
0x04aaac: 0x00dfe03b
0x04aab0: 0x00d8c6bc
0x04aab4: 0x00ffe6cf
0x04aab8: 0x0027ca0e
0x04aabc: 0x00cfd77f
0x04aac0: 0x00ff767f
0x04aac4: 0x00fe443f
0x04aac8: 0x00efe66e
0x04aacc: 0x00cbc63f
0x04aad0: 0x00fd5639
0x04aad4: 0x00db56bf
0x04aad8: 0x00efc63f
0x04aadc: 0x00f7c63c
0x04aae0: 0x00bfda71
0x04aae4: 0x00b3553b
0x04aae8: 0x00ef4226
0x04aaec: 0x00f60e3f
0x04aaf0: 0x00ffc43e
0x04aaf4: 0x00bfc67e
0x04aaf8: 0x00e7c73b
0x04aafc: 0x00ffd53f
0x04ab00: 0x00efc73e
0x04ab04: 0x00fb463c
0x04ab08: 0x006fd21e
0x04ab0c: 0x00cf006f
0x04ab10: 0x00ef463e
0x04ab14: 0x00aec73f
0x04ab18: 0x0031463f
0x04ab1c: 0x0066c71a
0x04ab20: 0x00afce7e
0x04ab24: 0x00af867f
0x04ab28: 0x00cd46e3
0x04ab2c: 0x006d6615
0x04ab30: 0x00d4e63f
0x04ab34: 0x006e063e
0x04ab38: 0x00fec63e
0x04ab3c: 0x00bfe61f
0x04ab40: 0x00fbfe7f
0x04ab44: 0x00f34cb3
0x04ab48: 0x00ea4e2e
0x04ab4c: 0x006bc6b8
0x04ab50: 0x00bfc62f
0x04ab54: 0x0073460f
0x04ab58: 0x00e50639
0x04ab5c: 0x00894635
0x04ab60: 0x0073d733
0x04ab64: 0x00560ebf
0x04ab68: 0x00cd4036
0x04ab6c: 0x0067d62d
0x04ab70: 0x006fc23f
0x04ab74: 0x00f346bd
0x04ab78: 0x0077460e
0x04ab7c: 0x00fff6fb
0x04ab80: 0x00f7866f
0x04ab84: 0x00df6736
0x04ab88: 0x00fdc697
0x04ab8c: 0x00ffc25d
0x04ab90: 0x00f5683f
0x04ab94: 0x0017463d
0x04ab98: 0x007d469d
0x04ab9c: 0x00f54633
0x04aba0: 0x00f5ee3f
0x04aba4: 0x003f2c17
0x04aba8: 0x00fd440f
0x04abac: 0x00b1c62b
0x04abb0: 0x00ff472e
0x04abb4: 0x0027c637
0x04abb8: 0x00b25739
0x04abbc: 0x00ffe7bf
0x04abc0: 0x00ffde3f
0x04abc4: 0x00eec63f
0x04abc8: 0x00e7a62f
0x04abcc: 0x00770e3d
0x04abd0: 0x00e7e61d
0x04abd4: 0x00f76233
0x04abd8: 0x0067c23a
0x04abdc: 0x00f7023f
0x04abe0: 0x0082c4ff
0x04abe4: 0x00e5c63f
0x04abe8: 0x00efc63e
0x04abec: 0x00e3863c
0x04abf0: 0x00e7c62a
0x04abf4: 0x00f5d73b
0x04abf8: 0x00fd663f
0x04abfc: 0x00efeb3f
0x04ac04: 0x3fce6cfe
0x04b000: 0x008a3b3d
0x04b004: 0x00ca8d90
0x04b008: 0x006b8b1c
0x04b00c: 0x00e88b3d
0x04b010: 0x008a993e
0x04b014: 0x00e48e3c
0x04b018: 0x00e8aa38
0x04b01c: 0x00ea8b66
0x04b020: 0x00cb88d8
0x04b024: 0x00a08318
0x04b028: 0x00ca0c1b
0x04b02c: 0x00fc081a
0x04b030: 0x00a9031c
0x04b034: 0x004a15bc
0x04b038: 0x00c88944
0x04b03c: 0x00cd993c
0x04b040: 0x00c9a99c
0x04b044: 0x008a2006
0x04b048: 0x0091001f
0x04b04c: 0x00808a42
0x04b050: 0x008a3d4e
0x04b054: 0x008a089e
0x04b058: 0x00ad1808
0x04b05c: 0x00880a1c
0x04b060: 0x00f88a18
0x04b064: 0x002b0810
0x04b068: 0x0088ba30
0x04b06c: 0x00ab8808
0x04b070: 0x00608a3e
0x04b074: 0x0018de0a
0x04b078: 0x008d2e1e
0x04b07c: 0x008b983e
0x04b080: 0x008b881c
0x04b084: 0x0089858e
0x04b088: 0x00420d56
0x04b08c: 0x009a8954
0x04b090: 0x00cb298e
0x04b094: 0x00aa9b2e
0x04b098: 0x00db8c1e
0x04b09c: 0x00998816
0x04b0a0: 0x00d8c906
0x04b0a4: 0x00db8016
0x04b0a8: 0x0081c916
0x04b0ac: 0x004aa856
0x04b0b0: 0x0052831c
0x04b0b4: 0x004a9d2a
0x04b0b8: 0x00898854
0x04b0bc: 0x00cde9dd
0x04b0c0: 0x008bf93d
0x04b0c4: 0x00c8903c
0x04b0c8: 0x0088c924
0x04b0cc: 0x00e8a95b
0x04b0d0: 0x00cc41c4
0x04b0d4: 0x00c8c894
0x04b0d8: 0x009b083e
0x04b0dc: 0x004d988b
0x04b0e0: 0x00884912
0x04b0e4: 0x00ecc81d
0x04b0e8: 0x00cb8895
0x04b0ec: 0x00ca80de
0x04b0f0: 0x00e88832
0x04b0f4: 0x00d88852
0x04b0f8: 0x004019a7
0x04b0fc: 0x0069cb1c
0x04b100: 0x00cdba3a
0x04b104: 0x0080089a
0x04b108: 0x009a8abe
0x04b10c: 0x00d98d1e
0x04b110: 0x00cd0c9a
0x04b114: 0x00d2899a
0x04b118: 0x00398c9e
0x04b11c: 0x0089891b
0x04b120: 0x00c9089e
0x04b124: 0x00ac0810
0x04b128: 0x00a6a85e
0x04b12c: 0x00fc8a16
0x04b130: 0x00fce89e
0x04b134: 0x005ad098
0x04b138: 0x00d8981e
0x04b13c: 0x009b8814
0x04b140: 0x00c9ec1e
0x04b144: 0x00ffc012
0x04b148: 0x008a0b4c
0x04b14c: 0x00ea1818
0x04b150: 0x00888bb7
0x04b154: 0x00fa825e
0x04b158: 0x0088dd18
0x04b15c: 0x00f30e1a
0x04b160: 0x00c8a816
0x04b164: 0x00da000a
0x04b168: 0x00ca8a82
0x04b16c: 0x00d2881e
0x04b170: 0x00e9ac07
0x04b174: 0x00a3001c
0x04b178: 0x00292fcc
0x04b17c: 0x00a9891c
0x04b180: 0x00a9080b
0x04b184: 0x00b9c012
0x04b188: 0x000a291a
0x04b18c: 0x00a0490a
0x04b190: 0x008ac909
0x04b194: 0x00e8cb1e
0x04b198: 0x00ca815b
0x04b19c: 0x00c9e80a
0x04b1a0: 0x0029980a
0x04b1a4: 0x00f44c16
0x04b1a8: 0x00488822
0x04b1ac: 0x00a34012
0x04b1b0: 0x00ff9808
0x04b1b4: 0x009c0b6e
0x04b1b8: 0x00ab893a
0x04b1bc: 0x008a081e
0x04b1c0: 0x0099c919
0x04b1c4: 0x00a9881e
0x04b1c8: 0x00c88a14
0x04b1cc: 0x00289c14
0x04b1d0: 0x00a801b4
0x04b1d4: 0x00b1089e
0x04b1d8: 0x0009c846
0x04b1dc: 0x00290e37
0x04b1e0: 0x00692812
0x04b1e4: 0x0078c21a
0x04b1e8: 0x00e81011
0x04b1ec: 0x0088883c
0x04b1f0: 0x009a8c5b
0x04b1f4: 0x00db219a
0x04b1f8: 0x00eb81fe
0x04b1fc: 0x0089dadc
0x04b200: 0x008b8f3e
0x04b204: 0x004bc996
0x04b208: 0x00cb889e
0x04b20c: 0x0099410f
0x04b210: 0x00b38d3f
0x04b214: 0x00c91a1e
0x04b218: 0x0088a05e
0x04b21c: 0x000898a0
0x04b220: 0x009bc821
0x04b224: 0x00fa981c
0x04b228: 0x00cbd81c
0x04b22c: 0x008b0352
0x04b230: 0x00ff8818
0x04b234: 0x00c909de
0x04b238: 0x00c98d3c
0x04b23c: 0x0089ec3e
0x04b240: 0x00db0a1d
0x04b244: 0x009888de
0x04b248: 0x009b881f
0x04b24c: 0x009a8abe
0x04b250: 0x008a981e
0x04b254: 0x008edbb6
0x04b258: 0x00ab880b
0x04b25c: 0x0083001a
0x04b260: 0x00188c1b
0x04b264: 0x00a3890a
0x04b268: 0x00989198
0x04b26c: 0x00a8a89a
0x04b270: 0x00ca0e98
0x04b274: 0x00a20858
0x04b278: 0x00aa899a
0x04b27c: 0x00adda3e
0x04b280: 0x00898996
0x04b284: 0x008b080c
0x04b288: 0x0089a89f
0x04b28c: 0x00c89812
0x04b290: 0x00c92e18
0x04b294: 0x0046a856
0x04b298: 0x00fa0016
0x04b29c: 0x0003089b
0x04b2a0: 0x008a0a1e
0x04b2a4: 0x008a889e
0x04b2a8: 0x00888930
0x04b2ac: 0x00298842
0x04b2b0: 0x004b0cba
0x04b2b4: 0x008b0e16
0x04b2b8: 0x00cb0856
0x04b2bc: 0x00bfc897
0x04b2c0: 0x00e9a83c
0x04b2c4: 0x00a80c12
0x04b2c8: 0x002a8e10
0x04b2cc: 0x002a9b7c
0x04b2d0: 0x00eab80e
0x04b2d4: 0x00a9a91d
0x04b2d8: 0x00a9ec4c
0x04b2dc: 0x003b4c3a
0x04b2e0: 0x00f8883c
0x04b2e4: 0x00ebc01c
0x04b2e8: 0x00ccc815
0x04b2ec: 0x00a2191a
0x04b2f0: 0x0072880e
0x04b2f4: 0x008288bc
0x04b2f8: 0x002b281e
0x04b2fc: 0x00dd895d
0x04b300: 0x0089881d
0x04b304: 0x00ae88aa
0x04b308: 0x00adac6c
0x04b30c: 0x00ac8936
0x04b310: 0x00da801e
0x04b314: 0x00898a7e
0x04b318: 0x00a90a12
0x04b31c: 0x00e98806
0x04b320: 0x0069a80d
0x04b324: 0x00a9083a
0x04b328: 0x004c880a
0x04b32c: 0x00e88997
0x04b330: 0x00e9881e
0x04b334: 0x00a88998
0x04b338: 0x00208112
0x04b33c: 0x008daa7e
0x04b340: 0x00ab8c1c
0x04b344: 0x00b49c02
0x04b348: 0x00f90818
0x04b34c: 0x0018b81c
0x04b350: 0x009ac9f9
0x04b354: 0x00a80892
0x04b358: 0x00089c1c
0x04b35c: 0x00981b9a
0x04b360: 0x00f89e1c
0x04b364: 0x009baa0c
0x04b368: 0x00280e36
0x04b36c: 0x00b8944d
0x04b370: 0x00a80a18
0x04b374: 0x00bf0b16
0x04b378: 0x00193916
0x04b37c: 0x00e9893c
0x04b380: 0x0099c91e
0x04b384: 0x0062ca1e
0x04b388: 0x00a889d4
0x04b38c: 0x0069a850
0x04b390: 0x00a88906
0x04b394: 0x00aa4836
0x04b398: 0x00af891e
0x04b39c: 0x0009883e
0x04b3a0: 0x00a80214
0x04b3a4: 0x00eb091c
0x04b3a8: 0x00fad415
0x04b3ac: 0x00e0981c
0x04b3b0: 0x0059881a
0x04b3b4: 0x0008491e
0x04b3b8: 0x00e9881e
0x04b3bc: 0x00a98bd4
0x04b3c0: 0x00e98d0f
0x04b3c4: 0x00ae8816
0x04b3c8: 0x0099899b
0x04b3cc: 0x00c9831a
0x04b3d0: 0x00c20d1a
0x04b3d4: 0x002a999c
0x04b3d8: 0x00bbd90e
0x04b3dc: 0x0009ee5c
0x04b3e0: 0x00408b14
0x04b3e4: 0x00278a1e
0x04b3e8: 0x00ec9804
0x04b3ec: 0x00cd085e
0x04b3f0: 0x00998218
0x04b3f4: 0x002a080e
0x04b3f8: 0x009b89b4
0x04b3fc: 0x009d883c
0x04b404: 0x22a3b8f5
0x04e010: 0x0000003e
0x04e10c: 0x00020000
0x04e11c: 0x00020000
0x04f100: 0x00000100
0x04f104: 0x00000001
0x060100: 0x00040000
0x061100: 0x00040000
0x062100: 0x00040000
0x064000: 0x00000018
0x064010: 0x014300c8
0x066008: 0x07a40150
0x06600c: 0x0120040e
0x066108: 0xffbfdc6e
0x06610c: 0xdf24fdff
0x066208: 0xf7d3f73f
0x06620c: 0xbd86bf7f
0x066e18: 0x0000ffb7
0x0680a4: 0x28203da0
0x0680b4: 0x836031e0
0x06c000: 0x0003a200
0x06c004: 0x0000003f
0x06c014: 0x00000080
0x06c018: 0x00000e00
0x06c01c: 0x0000000a
0x06c020: 0x00000380
0x06c024: 0x0001d233
0x06c028: 0x00180000
0x06c02c: 0x00d22bdc
0x06c030: 0x00d22bdc
0x06c034: 0x80d2218c
0x06c038: 0x0000009c
0x070010: 0x000000ff
0x070044: 0x00000001
0x07004c: 0x010361a2
0x070180: 0x00004000
0x070404: 0x04010040
0x070408: 0x08020080
0x07040c: 0x0c0300c0
0x070410: 0x10040100
0x070414: 0x14050140
0x070418: 0x18060180
0x07041c: 0x1c0701c0
0x070420: 0x20080200
0x070424: 0x24090240
0x070428: 0x280a0280
0x07042c: 0x2c0b02c0
0x070430: 0x300c0300
0x070434: 0x340d0340
0x070438: 0x380e0380
0x07043c: 0x3c0f03c0
0x070440: 0x00000400
0x070444: 0x00000400
0x070448: 0x00000400
0x07044c: 0x00000c00
0x070450: 0x00000c00
0x070454: 0x00000c00
0x071010: 0x000000ff
0x071044: 0x00000001
0x07104c: 0x010361a3
0x071180: 0x00004000
0x071404: 0x04010040
0x071408: 0x08020080
0x07140c: 0x0c0300c0
0x071410: 0x10040100
0x071414: 0x14050140
0x071418: 0x18060180
0x07141c: 0x1c0701c0
0x071420: 0x20080200
0x071424: 0x24090240
0x071428: 0x280a0280
0x07142c: 0x2c0b02c0
0x071430: 0x300c0300
0x071434: 0x340d0340
0x071438: 0x380e0380
0x07143c: 0x3c0f03c0
0x071440: 0x00000400
0x071444: 0x00000400
0x071448: 0x00000400
0x07144c: 0x00000c00
0x071450: 0x00000c00
0x071454: 0x00000c00
0x072010: 0x000000ff
0x072044: 0x00000001
0x07204c: 0x010361a3
0x072180: 0x00004000
0x072404: 0x04010040
0x072408: 0x08020080
0x07240c: 0x0c0300c0
0x072410: 0x10040100
0x072414: 0x14050140
0x072418: 0x18060180
0x07241c: 0x1c0701c0
0x072420: 0x20080200
0x072424: 0x24090240
0x072428: 0x280a0280
0x07242c: 0x2c0b02c0
0x072430: 0x300c0300
0x072434: 0x340d0340
0x072438: 0x380e0380
0x07243c: 0x3c0f03c0
0x072440: 0x00000400
0x072444: 0x00000400
0x072448: 0x00000400
0x07244c: 0x00000c00
0x072450: 0x00000c00
0x072454: 0x00000c00
0x0c0000: 0x00001010
0x0c0004: 0x00001010
0x0c0008: 0x00001010
0x0c000c: 0x00001010
0x0c0010: 0x00001010
0x0c0014: 0x00001010
0x0c0018: 0x00001010
0x0c001c: 0x00001010
0x0c0020: 0x00001010
0x0c0024: 0x00001010
0x0c0028: 0x00001010
0x0c002c: 0x00001010
0x0c0030: 0x00001010
0x0c0034: 0x00001010
0x0c0038: 0x00001010
0x0c003c: 0x00001010
0x0c0040: 0x00001010
0x0c0044: 0x00001010
0x0c0048: 0x00001010
0x0c004c: 0x00001010
0x0c0050: 0x00001010
0x0c0054: 0x00001010
0x0c0058: 0x00001010
0x0c005c: 0x00001010
0x0c0060: 0x00001010
0x0c0064: 0x00001010
0x0c0068: 0x00001010
0x0c006c: 0x00001010
0x0c0070: 0x00001010
0x0c0074: 0x00001010
0x0c0078: 0x00001010
0x0c007c: 0x00001010
0x0c0080: 0x00001010
0x0c0084: 0x00001010
0x0c0088: 0x00001010
0x0c008c: 0x00001010
0x0c0090: 0x00001010
0x0c0094: 0x00001010
0x0c0098: 0x00001010
0x0c009c: 0x00001010
0x0c00a0: 0x00001010
0x0c00a4: 0x00001010
0x0c00a8: 0x00001010
0x0c00ac: 0x00001010
0x0c00b0: 0x00001010
0x0c00b4: 0x00001010
0x0c00b8: 0x00001010
0x0c00bc: 0x00001010
0x0c00c0: 0x00001010
0x0c00c4: 0x00001010
0x0c00c8: 0x00001010
0x0c00cc: 0x00001010
0x0c00d0: 0x00001010
0x0c00d4: 0x00001010
0x0c00d8: 0x00001010
0x0c00dc: 0x00001010
0x0c00e0: 0x00001010
0x0c00e4: 0x00001010
0x0c00e8: 0x00001010
0x0c00ec: 0x00001010
0x0c00f0: 0x00001010
0x0c00f4: 0x00001010
0x0c00f8: 0x00001010
0x0c00fc: 0x00001010
0x0c0100: 0x00001010
0x0c0104: 0x00001010
0x0c0108: 0x00001010
0x0c010c: 0x00001010
0x0c0110: 0x00001010
0x0c0114: 0x00001010
0x0c0118: 0x00001010
0x0c011c: 0x00001010
0x0c0120: 0x00001010
0x0c0124: 0x00001010
0x0c0128: 0x00001010
0x0c012c: 0x00001010
0x0c0130: 0x00001010
0x0c0134: 0x00001010
0x0c0138: 0x00001010
0x0c013c: 0x00001010
0x0c0140: 0x00001010
0x0c0144: 0x00001010
0x0c0148: 0x00001010
0x0c014c: 0x00001010
0x0c0150: 0x00001010
0x0c0154: 0x00001010
0x0c0158: 0x00001010
0x0c015c: 0x00001010
0x0c0160: 0x00001010
0x0c0164: 0x00001010
0x0c0168: 0x00001010
0x0c016c: 0x00001010
0x0c0170: 0x00001010
0x0c0174: 0x00001010
0x0c0178: 0x00001010
0x0c017c: 0x00001010
0x0c0180: 0x00001010
0x0c0184: 0x00001010
0x0c0188: 0x00001010
0x0c018c: 0x00001010
0x0c0190: 0x00001010
0x0c0194: 0x00001010
0x0c0198: 0x00001010
0x0c019c: 0x00001010
0x0c01a0: 0x00001010
0x0c01a4: 0x00001010
0x0c01a8: 0x00001010
0x0c01ac: 0x00001010
0x0c01b0: 0x00001010
0x0c01b4: 0x00001010
0x0c01b8: 0x00001010
0x0c01bc: 0x00001010
0x0c01c0: 0x00001010
0x0c01c4: 0x00001010
0x0c01c8: 0x00001010
0x0c01cc: 0x00001010
0x0c01d0: 0x00001010
0x0c01d4: 0x00001010
0x0c01d8: 0x00001010
0x0c01dc: 0x00001010
0x0c01e0: 0x00001010
0x0c01e4: 0x00001010
0x0c01e8: 0x00001010
0x0c01ec: 0x00001010
0x0c01f0: 0x00001010
0x0c01f4: 0x00001010
0x0c01f8: 0x00001010
0x0c01fc: 0x00001010
0x0c0200: 0x00001010
0x0c0204: 0x00001010
0x0c0208: 0x00001010
0x0c020c: 0x00001010
0x0c0210: 0x00001010
0x0c0214: 0x00001010
0x0c0218: 0x00001010
0x0c021c: 0x00001010
0x0c0220: 0x00001010
0x0c0224: 0x00001010
0x0c0228: 0x00001010
0x0c022c: 0x00001010
0x0c0230: 0x00001010
0x0c0234: 0x00001010
0x0c0238: 0x00001010
0x0c023c: 0x00001010
0x0c0240: 0x00001010
0x0c0244: 0x00001010
0x0c0248: 0x00001010
0x0c024c: 0x00001010
0x0c0250: 0x00001010
0x0c0254: 0x00001010
0x0c0258: 0x00001010
0x0c025c: 0x00001010
0x0c0260: 0x00001010
0x0c0264: 0x00001010
0x0c0268: 0x00001010
0x0c026c: 0x00001010
0x0c0270: 0x00001010
0x0c0274: 0x00001010
0x0c0278: 0x00001010
0x0c027c: 0x00001010
0x0c0280: 0x00001010
0x0c0284: 0x00001010
0x0c0288: 0x00001010
0x0c028c: 0x00001010
0x0c0290: 0x00001010
0x0c0294: 0x00001010
0x0c0298: 0x00001010
0x0c029c: 0x00001010
0x0c02a0: 0x00001010
0x0c02a4: 0x00001010
0x0c02a8: 0x00001010
0x0c02ac: 0x00001010
0x0c02b0: 0x00001010
0x0c02b4: 0x00001010
0x0c02b8: 0x00001010
0x0c02bc: 0x00001010
0x0c02c0: 0x00001010
0x0c02c4: 0x00001010
0x0c02c8: 0x00001010
0x0c02cc: 0x00001010
0x0c02d0: 0x00001010
0x0c02d4: 0x00001010
0x0c02d8: 0x00001010
0x0c02dc: 0x00001010
0x0c02e0: 0x00001010
0x0c02e4: 0x00001010
0x0c02e8: 0x00001010
0x0c02ec: 0x00001010
0x0c02f0: 0x00001010
0x0c02f4: 0x00001010
0x0c02f8: 0x00001010
0x0c02fc: 0x00001010
0x0c0300: 0x00001010
0x0c0304: 0x00001010
0x0c0308: 0x00001010
0x0c030c: 0x00001010
0x0c0310: 0x00001010
0x0c0314: 0x00001010
0x0c0318: 0x00001010
0x0c031c: 0x00001010
0x0c0320: 0x00001010
0x0c0324: 0x00001010
0x0c0328: 0x00001010
0x0c032c: 0x00001010
0x0c0330: 0x00001010
0x0c0334: 0x00001010
0x0c0338: 0x00001010
0x0c033c: 0x00001010
0x0c0340: 0x00001010
0x0c0344: 0x00001010
0x0c0348: 0x00001010
0x0c034c: 0x00001010
0x0c0350: 0x00001010
0x0c0354: 0x00001010
0x0c0358: 0x00001010
0x0c035c: 0x00001010
0x0c0360: 0x00001010
0x0c0364: 0x00001010
0x0c0368: 0x00001010
0x0c036c: 0x00001010
0x0c0370: 0x00001010
0x0c0374: 0x00001010
0x0c0378: 0x00001010
0x0c037c: 0x00001010
0x0c0380: 0x00001010
0x0c0384: 0x00001010
0x0c0388: 0x00001010
0x0c038c: 0x00001010
0x0c0390: 0x00001010
0x0c0394: 0x00001010
0x0c0398: 0x00001010
0x0c039c: 0x00001010
0x0c03a0: 0x00001010
0x0c03a4: 0x00001010
0x0c03a8: 0x00001010
0x0c03ac: 0x00001010
0x0c03b0: 0x00001010
0x0c03b4: 0x00001010
0x0c03b8: 0x00001010
0x0c03bc: 0x00001010
0x0c03c0: 0x00001010
0x0c03c4: 0x00001010
0x0c03c8: 0x00001010
0x0c03cc: 0x00001010
0x0c03d0: 0x00001010
0x0c03d4: 0x00001010
0x0c03d8: 0x00001010
0x0c03dc: 0x00001010
0x0c03e0: 0x00001010
0x0c03e4: 0x00001010
0x0c03e8: 0x00001010
0x0c03ec: 0x00001010
0x0c03f0: 0x00001010
0x0c03f4: 0x00001010
0x0c03f8: 0x00001010
0x0c03fc: 0x00001010
0x0c0400: 0x00001010
0x0c0404: 0x00001010
0x0c0408: 0x00001010
0x0c040c: 0x00001010
0x0c0410: 0x00001010
0x0c0414: 0x00001010
0x0c0418: 0x00001010
0x0c041c: 0x00001010
0x0c0420: 0x00001010
0x0c0424: 0x00001010
0x0c0428: 0x00001010
0x0c042c: 0x00001010
0x0c0430: 0x00001010
0x0c0434: 0x00001010
0x0c0438: 0x00001010
0x0c043c: 0x00001010
0x0c0440: 0x00001010
0x0c0444: 0x00001010
0x0c0448: 0x00001010
0x0c044c: 0x00001010
0x0c0450: 0x00001010
0x0c0454: 0x00001010
0x0c0458: 0x00001010
0x0c045c: 0x00001010
0x0c0460: 0x00001010
0x0c0464: 0x00001010
0x0c0468: 0x00001010
0x0c046c: 0x00001010
0x0c0470: 0x00001010
0x0c0474: 0x00001010
0x0c0478: 0x00001010
0x0c047c: 0x00001010
0x0c0480: 0x00001010
0x0c0484: 0x00001010
0x0c0488: 0x00001010
0x0c048c: 0x00001010
0x0c0490: 0x00001010
0x0c0494: 0x00001010
0x0c0498: 0x00001010
0x0c049c: 0x00001010
0x0c04a0: 0x00001010
0x0c04a4: 0x00001010
0x0c04a8: 0x00001010
0x0c04ac: 0x00001010
0x0c04b0: 0x00001010
0x0c04b4: 0x00001010
0x0c04b8: 0x00001010
0x0c04bc: 0x00001010
0x0c04c0: 0x00001010
0x0c04c4: 0x00001010
0x0c04c8: 0x00001010
0x0c04cc: 0x00001010
0x0c04d0: 0x00001010
0x0c04d4: 0x00001010
0x0c04d8: 0x00001010
0x0c04dc: 0x00001010
0x0c04e0: 0x00001010
0x0c04e4: 0x00001010
0x0c04e8: 0x00001010
0x0c04ec: 0x00001010
0x0c04f0: 0x00001010
0x0c04f4: 0x00001010
0x0c04f8: 0x00001010
0x0c04fc: 0x00001010
0x0c0500: 0x00001010
0x0c0504: 0x00001010
0x0c0508: 0x00001010
0x0c050c: 0x00001010
0x0c0510: 0x00001010
0x0c0514: 0x00001010
0x0c0518: 0x00001010
0x0c051c: 0x00001010
0x0c0520: 0x00001010
0x0c0524: 0x00001010
0x0c0528: 0x00001010
0x0c052c: 0x00001010
0x0c0530: 0x00001010
0x0c0534: 0x00001010
0x0c0538: 0x00001010
0x0c053c: 0x00001010
0x0c0540: 0x00001010
0x0c0544: 0x00001010
0x0c0548: 0x00001010
0x0c054c: 0x00001010
0x0c0550: 0x00001010
0x0c0554: 0x00001010
0x0c0558: 0x00001010
0x0c055c: 0x00001010
0x0c0560: 0x00001010
0x0c0564: 0x00001010
0x0c0568: 0x00001010
0x0c056c: 0x00001010
0x0c0570: 0x00001010
0x0c0574: 0x00001010
0x0c0578: 0x00001010
0x0c057c: 0x00001010
0x0c0580: 0x00001010
0x0c0584: 0x00001010
0x0c0588: 0x00001010
0x0c058c: 0x00001010
0x0c0590: 0x00001010
0x0c0594: 0x00001010
0x0c0598: 0x00001010
0x0c059c: 0x00001010
0x0c05a0: 0x00001010
0x0c05a4: 0x00001010
0x0c05a8: 0x00001010
0x0c05ac: 0x00001010
0x0c05b0: 0x00001010
0x0c05b4: 0x00001010
0x0c05b8: 0x00001010
0x0c05bc: 0x00001010
0x0c05c0: 0x00001010
0x0c05c4: 0x00001010
0x0c05c8: 0x00001010
0x0c05cc: 0x00001010
0x0c05d0: 0x00001010
0x0c05d4: 0x00001010
0x0c05d8: 0x00001010
0x0c05dc: 0x00001010
0x0c05e0: 0x00001010
0x0c05e4: 0x00001010
0x0c05e8: 0x00001010
0x0c05ec: 0x00001010
0x0c05f0: 0x00001010
0x0c05f4: 0x00001010
0x0c05f8: 0x00001010
0x0c05fc: 0x00001010
0x0c0600: 0x00001010
0x0c0604: 0x00001010
0x0c0608: 0x00001010
0x0c060c: 0x00001010
0x0c0610: 0x00001010
0x0c0614: 0x00001010
0x0c0618: 0x00001010
0x0c061c: 0x00001010
0x0c0620: 0x00001010
0x0c0624: 0x00001010
0x0c0628: 0x00001010
0x0c062c: 0x00001010
0x0c0630: 0x00001010
0x0c0634: 0x00001010
0x0c0638: 0x00001010
0x0c063c: 0x00001010
0x0c0640: 0x00001010
0x0c0644: 0x00001010
0x0c0648: 0x00001010
0x0c064c: 0x00001010
0x0c0650: 0x00001010
0x0c0654: 0x00001010
0x0c0658: 0x00001010
0x0c065c: 0x00001010
0x0c0660: 0x00001010
0x0c0664: 0x00001010
0x0c0668: 0x00001010
0x0c066c: 0x00001010
0x0c0670: 0x00001010
0x0c0674: 0x00001010
0x0c0678: 0x00001010
0x0c067c: 0x00001010
0x0c0680: 0x00001010
0x0c0684: 0x00001010
0x0c0688: 0x00001010
0x0c068c: 0x00001010
0x0c0690: 0x00001010
0x0c0694: 0x00001010
0x0c0698: 0x00001010
0x0c069c: 0x00001010
0x0c06a0: 0x00001010
0x0c06a4: 0x00001010
0x0c06a8: 0x00001010
0x0c06ac: 0x00001010
0x0c06b0: 0x00001010
0x0c06b4: 0x00001010
0x0c06b8: 0x00001010
0x0c06bc: 0x00001010
0x0c06c0: 0x00001010
0x0c06c4: 0x00001010
0x0c06c8: 0x00001010
0x0c06cc: 0x00001010
0x0c06d0: 0x00001010
0x0c06d4: 0x00001010
0x0c06d8: 0x00001010
0x0c06dc: 0x00001010
0x0c06e0: 0x00001010
0x0c06e4: 0x00001010
0x0c06e8: 0x00001010
0x0c06ec: 0x00001010
0x0c06f0: 0x00001010
0x0c06f4: 0x00001010
0x0c06f8: 0x00001010
0x0c06fc: 0x00001010
0x0c0700: 0x00001010
0x0c0704: 0x00001010
0x0c0708: 0x00001010
0x0c070c: 0x00001010
0x0c0710: 0x00001010
0x0c0714: 0x00001010
0x0c0718: 0x00001010
0x0c071c: 0x00001010
0x0c0720: 0x00001010
0x0c0724: 0x00001010
0x0c0728: 0x00001010
0x0c072c: 0x00001010
0x0c0730: 0x00001010
0x0c0734: 0x00001010
0x0c0738: 0x00001010
0x0c073c: 0x00001010
0x0c0740: 0x00001010
0x0c0744: 0x00001010
0x0c0748: 0x00001010
0x0c074c: 0x00001010
0x0c0750: 0x00001010
0x0c0754: 0x00001010
0x0c0758: 0x00001010
0x0c075c: 0x00001010
0x0c0760: 0x00001010
0x0c0764: 0x00001010
0x0c0768: 0x00001010
0x0c076c: 0x00001010
0x0c0770: 0x00001010
0x0c0774: 0x00001010
0x0c0778: 0x00001010
0x0c077c: 0x00001010
0x0c0780: 0x00001010
0x0c0784: 0x00001010
0x0c0788: 0x00001010
0x0c078c: 0x00001010
0x0c0790: 0x00001010
0x0c0794: 0x00001010
0x0c0798: 0x00001010
0x0c079c: 0x00001010
0x0c07a0: 0x00001010
0x0c07a4: 0x00001010
0x0c07a8: 0x00001010
0x0c07ac: 0x00001010
0x0c07b0: 0x00001010
0x0c07b4: 0x00001010
0x0c07b8: 0x00001010
0x0c07bc: 0x00001010
0x0c07c0: 0x00001010
0x0c07c4: 0x00001010
0x0c07c8: 0x00001010
0x0c07cc: 0x00001010
0x0c07d0: 0x00001010
0x0c07d4: 0x00001010
0x0c07d8: 0x00001010
0x0c07dc: 0x00001010
0x0c07e0: 0x00001010
0x0c07e4: 0x00001010
0x0c07e8: 0x00001010
0x0c07ec: 0x00001010
0x0c07f0: 0x00001010
0x0c07f4: 0x00001010
0x0c07f8: 0x00001010
0x0c07fc: 0x00001010
0x0c0800: 0x00001010
0x0c0804: 0x00001010
0x0c0808: 0x00001010
0x0c080c: 0x00001010
0x0c0810: 0x00001010
0x0c0814: 0x00001010
0x0c0818: 0x00001010
0x0c081c: 0x00001010
0x0c0820: 0x00001010
0x0c0824: 0x00001010
0x0c0828: 0x00001010
0x0c082c: 0x00001010
0x0c0830: 0x00001010
0x0c0834: 0x00001010
0x0c0838: 0x00001010
0x0c083c: 0x00001010
0x0c0840: 0x00001010
0x0c0844: 0x00001010
0x0c0848: 0x00001010
0x0c084c: 0x00001010
0x0c0850: 0x00001010
0x0c0854: 0x00001010
0x0c0858: 0x00001010
0x0c085c: 0x00001010
0x0c0860: 0x00001010
0x0c0864: 0x00001010
0x0c0868: 0x00001010
0x0c086c: 0x00001010
0x0c0870: 0x00001010
0x0c0874: 0x00001010
0x0c0878: 0x00001010
0x0c087c: 0x00001010
0x0c0880: 0x00001010
0x0c0884: 0x00001010
0x0c0888: 0x00001010
0x0c088c: 0x00001010
0x0c0890: 0x00001010
0x0c0894: 0x00001010
0x0c0898: 0x00001010
0x0c089c: 0x00001010
0x0c08a0: 0x00001010
0x0c08a4: 0x00001010
0x0c08a8: 0x00001010
0x0c08ac: 0x00001010
0x0c08b0: 0x00001010
0x0c08b4: 0x00001010
0x0c08b8: 0x00001010
0x0c08bc: 0x00001010
0x0c08c0: 0x00001010
0x0c08c4: 0x00001010
0x0c08c8: 0x00001010
0x0c08cc: 0x00001010
0x0c08d0: 0x00001010
0x0c08d4: 0x00001010
0x0c08d8: 0x00001010
0x0c08dc: 0x00001010
0x0c08e0: 0x00001010
0x0c08e4: 0x00001010
0x0c08e8: 0x00001010
0x0c08ec: 0x00001010
0x0c08f0: 0x00001010
0x0c08f4: 0x00001010
0x0c08f8: 0x00001010
0x0c08fc: 0x00001010
0x0c0900: 0x00001010
0x0c0904: 0x00001010
0x0c0908: 0x00001010
0x0c090c: 0x00001010
0x0c0910: 0x00001010
0x0c0914: 0x00001010
0x0c0918: 0x00001010
0x0c091c: 0x00001010
0x0c0920: 0x00001010
0x0c0924: 0x00001010
0x0c0928: 0x00001010
0x0c092c: 0x00001010
0x0c0930: 0x00001010
0x0c0934: 0x00001010
0x0c0938: 0x00001010
0x0c093c: 0x00001010
0x0c0940: 0x00001010
0x0c0944: 0x00001010
0x0c0948: 0x00001010
0x0c094c: 0x00001010
0x0c0950: 0x00001010
0x0c0954: 0x00001010
0x0c0958: 0x00001010
0x0c095c: 0x00001010
0x0c0960: 0x00001010
0x0c0964: 0x00001010
0x0c0968: 0x00001010
0x0c096c: 0x00001010
0x0c0970: 0x00001010
0x0c0974: 0x00001010
0x0c0978: 0x00001010
0x0c097c: 0x00001010
0x0c0980: 0x00001010
0x0c0984: 0x00001010
0x0c0988: 0x00001010
0x0c098c: 0x00001010
0x0c0990: 0x00001010
0x0c0994: 0x00001010
0x0c0998: 0x00001010
0x0c099c: 0x00001010
0x0c09a0: 0x00001010
0x0c09a4: 0x00001010
0x0c09a8: 0x00001010
0x0c09ac: 0x00001010
0x0c09b0: 0x00001010
0x0c09b4: 0x00001010
0x0c09b8: 0x00001010
0x0c09bc: 0x00001010
0x0c09c0: 0x00001010
0x0c09c4: 0x00001010
0x0c09c8: 0x00001010
0x0c09cc: 0x00001010
0x0c09d0: 0x00001010
0x0c09d4: 0x00001010
0x0c09d8: 0x00001010
0x0c09dc: 0x00001010
0x0c09e0: 0x00001010
0x0c09e4: 0x00001010
0x0c09e8: 0x00001010
0x0c09ec: 0x00001010
0x0c09f0: 0x00001010
0x0c09f4: 0x00001010
0x0c09f8: 0x00001010
0x0c09fc: 0x00001010
0x0c0a00: 0x00001010
0x0c0a04: 0x00001010
0x0c0a08: 0x00001010
0x0c0a0c: 0x00001010
0x0c0a10: 0x00001010
0x0c0a14: 0x00001010
0x0c0a18: 0x00001010
0x0c0a1c: 0x00001010
0x0c0a20: 0x00001010
0x0c0a24: 0x00001010
0x0c0a28: 0x00001010
0x0c0a2c: 0x00001010
0x0c0a30: 0x00001010
0x0c0a34: 0x00001010
0x0c0a38: 0x00001010
0x0c0a3c: 0x00001010
0x0c0a40: 0x00001010
0x0c0a44: 0x00001010
0x0c0a48: 0x00001010
0x0c0a4c: 0x00001010
0x0c0a50: 0x00001010
0x0c0a54: 0x00001010
0x0c0a58: 0x00001010
0x0c0a5c: 0x00001010
0x0c0a60: 0x00001010
0x0c0a64: 0x00001010
0x0c0a68: 0x00001010
0x0c0a6c: 0x00001010
0x0c0a70: 0x00001010
0x0c0a74: 0x00001010
0x0c0a78: 0x00001010
0x0c0a7c: 0x00001010
0x0c0a80: 0x00001010
0x0c0a84: 0x00001010
0x0c0a88: 0x00001010
0x0c0a8c: 0x00001010
0x0c0a90: 0x00001010
0x0c0a94: 0x00001010
0x0c0a98: 0x00001010
0x0c0a9c: 0x00001010
0x0c0aa0: 0x00001010
0x0c0aa4: 0x00001010
0x0c0aa8: 0x00001010
0x0c0aac: 0x00001010
0x0c0ab0: 0x00001010
0x0c0ab4: 0x00001010
0x0c0ab8: 0x00001010
0x0c0abc: 0x00001010
0x0c0ac0: 0x00001010
0x0c0ac4: 0x00001010
0x0c0ac8: 0x00001010
0x0c0acc: 0x00001010
0x0c0ad0: 0x00001010
0x0c0ad4: 0x00001010
0x0c0ad8: 0x00001010
0x0c0adc: 0x00001010
0x0c0ae0: 0x00001010
0x0c0ae4: 0x00001010
0x0c0ae8: 0x00001010
0x0c0aec: 0x00001010
0x0c0af0: 0x00001010
0x0c0af4: 0x00001010
0x0c0af8: 0x00001010
0x0c0afc: 0x00001010
0x0c0b00: 0x00001010
0x0c0b04: 0x00001010
0x0c0b08: 0x00001010
0x0c0b0c: 0x00001010
0x0c0b10: 0x00001010
0x0c0b14: 0x00001010
0x0c0b18: 0x00001010
0x0c0b1c: 0x00001010
0x0c0b20: 0x00001010
0x0c0b24: 0x00001010
0x0c0b28: 0x00001010
0x0c0b2c: 0x00001010
0x0c0b30: 0x00001010
0x0c0b34: 0x00001010
0x0c0b38: 0x00001010
0x0c0b3c: 0x00001010
0x0c0b40: 0x00001010
0x0c0b44: 0x00001010
0x0c0b48: 0x00001010
0x0c0b4c: 0x00001010
0x0c0b50: 0x00001010
0x0c0b54: 0x00001010
0x0c0b58: 0x00001010
0x0c0b5c: 0x00001010
0x0c0b60: 0x00001010
0x0c0b64: 0x00001010
0x0c0b68: 0x00001010
0x0c0b6c: 0x00001010
0x0c0b70: 0x00001010
0x0c0b74: 0x00001010
0x0c0b78: 0x00001010
0x0c0b7c: 0x00001010
0x0c0b80: 0x00001010
0x0c0b84: 0x00001010
0x0c0b88: 0x00001010
0x0c0b8c: 0x00001010
0x0c0b90: 0x00001010
0x0c0b94: 0x00001010
0x0c0b98: 0x00001010
0x0c0b9c: 0x00001010
0x0c0ba0: 0x00001010
0x0c0ba4: 0x00001010
0x0c0ba8: 0x00001010
0x0c0bac: 0x00001010
0x0c0bb0: 0x00001010
0x0c0bb4: 0x00001010
0x0c0bb8: 0x00001010
0x0c0bbc: 0x00001010
0x0c0bc0: 0x00001010
0x0c0bc4: 0x00001010
0x0c0bc8: 0x00001010
0x0c0bcc: 0x00001010
0x0c0bd0: 0x00001010
0x0c0bd4: 0x00001010
0x0c0bd8: 0x00001010
0x0c0bdc: 0x00001010
0x0c0be0: 0x00001010
0x0c0be4: 0x00001010
0x0c0be8: 0x00001010
0x0c0bec: 0x00001010
0x0c0bf0: 0x00001010
0x0c0bf4: 0x00001010
0x0c0bf8: 0x00001010
0x0c0bfc: 0x00001010
0x0c0c00: 0x00001010
0x0c0c04: 0x00001010
0x0c0c08: 0x00001010
0x0c0c0c: 0x00001010
0x0c0c10: 0x00001010
0x0c0c14: 0x00001010
0x0c0c18: 0x00001010
0x0c0c1c: 0x00001010
0x0c0c20: 0x00001010
0x0c0c24: 0x00001010
0x0c0c28: 0x00001010
0x0c0c2c: 0x00001010
0x0c0c30: 0x00001010
0x0c0c34: 0x00001010
0x0c0c38: 0x00001010
0x0c0c3c: 0x00001010
0x0c0c40: 0x00001010
0x0c0c44: 0x00001010
0x0c0c48: 0x00001010
0x0c0c4c: 0x00001010
0x0c0c50: 0x00001010
0x0c0c54: 0x00001010
0x0c0c58: 0x00001010
0x0c0c5c: 0x00001010
0x0c0c60: 0x00001010
0x0c0c64: 0x00001010
0x0c0c68: 0x00001010
0x0c0c6c: 0x00001010
0x0c0c70: 0x00001010
0x0c0c74: 0x00001010
0x0c0c78: 0x00001010
0x0c0c7c: 0x00001010
0x0c0c80: 0x00001010
0x0c0c84: 0x00001010
0x0c0c88: 0x00001010
0x0c0c8c: 0x00001010
0x0c0c90: 0x00001010
0x0c0c94: 0x00001010
0x0c0c98: 0x00001010
0x0c0c9c: 0x00001010
0x0c0ca0: 0x00001010
0x0c0ca4: 0x00001010
0x0c0ca8: 0x00001010
0x0c0cac: 0x00001010
0x0c0cb0: 0x00001010
0x0c0cb4: 0x00001010
0x0c0cb8: 0x00001010
0x0c0cbc: 0x00001010
0x0c0cc0: 0x00001010
0x0c0cc4: 0x00001010
0x0c0cc8: 0x00001010
0x0c0ccc: 0x00001010
0x0c0cd0: 0x00001010
0x0c0cd4: 0x00001010
0x0c0cd8: 0x00001010
0x0c0cdc: 0x00001010
0x0c0ce0: 0x00001010
0x0c0ce4: 0x00001010
0x0c0ce8: 0x00001010
0x0c0cec: 0x00001010
0x0c0cf0: 0x00001010
0x0c0cf4: 0x00001010
0x0c0cf8: 0x00001010
0x0c0cfc: 0x00001010
0x0c0d00: 0x00001010
0x0c0d04: 0x00001010
0x0c0d08: 0x00001010
0x0c0d0c: 0x00001010
0x0c0d10: 0x00001010
0x0c0d14: 0x00001010
0x0c0d18: 0x00001010
0x0c0d1c: 0x00001010
0x0c0d20: 0x00001010
0x0c0d24: 0x00001010
0x0c0d28: 0x00001010
0x0c0d2c: 0x00001010
0x0c0d30: 0x00001010
0x0c0d34: 0x00001010
0x0c0d38: 0x00001010
0x0c0d3c: 0x00001010
0x0c0d40: 0x00001010
0x0c0d44: 0x00001010
0x0c0d48: 0x00001010
0x0c0d4c: 0x00001010
0x0c0d50: 0x00001010
0x0c0d54: 0x00001010
0x0c0d58: 0x00001010
0x0c0d5c: 0x00001010
0x0c0d60: 0x00001010
0x0c0d64: 0x00001010
0x0c0d68: 0x00001010
0x0c0d6c: 0x00001010
0x0c0d70: 0x00001010
0x0c0d74: 0x00001010
0x0c0d78: 0x00001010
0x0c0d7c: 0x00001010
0x0c0d80: 0x00001010
0x0c0d84: 0x00001010
0x0c0d88: 0x00001010
0x0c0d8c: 0x00001010
0x0c0d90: 0x00001010
0x0c0d94: 0x00001010
0x0c0d98: 0x00001010
0x0c0d9c: 0x00001010
0x0c0da0: 0x00001010
0x0c0da4: 0x00001010
0x0c0da8: 0x00001010
0x0c0dac: 0x00001010
0x0c0db0: 0x00001010
0x0c0db4: 0x00001010
0x0c0db8: 0x00001010
0x0c0dbc: 0x00001010
0x0c0dc0: 0x00001010
0x0c0dc4: 0x00001010
0x0c0dc8: 0x00001010
0x0c0dcc: 0x00001010
0x0c0dd0: 0x00001010
0x0c0dd4: 0x00001010
0x0c0dd8: 0x00001010
0x0c0ddc: 0x00001010
0x0c0de0: 0x00001010
0x0c0de4: 0x00001010
0x0c0de8: 0x00001010
0x0c0dec: 0x00001010
0x0c0df0: 0x00001010
0x0c0df4: 0x00001010
0x0c0df8: 0x00001010
0x0c0dfc: 0x00001010
0x0c0e00: 0x00001010
0x0c0e04: 0x00001010
0x0c0e08: 0x00001010
0x0c0e0c: 0x00001010
0x0c0e10: 0x00001010
0x0c0e14: 0x00001010
0x0c0e18: 0x00001010
0x0c0e1c: 0x00001010
0x0c0e20: 0x00001010
0x0c0e24: 0x00001010
0x0c0e28: 0x00001010
0x0c0e2c: 0x00001010
0x0c0e30: 0x00001010
0x0c0e34: 0x00001010
0x0c0e38: 0x00001010
0x0c0e3c: 0x00001010
0x0c0e40: 0x00001010
0x0c0e44: 0x00001010
0x0c0e48: 0x00001010
0x0c0e4c: 0x00001010
0x0c0e50: 0x00001010
0x0c0e54: 0x00001010
0x0c0e58: 0x00001010
0x0c0e5c: 0x00001010
0x0c0e60: 0x00001010
0x0c0e64: 0x00001010
0x0c0e68: 0x00001010
0x0c0e6c: 0x00001010
0x0c0e70: 0x00001010
0x0c0e74: 0x00001010
0x0c0e78: 0x00001010
0x0c0e7c: 0x00001010
0x0c0e80: 0x00001010
0x0c0e84: 0x00001010
0x0c0e88: 0x00001010
0x0c0e8c: 0x00001010
0x0c0e90: 0x00001010
0x0c0e94: 0x00001010
0x0c0e98: 0x00001010
0x0c0e9c: 0x00001010
0x0c0ea0: 0x00001010
0x0c0ea4: 0x00001010
0x0c0ea8: 0x00001010
0x0c0eac: 0x00001010
0x0c0eb0: 0x00001010
0x0c0eb4: 0x00001010
0x0c0eb8: 0x00001010
0x0c0ebc: 0x00001010
0x0c0ec0: 0x00001010
0x0c0ec4: 0x00001010
0x0c0ec8: 0x00001010
0x0c0ecc: 0x00001010
0x0c0ed0: 0x00001010
0x0c0ed4: 0x00001010
0x0c0ed8: 0x00001010
0x0c0edc: 0x00001010
0x0c0ee0: 0x00001010
0x0c0ee4: 0x00001010
0x0c0ee8: 0x00001010
0x0c0eec: 0x00001010
0x0c0ef0: 0x00001010
0x0c0ef4: 0x00001010
0x0c0ef8: 0x00001010
0x0c0efc: 0x00001010
0x0c0f00: 0x00001010
0x0c0f04: 0x00001010
0x0c0f08: 0x00001010
0x0c0f0c: 0x00001010
0x0c0f10: 0x00001010
0x0c0f14: 0x00001010
0x0c0f18: 0x00001010
0x0c0f1c: 0x00001010
0x0c0f20: 0x00001010
0x0c0f24: 0x00001010
0x0c0f28: 0x00001010
0x0c0f2c: 0x00001010
0x0c0f30: 0x00001010
0x0c0f34: 0x00001010
0x0c0f38: 0x00001010
0x0c0f3c: 0x00001010
0x0c0f40: 0x00001010
0x0c0f44: 0x00001010
0x0c0f48: 0x00001010
0x0c0f4c: 0x00001010
0x0c0f50: 0x00001010
0x0c0f54: 0x00001010
0x0c0f58: 0x00001010
0x0c0f5c: 0x00001010
0x0c0f60: 0x00001010
0x0c0f64: 0x00001010
0x0c0f68: 0x00001010
0x0c0f6c: 0x00001010
0x0c0f70: 0x00001010
0x0c0f74: 0x00001010
0x0c0f78: 0x00001010
0x0c0f7c: 0x00001010
0x0c0f80: 0x00001010
0x0c0f84: 0x00001010
0x0c0f88: 0x00001010
0x0c0f8c: 0x00001010
0x0c0f90: 0x00001010
0x0c0f94: 0x00001010
0x0c0f98: 0x00001010
0x0c0f9c: 0x00001010
0x0c0fa0: 0x00001010
0x0c0fa4: 0x00001010
0x0c0fa8: 0x00001010
0x0c0fac: 0x00001010
0x0c0fb0: 0x00001010
0x0c0fb4: 0x00001010
0x0c0fb8: 0x00001010
0x0c0fbc: 0x00001010
0x0c0fc0: 0x00001010
0x0c0fc4: 0x00001010
0x0c0fc8: 0x00001010
0x0c0fcc: 0x00001010
0x0c0fd0: 0x00001010
0x0c0fd4: 0x00001010
0x0c0fd8: 0x00001010
0x0c0fdc: 0x00001010
0x0c0fe0: 0x00001010
0x0c0fe4: 0x00001010
0x0c0fe8: 0x00001010
0x0c0fec: 0x00001010
0x0c0ff0: 0x00001010
0x0c0ff4: 0x00001010
0x0c0ff8: 0x00001010
0x0c0ffc: 0x00001010
0x0c1000: 0x00001010
0x0c1004: 0x00001010
0x0c1008: 0x00001010
0x0c100c: 0x00001010
0x0c1010: 0x00001010
0x0c1014: 0x00001010
0x0c1018: 0x00001010
0x0c101c: 0x00001010
0x0c1020: 0x00001010
0x0c1024: 0x00001010
0x0c1028: 0x00001010
0x0c102c: 0x00001010
0x0c1030: 0x00001010
0x0c1034: 0x00001010
0x0c1038: 0x00001010
0x0c103c: 0x00001010
0x0c1040: 0x00001010
0x0c1044: 0x00001010
0x0c1048: 0x00001010
0x0c104c: 0x00001010
0x0c1050: 0x00001010
0x0c1054: 0x00001010
0x0c1058: 0x00001010
0x0c105c: 0x00001010
0x0c1060: 0x00001010
0x0c1064: 0x00001010
0x0c1068: 0x00001010
0x0c106c: 0x00001010
0x0c1070: 0x00001010
0x0c1074: 0x00001010
0x0c1078: 0x00001010
0x0c107c: 0x00001010
0x0c1080: 0x00001010
0x0c1084: 0x00001010
0x0c1088: 0x00001010
0x0c108c: 0x00001010
0x0c1090: 0x00001010
0x0c1094: 0x00001010
0x0c1098: 0x00001010
0x0c109c: 0x00001010
0x0c10a0: 0x00001010
0x0c10a4: 0x00001010
0x0c10a8: 0x00001010
0x0c10ac: 0x00001010
0x0c10b0: 0x00001010
0x0c10b4: 0x00001010
0x0c10b8: 0x00001010
0x0c10bc: 0x00001010
0x0c10c0: 0x00001010
0x0c10c4: 0x00001010
0x0c10c8: 0x00001010
0x0c10cc: 0x00001010
0x0c10d0: 0x00001010
0x0c10d4: 0x00001010
0x0c10d8: 0x00001010
0x0c10dc: 0x00001010
0x0c10e0: 0x00001010
0x0c10e4: 0x00001010
0x0c10e8: 0x00001010
0x0c10ec: 0x00001010
0x0c10f0: 0x00001010
0x0c10f4: 0x00001010
0x0c10f8: 0x00001010
0x0c10fc: 0x00001010
0x0c1100: 0x00001010
0x0c1104: 0x00001010
0x0c1108: 0x00001010
0x0c110c: 0x00001010
0x0c1110: 0x00001010
0x0c1114: 0x00001010
0x0c1118: 0x00001010
0x0c111c: 0x00001010
0x0c1120: 0x00001010
0x0c1124: 0x00001010
0x0c1128: 0x00001010
0x0c112c: 0x00001010
0x0c1130: 0x00001010
0x0c1134: 0x00001010
0x0c1138: 0x00001010
0x0c113c: 0x00001010
0x0c1140: 0x00001010
0x0c1144: 0x00001010
0x0c1148: 0x00001010
0x0c114c: 0x00001010
0x0c1150: 0x00001010
0x0c1154: 0x00001010
0x0c1158: 0x00001010
0x0c115c: 0x00001010
0x0c1160: 0x00001010
0x0c1164: 0x00001010
0x0c1168: 0x00001010
0x0c116c: 0x00001010
0x0c1170: 0x00001010
0x0c1174: 0x00001010
0x0c1178: 0x00001010
0x0c117c: 0x00001010
0x0c1180: 0x00001010
0x0c1184: 0x00001010
0x0c1188: 0x00001010
0x0c118c: 0x00001010
0x0c1190: 0x00001010
0x0c1194: 0x00001010
0x0c1198: 0x00001010
0x0c119c: 0x00001010
0x0c11a0: 0x00001010
0x0c11a4: 0x00001010
0x0c11a8: 0x00001010
0x0c11ac: 0x00001010
0x0c11b0: 0x00001010
0x0c11b4: 0x00001010
0x0c11b8: 0x00001010
0x0c11bc: 0x00001010
0x0c11c0: 0x00001010
0x0c11c4: 0x00001010
0x0c11c8: 0x00001010
0x0c11cc: 0x00001010
0x0c11d0: 0x00001010
0x0c11d4: 0x00001010
0x0c11d8: 0x00001010
0x0c11dc: 0x00001010
0x0c11e0: 0x00001010
0x0c11e4: 0x00001010
0x0c11e8: 0x00001010
0x0c11ec: 0x00001010
0x0c11f0: 0x00001010
0x0c11f4: 0x00001010
0x0c11f8: 0x00001010
0x0c11fc: 0x00001010
0x0c1200: 0x00001010
0x0c1204: 0x00001010
0x0c1208: 0x00001010
0x0c120c: 0x00001010
0x0c1210: 0x00001010
0x0c1214: 0x00001010
0x0c1218: 0x00001010
0x0c121c: 0x00001010
0x0c1220: 0x00001010
0x0c1224: 0x00001010
0x0c1228: 0x00001010
0x0c122c: 0x00001010
0x0c1230: 0x00001010
0x0c1234: 0x00001010
0x0c1238: 0x00001010
0x0c123c: 0x00001010
0x0c1240: 0x00001010
0x0c1244: 0x00001010
0x0c1248: 0x00001010
0x0c124c: 0x00001010
0x0c1250: 0x00001010
0x0c1254: 0x00001010
0x0c1258: 0x00001010
0x0c125c: 0x00001010
0x0c1260: 0x00001010
0x0c1264: 0x00001010
0x0c1268: 0x00001010
0x0c126c: 0x00001010
0x0c1270: 0x00001010
0x0c1274: 0x00001010
0x0c1278: 0x00001010
0x0c127c: 0x00001010
0x0c1280: 0x00001010
0x0c1284: 0x00001010
0x0c1288: 0x00001010
0x0c128c: 0x00001010
0x0c1290: 0x00001010
0x0c1294: 0x00001010
0x0c1298: 0x00001010
0x0c129c: 0x00001010
0x0c12a0: 0x00001010
0x0c12a4: 0x00001010
0x0c12a8: 0x00001010
0x0c12ac: 0x00001010
0x0c12b0: 0x00001010
0x0c12b4: 0x00001010
0x0c12b8: 0x00001010
0x0c12bc: 0x00001010
0x0c12c0: 0x00001010
0x0c12c4: 0x00001010
0x0c12c8: 0x00001010
0x0c12cc: 0x00001010
0x0c12d0: 0x00001010
0x0c12d4: 0x00001010
0x0c12d8: 0x00001010
0x0c12dc: 0x00001010
0x0c12e0: 0x00001010
0x0c12e4: 0x00001010
0x0c12e8: 0x00001010
0x0c12ec: 0x00001010
0x0c12f0: 0x00001010
0x0c12f4: 0x00001010
0x0c12f8: 0x00001010
0x0c12fc: 0x00001010
0x0c1300: 0x00001010
0x0c1304: 0x00001010
0x0c1308: 0x00001010
0x0c130c: 0x00001010
0x0c1310: 0x00001010
0x0c1314: 0x00001010
0x0c1318: 0x00001010
0x0c131c: 0x00001010
0x0c1320: 0x00001010
0x0c1324: 0x00001010
0x0c1328: 0x00001010
0x0c132c: 0x00001010
0x0c1330: 0x00001010
0x0c1334: 0x00001010
0x0c1338: 0x00001010
0x0c133c: 0x00001010
0x0c1340: 0x00001010
0x0c1344: 0x00001010
0x0c1348: 0x00001010
0x0c134c: 0x00001010
0x0c1350: 0x00001010
0x0c1354: 0x00001010
0x0c1358: 0x00001010
0x0c135c: 0x00001010
0x0c1360: 0x00001010
0x0c1364: 0x00001010
0x0c1368: 0x00001010
0x0c136c: 0x00001010
0x0c1370: 0x00001010
0x0c1374: 0x00001010
0x0c1378: 0x00001010
0x0c137c: 0x00001010
0x0c1380: 0x00001010
0x0c1384: 0x00001010
0x0c1388: 0x00001010
0x0c138c: 0x00001010
0x0c1390: 0x00001010
0x0c1394: 0x00001010
0x0c1398: 0x00001010
0x0c139c: 0x00001010
0x0c13a0: 0x00001010
0x0c13a4: 0x00001010
0x0c13a8: 0x00001010
0x0c13ac: 0x00001010
0x0c13b0: 0x00001010
0x0c13b4: 0x00001010
0x0c13b8: 0x00001010
0x0c13bc: 0x00001010
0x0c13c0: 0x00001010
0x0c13c4: 0x00001010
0x0c13c8: 0x00001010
0x0c13cc: 0x00001010
0x0c13d0: 0x00001010
0x0c13d4: 0x00001010
0x0c13d8: 0x00001010
0x0c13dc: 0x00001010
0x0c13e0: 0x00001010
0x0c13e4: 0x00001010
0x0c13e8: 0x00001010
0x0c13ec: 0x00001010
0x0c13f0: 0x00001010
0x0c13f4: 0x00001010
0x0c13f8: 0x00001010
0x0c13fc: 0x00001010
0x0c1400: 0x00001010
0x0c1404: 0x00001010
0x0c1408: 0x00001010
0x0c140c: 0x00001010
0x0c1410: 0x00001010
0x0c1414: 0x00001010
0x0c1418: 0x00001010
0x0c141c: 0x00001010
0x0c1420: 0x00001010
0x0c1424: 0x00001010
0x0c1428: 0x00001010
0x0c142c: 0x00001010
0x0c1430: 0x00001010
0x0c1434: 0x00001010
0x0c1438: 0x00001010
0x0c143c: 0x00001010
0x0c1440: 0x00001010
0x0c1444: 0x00001010
0x0c1448: 0x00001010
0x0c144c: 0x00001010
0x0c1450: 0x00001010
0x0c1454: 0x00001010
0x0c1458: 0x00001010
0x0c145c: 0x00001010
0x0c1460: 0x00001010
0x0c1464: 0x00001010
0x0c1468: 0x00001010
0x0c146c: 0x00001010
0x0c1470: 0x00001010
0x0c1474: 0x00001010
0x0c1478: 0x00001010
0x0c147c: 0x00001010
0x0c1480: 0x00001010
0x0c1484: 0x00001010
0x0c1488: 0x00001010
0x0c148c: 0x00001010
0x0c1490: 0x00001010
0x0c1494: 0x00001010
0x0c1498: 0x00001010
0x0c149c: 0x00001010
0x0c14a0: 0x00001010
0x0c14a4: 0x00001010
0x0c14a8: 0x00001010
0x0c14ac: 0x00001010
0x0c14b0: 0x00001010
0x0c14b4: 0x00001010
0x0c14b8: 0x00001010
0x0c14bc: 0x00001010
0x0c14c0: 0x00001010
0x0c14c4: 0x00001010
0x0c14c8: 0x00001010
0x0c14cc: 0x00001010
0x0c14d0: 0x00001010
0x0c14d4: 0x00001010
0x0c14d8: 0x00001010
0x0c14dc: 0x00001010
0x0c14e0: 0x00001010
0x0c14e4: 0x00001010
0x0c14e8: 0x00001010
0x0c14ec: 0x00001010
0x0c14f0: 0x00001010
0x0c14f4: 0x00001010
0x0c14f8: 0x00001010
0x0c14fc: 0x00001010
0x0c1500: 0x00001010
0x0c1504: 0x00001010
0x0c1508: 0x00001010
0x0c150c: 0x00001010
0x0c1510: 0x00001010
0x0c1514: 0x00001010
0x0c1518: 0x00001010
0x0c151c: 0x00001010
0x0c1520: 0x00001010
0x0c1524: 0x00001010
0x0c1528: 0x00001010
0x0c152c: 0x00001010
0x0c1530: 0x00001010
0x0c1534: 0x00001010
0x0c1538: 0x00001010
0x0c153c: 0x00001010
0x0c1540: 0x00001010
0x0c1544: 0x00001010
0x0c1548: 0x00001010
0x0c154c: 0x00001010
0x0c1550: 0x00001010
0x0c1554: 0x00001010
0x0c1558: 0x00001010
0x0c155c: 0x00001010
0x0c1560: 0x00001010
0x0c1564: 0x00001010
0x0c1568: 0x00001010
0x0c156c: 0x00001010
0x0c1570: 0x00001010
0x0c1574: 0x00001010
0x0c1578: 0x00001010
0x0c157c: 0x00001010
0x0c1580: 0x00001010
0x0c1584: 0x00001010
0x0c1588: 0x00001010
0x0c158c: 0x00001010
0x0c1590: 0x00001010
0x0c1594: 0x00001010
0x0c1598: 0x00001010
0x0c159c: 0x00001010
0x0c15a0: 0x00001010
0x0c15a4: 0x00001010
0x0c15a8: 0x00001010
0x0c15ac: 0x00001010
0x0c15b0: 0x00001010
0x0c15b4: 0x00001010
0x0c15b8: 0x00001010
0x0c15bc: 0x00001010
0x0c15c0: 0x00001010
0x0c15c4: 0x00001010
0x0c15c8: 0x00001010
0x0c15cc: 0x00001010
0x0c15d0: 0x00001010
0x0c15d4: 0x00001010
0x0c15d8: 0x00001010
0x0c15dc: 0x00001010
0x0c15e0: 0x00001010
0x0c15e4: 0x00001010
0x0c15e8: 0x00001010
0x0c15ec: 0x00001010
0x0c15f0: 0x00001010
0x0c15f4: 0x00001010
0x0c15f8: 0x00001010
0x0c15fc: 0x00001010
0x0c1600: 0x00001010
0x0c1604: 0x00001010
0x0c1608: 0x00001010
0x0c160c: 0x00001010
0x0c1610: 0x00001010
0x0c1614: 0x00001010
0x0c1618: 0x00001010
0x0c161c: 0x00001010
0x0c1620: 0x00001010
0x0c1624: 0x00001010
0x0c1628: 0x00001010
0x0c162c: 0x00001010
0x0c1630: 0x00001010
0x0c1634: 0x00001010
0x0c1638: 0x00001010
0x0c163c: 0x00001010
0x0c1640: 0x00001010
0x0c1644: 0x00001010
0x0c1648: 0x00001010
0x0c164c: 0x00001010
0x0c1650: 0x00001010
0x0c1654: 0x00001010
0x0c1658: 0x00001010
0x0c165c: 0x00001010
0x0c1660: 0x00001010
0x0c1664: 0x00001010
0x0c1668: 0x00001010
0x0c166c: 0x00001010
0x0c1670: 0x00001010
0x0c1674: 0x00001010
0x0c1678: 0x00001010
0x0c167c: 0x00001010
0x0c1680: 0x00001010
0x0c1684: 0x00001010
0x0c1688: 0x00001010
0x0c168c: 0x00001010
0x0c1690: 0x00001010
0x0c1694: 0x00001010
0x0c1698: 0x00001010
0x0c169c: 0x00001010
0x0c16a0: 0x00001010
0x0c16a4: 0x00001010
0x0c16a8: 0x00001010
0x0c16ac: 0x00001010
0x0c16b0: 0x00001010
0x0c16b4: 0x00001010
0x0c16b8: 0x00001010
0x0c16bc: 0x00001010
0x0c16c0: 0x00001010
0x0c16c4: 0x00001010
0x0c16c8: 0x00001010
0x0c16cc: 0x00001010
0x0c16d0: 0x00001010
0x0c16d4: 0x00001010
0x0c16d8: 0x00001010
0x0c16dc: 0x00001010
0x0c16e0: 0x00001010
0x0c16e4: 0x00001010
0x0c16e8: 0x00001010
0x0c16ec: 0x00001010
0x0c16f0: 0x00001010
0x0c16f4: 0x00001010
0x0c16f8: 0x00001010
0x0c16fc: 0x00001010
0x0c1700: 0x00001010
0x0c1704: 0x00001010
0x0c1708: 0x00001010
0x0c170c: 0x00001010
0x0c1710: 0x00001010
0x0c1714: 0x00001010
0x0c1718: 0x00001010
0x0c171c: 0x00001010
0x0c1720: 0x00001010
0x0c1724: 0x00001010
0x0c1728: 0x00001010
0x0c172c: 0x00001010
0x0c1730: 0x00001010
0x0c1734: 0x00001010
0x0c1738: 0x00001010
0x0c173c: 0x00001010
0x0c1740: 0x00001010
0x0c1744: 0x00001010
0x0c1748: 0x00001010
0x0c174c: 0x00001010
0x0c1750: 0x00001010
0x0c1754: 0x00001010
0x0c1758: 0x00001010
0x0c175c: 0x00001010
0x0c1760: 0x00001010
0x0c1764: 0x00001010
0x0c1768: 0x00001010
0x0c176c: 0x00001010
0x0c1770: 0x00001010
0x0c1774: 0x00001010
0x0c1778: 0x00001010
0x0c177c: 0x00001010
0x0c1780: 0x00001010
0x0c1784: 0x00001010
0x0c1788: 0x00001010
0x0c178c: 0x00001010
0x0c1790: 0x00001010
0x0c1794: 0x00001010
0x0c1798: 0x00001010
0x0c179c: 0x00001010
0x0c17a0: 0x00001010
0x0c17a4: 0x00001010
0x0c17a8: 0x00001010
0x0c17ac: 0x00001010
0x0c17b0: 0x00001010
0x0c17b4: 0x00001010
0x0c17b8: 0x00001010
0x0c17bc: 0x00001010
0x0c17c0: 0x00001010
0x0c17c4: 0x00001010
0x0c17c8: 0x00001010
0x0c17cc: 0x00001010
0x0c17d0: 0x00001010
0x0c17d4: 0x00001010
0x0c17d8: 0x00001010
0x0c17dc: 0x00001010
0x0c17e0: 0x00001010
0x0c17e4: 0x00001010
0x0c17e8: 0x00001010
0x0c17ec: 0x00001010
0x0c17f0: 0x00001010
0x0c17f4: 0x00001010
0x0c17f8: 0x00001010
0x0c17fc: 0x00001010
0x0c1800: 0x00001010
0x0c1804: 0x00001010
0x0c1808: 0x00001010
0x0c180c: 0x00001010
0x0c1810: 0x00001010
0x0c1814: 0x00001010
0x0c1818: 0x00001010
0x0c181c: 0x00001010
0x0c1820: 0x00001010
0x0c1824: 0x00001010
0x0c1828: 0x00001010
0x0c182c: 0x00001010
0x0c1830: 0x00001010
0x0c1834: 0x00001010
0x0c1838: 0x00001010
0x0c183c: 0x00001010
0x0c1840: 0x00001010
0x0c1844: 0x00001010
0x0c1848: 0x00001010
0x0c184c: 0x00001010
0x0c1850: 0x00001010
0x0c1854: 0x00001010
0x0c1858: 0x00001010
0x0c185c: 0x00001010
0x0c1860: 0x00001010
0x0c1864: 0x00001010
0x0c1868: 0x00001010
0x0c186c: 0x00001010
0x0c1870: 0x00001010
0x0c1874: 0x00001010
0x0c1878: 0x00001010
0x0c187c: 0x00001010
0x0c1880: 0x00001010
0x0c1884: 0x00001010
0x0c1888: 0x00001010
0x0c188c: 0x00001010
0x0c1890: 0x00001010
0x0c1894: 0x00001010
0x0c1898: 0x00001010
0x0c189c: 0x00001010
0x0c18a0: 0x00001010
0x0c18a4: 0x00001010
0x0c18a8: 0x00001010
0x0c18ac: 0x00001010
0x0c18b0: 0x00001010
0x0c18b4: 0x00001010
0x0c18b8: 0x00001010
0x0c18bc: 0x00001010
0x0c18c0: 0x00001010
0x0c18c4: 0x00001010
0x0c18c8: 0x00001010
0x0c18cc: 0x00001010
0x0c18d0: 0x00001010
0x0c18d4: 0x00001010
0x0c18d8: 0x00001010
0x0c18dc: 0x00001010
0x0c18e0: 0x00001010
0x0c18e4: 0x00001010
0x0c18e8: 0x00001010
0x0c18ec: 0x00001010
0x0c18f0: 0x00001010
0x0c18f4: 0x00001010
0x0c18f8: 0x00001010
0x0c18fc: 0x00001010
0x0c1900: 0x00001010
0x0c1904: 0x00001010
0x0c1908: 0x00001010
0x0c190c: 0x00001010
0x0c1910: 0x00001010
0x0c1914: 0x00001010
0x0c1918: 0x00001010
0x0c191c: 0x00001010
0x0c1920: 0x00001010
0x0c1924: 0x00001010
0x0c1928: 0x00001010
0x0c192c: 0x00001010
0x0c1930: 0x00001010
0x0c1934: 0x00001010
0x0c1938: 0x00001010
0x0c193c: 0x00001010
0x0c1940: 0x00001010
0x0c1944: 0x00001010
0x0c1948: 0x00001010
0x0c194c: 0x00001010
0x0c1950: 0x00001010
0x0c1954: 0x00001010
0x0c1958: 0x00001010
0x0c195c: 0x00001010
0x0c1960: 0x00001010
0x0c1964: 0x00001010
0x0c1968: 0x00001010
0x0c196c: 0x00001010
0x0c1970: 0x00001010
0x0c1974: 0x00001010
0x0c1978: 0x00001010
0x0c197c: 0x00001010
0x0c1980: 0x00001010
0x0c1984: 0x00001010
0x0c1988: 0x00001010
0x0c198c: 0x00001010
0x0c1990: 0x00001010
0x0c1994: 0x00001010
0x0c1998: 0x00001010
0x0c199c: 0x00001010
0x0c19a0: 0x00001010
0x0c19a4: 0x00001010
0x0c19a8: 0x00001010
0x0c19ac: 0x00001010
0x0c19b0: 0x00001010
0x0c19b4: 0x00001010
0x0c19b8: 0x00001010
0x0c19bc: 0x00001010
0x0c19c0: 0x00001010
0x0c19c4: 0x00001010
0x0c19c8: 0x00001010
0x0c19cc: 0x00001010
0x0c19d0: 0x00001010
0x0c19d4: 0x00001010
0x0c19d8: 0x00001010
0x0c19dc: 0x00001010
0x0c19e0: 0x00001010
0x0c19e4: 0x00001010
0x0c19e8: 0x00001010
0x0c19ec: 0x00001010
0x0c19f0: 0x00001010
0x0c19f4: 0x00001010
0x0c19f8: 0x00001010
0x0c19fc: 0x00001010
0x0c1a00: 0x00001010
0x0c1a04: 0x00001010
0x0c1a08: 0x00001010
0x0c1a0c: 0x00001010
0x0c1a10: 0x00001010
0x0c1a14: 0x00001010
0x0c1a18: 0x00001010
0x0c1a1c: 0x00001010
0x0c1a20: 0x00001010
0x0c1a24: 0x00001010
0x0c1a28: 0x00001010
0x0c1a2c: 0x00001010
0x0c1a30: 0x00001010
0x0c1a34: 0x00001010
0x0c1a38: 0x00001010
0x0c1a3c: 0x00001010
0x0c1a40: 0x00001010
0x0c1a44: 0x00001010
0x0c1a48: 0x00001010
0x0c1a4c: 0x00001010
0x0c1a50: 0x00001010
0x0c1a54: 0x00001010
0x0c1a58: 0x00001010
0x0c1a5c: 0x00001010
0x0c1a60: 0x00001010
0x0c1a64: 0x00001010
0x0c1a68: 0x00001010
0x0c1a6c: 0x00001010
0x0c1a70: 0x00001010
0x0c1a74: 0x00001010
0x0c1a78: 0x00001010
0x0c1a7c: 0x00001010
0x0c1a80: 0x00001010
0x0c1a84: 0x00001010
0x0c1a88: 0x00001010
0x0c1a8c: 0x00001010
0x0c1a90: 0x00001010
0x0c1a94: 0x00001010
0x0c1a98: 0x00001010
0x0c1a9c: 0x00001010
0x0c1aa0: 0x00001010
0x0c1aa4: 0x00001010
0x0c1aa8: 0x00001010
0x0c1aac: 0x00001010
0x0c1ab0: 0x00001010
0x0c1ab4: 0x00001010
0x0c1ab8: 0x00001010
0x0c1abc: 0x00001010
0x0c1ac0: 0x00001010
0x0c1ac4: 0x00001010
0x0c1ac8: 0x00001010
0x0c1acc: 0x00001010
0x0c1ad0: 0x00001010
0x0c1ad4: 0x00001010
0x0c1ad8: 0x00001010
0x0c1adc: 0x00001010
0x0c1ae0: 0x00001010
0x0c1ae4: 0x00001010
0x0c1ae8: 0x00001010
0x0c1aec: 0x00001010
0x0c1af0: 0x00001010
0x0c1af4: 0x00001010
0x0c1af8: 0x00001010
0x0c1afc: 0x00001010
0x0c1b00: 0x00001010
0x0c1b04: 0x00001010
0x0c1b08: 0x00001010
0x0c1b0c: 0x00001010
0x0c1b10: 0x00001010
0x0c1b14: 0x00001010
0x0c1b18: 0x00001010
0x0c1b1c: 0x00001010
0x0c1b20: 0x00001010
0x0c1b24: 0x00001010
0x0c1b28: 0x00001010
0x0c1b2c: 0x00001010
0x0c1b30: 0x00001010
0x0c1b34: 0x00001010
0x0c1b38: 0x00001010
0x0c1b3c: 0x00001010
0x0c1b40: 0x00001010
0x0c1b44: 0x00001010
0x0c1b48: 0x00001010
0x0c1b4c: 0x00001010
0x0c1b50: 0x00001010
0x0c1b54: 0x00001010
0x0c1b58: 0x00001010
0x0c1b5c: 0x00001010
0x0c1b60: 0x00001010
0x0c1b64: 0x00001010
0x0c1b68: 0x00001010
0x0c1b6c: 0x00001010
0x0c1b70: 0x00001010
0x0c1b74: 0x00001010
0x0c1b78: 0x00001010
0x0c1b7c: 0x00001010
0x0c1b80: 0x00001010
0x0c1b84: 0x00001010
0x0c1b88: 0x00001010
0x0c1b8c: 0x00001010
0x0c1b90: 0x00001010
0x0c1b94: 0x00001010
0x0c1b98: 0x00001010
0x0c1b9c: 0x00001010
0x0c1ba0: 0x00001010
0x0c1ba4: 0x00001010
0x0c1ba8: 0x00001010
0x0c1bac: 0x00001010
0x0c1bb0: 0x00001010
0x0c1bb4: 0x00001010
0x0c1bb8: 0x00001010
0x0c1bbc: 0x00001010
0x0c1bc0: 0x00001010
0x0c1bc4: 0x00001010
0x0c1bc8: 0x00001010
0x0c1bcc: 0x00001010
0x0c1bd0: 0x00001010
0x0c1bd4: 0x00001010
0x0c1bd8: 0x00001010
0x0c1bdc: 0x00001010
0x0c1be0: 0x00001010
0x0c1be4: 0x00001010
0x0c1be8: 0x00001010
0x0c1bec: 0x00001010
0x0c1bf0: 0x00001010
0x0c1bf4: 0x00001010
0x0c1bf8: 0x00001010
0x0c1bfc: 0x00001010
0x0c1c00: 0x00001010
0x0c1c04: 0x00001010
0x0c1c08: 0x00001010
0x0c1c0c: 0x00001010
0x0c1c10: 0x00001010
0x0c1c14: 0x00001010
0x0c1c18: 0x00001010
0x0c1c1c: 0x00001010
0x0c1c20: 0x00001010
0x0c1c24: 0x00001010
0x0c1c28: 0x00001010
0x0c1c2c: 0x00001010
0x0c1c30: 0x00001010
0x0c1c34: 0x00001010
0x0c1c38: 0x00001010
0x0c1c3c: 0x00001010
0x0c1c40: 0x00001010
0x0c1c44: 0x00001010
0x0c1c48: 0x00001010
0x0c1c4c: 0x00001010
0x0c1c50: 0x00001010
0x0c1c54: 0x00001010
0x0c1c58: 0x00001010
0x0c1c5c: 0x00001010
0x0c1c60: 0x00001010
0x0c1c64: 0x00001010
0x0c1c68: 0x00001010
0x0c1c6c: 0x00001010
0x0c1c70: 0x00001010
0x0c1c74: 0x00001010
0x0c1c78: 0x00001010
0x0c1c7c: 0x00001010
0x0c1c80: 0x00001010
0x0c1c84: 0x00001010
0x0c1c88: 0x00001010
0x0c1c8c: 0x00001010
0x0c1c90: 0x00001010
0x0c1c94: 0x00001010
0x0c1c98: 0x00001010
0x0c1c9c: 0x00001010
0x0c1ca0: 0x00001010
0x0c1ca4: 0x00001010
0x0c1ca8: 0x00001010
0x0c1cac: 0x00001010
0x0c1cb0: 0x00001010
0x0c1cb4: 0x00001010
0x0c1cb8: 0x00001010
0x0c1cbc: 0x00001010
0x0c1cc0: 0x00001010
0x0c1cc4: 0x00001010
0x0c1cc8: 0x00001010
0x0c1ccc: 0x00001010
0x0c1cd0: 0x00001010
0x0c1cd4: 0x00001010
0x0c1cd8: 0x00001010
0x0c1cdc: 0x00001010
0x0c1ce0: 0x00001010
0x0c1ce4: 0x00001010
0x0c1ce8: 0x00001010
0x0c1cec: 0x00001010
0x0c1cf0: 0x00001010
0x0c1cf4: 0x00001010
0x0c1cf8: 0x00001010
0x0c1cfc: 0x00001010
0x0c1d00: 0x00001010
0x0c1d04: 0x00001010
0x0c1d08: 0x00001010
0x0c1d0c: 0x00001010
0x0c1d10: 0x00001010
0x0c1d14: 0x00001010
0x0c1d18: 0x00001010
0x0c1d1c: 0x00001010
0x0c1d20: 0x00001010
0x0c1d24: 0x00001010
0x0c1d28: 0x00001010
0x0c1d2c: 0x00001010
0x0c1d30: 0x00001010
0x0c1d34: 0x00001010
0x0c1d38: 0x00001010
0x0c1d3c: 0x00001010
0x0c1d40: 0x00001010
0x0c1d44: 0x00001010
0x0c1d48: 0x00001010
0x0c1d4c: 0x00001010
0x0c1d50: 0x00001010
0x0c1d54: 0x00001010
0x0c1d58: 0x00001010
0x0c1d5c: 0x00001010
0x0c1d60: 0x00001010
0x0c1d64: 0x00001010
0x0c1d68: 0x00001010
0x0c1d6c: 0x00001010
0x0c1d70: 0x00001010
0x0c1d74: 0x00001010
0x0c1d78: 0x00001010
0x0c1d7c: 0x00001010
0x0c1d80: 0x00001010
0x0c1d84: 0x00001010
0x0c1d88: 0x00001010
0x0c1d8c: 0x00001010
0x0c1d90: 0x00001010
0x0c1d94: 0x00001010
0x0c1d98: 0x00001010
0x0c1d9c: 0x00001010
0x0c1da0: 0x00001010
0x0c1da4: 0x00001010
0x0c1da8: 0x00001010
0x0c1dac: 0x00001010
0x0c1db0: 0x00001010
0x0c1db4: 0x00001010
0x0c1db8: 0x00001010
0x0c1dbc: 0x00001010
0x0c1dc0: 0x00001010
0x0c1dc4: 0x00001010
0x0c1dc8: 0x00001010
0x0c1dcc: 0x00001010
0x0c1dd0: 0x00001010
0x0c1dd4: 0x00001010
0x0c1dd8: 0x00001010
0x0c1ddc: 0x00001010
0x0c1de0: 0x00001010
0x0c1de4: 0x00001010
0x0c1de8: 0x00001010
0x0c1dec: 0x00001010
0x0c1df0: 0x00001010
0x0c1df4: 0x00001010
0x0c1df8: 0x00001010
0x0c1dfc: 0x00001010
0x0c1e00: 0x00001010
0x0c1e04: 0x00001010
0x0c1e08: 0x00001010
0x0c1e0c: 0x00001010
0x0c1e10: 0x00001010
0x0c1e14: 0x00001010
0x0c1e18: 0x00001010
0x0c1e1c: 0x00001010
0x0c1e20: 0x00001010
0x0c1e24: 0x00001010
0x0c1e28: 0x00001010
0x0c1e2c: 0x00001010
0x0c1e30: 0x00001010
0x0c1e34: 0x00001010
0x0c1e38: 0x00001010
0x0c1e3c: 0x00001010
0x0c1e40: 0x00001010
0x0c1e44: 0x00001010
0x0c1e48: 0x00001010
0x0c1e4c: 0x00001010
0x0c1e50: 0x00001010
0x0c1e54: 0x00001010
0x0c1e58: 0x00001010
0x0c1e5c: 0x00001010
0x0c1e60: 0x00001010
0x0c1e64: 0x00001010
0x0c1e68: 0x00001010
0x0c1e6c: 0x00001010
0x0c1e70: 0x00001010
0x0c1e74: 0x00001010
0x0c1e78: 0x00001010
0x0c1e7c: 0x00001010
0x0c1e80: 0x00001010
0x0c1e84: 0x00001010
0x0c1e88: 0x00001010
0x0c1e8c: 0x00001010
0x0c1e90: 0x00001010
0x0c1e94: 0x00001010
0x0c1e98: 0x00001010
0x0c1e9c: 0x00001010
0x0c1ea0: 0x00001010
0x0c1ea4: 0x00001010
0x0c1ea8: 0x00001010
0x0c1eac: 0x00001010
0x0c1eb0: 0x00001010
0x0c1eb4: 0x00001010
0x0c1eb8: 0x00001010
0x0c1ebc: 0x00001010
0x0c1ec0: 0x00001010
0x0c1ec4: 0x00001010
0x0c1ec8: 0x00001010
0x0c1ecc: 0x00001010
0x0c1ed0: 0x00001010
0x0c1ed4: 0x00001010
0x0c1ed8: 0x00001010
0x0c1edc: 0x00001010
0x0c1ee0: 0x00001010
0x0c1ee4: 0x00001010
0x0c1ee8: 0x00001010
0x0c1eec: 0x00001010
0x0c1ef0: 0x00001010
0x0c1ef4: 0x00001010
0x0c1ef8: 0x00001010
0x0c1efc: 0x00001010
0x0c1f00: 0x00001010
0x0c1f04: 0x00001010
0x0c1f08: 0x00001010
0x0c1f0c: 0x00001010
0x0c1f10: 0x00001010
0x0c1f14: 0x00001010
0x0c1f18: 0x00001010
0x0c1f1c: 0x00001010
0x0c1f20: 0x00001010
0x0c1f24: 0x00001010
0x0c1f28: 0x00001010
0x0c1f2c: 0x00001010
0x0c1f30: 0x00001010
0x0c1f34: 0x00001010
0x0c1f38: 0x00001010
0x0c1f3c: 0x00001010
0x0c1f40: 0x00001010
0x0c1f44: 0x00001010
0x0c1f48: 0x00001010
0x0c1f4c: 0x00001010
0x0c1f50: 0x00001010
0x0c1f54: 0x00001010
0x0c1f58: 0x00001010
0x0c1f5c: 0x00001010
0x0c1f60: 0x00001010
0x0c1f64: 0x00001010
0x0c1f68: 0x00001010
0x0c1f6c: 0x00001010
0x0c1f70: 0x00001010
0x0c1f74: 0x00001010
0x0c1f78: 0x00001010
0x0c1f7c: 0x00001010
0x0c1f80: 0x00001010
0x0c1f84: 0x00001010
0x0c1f88: 0x00001010
0x0c1f8c: 0x00001010
0x0c1f90: 0x00001010
0x0c1f94: 0x00001010
0x0c1f98: 0x00001010
0x0c1f9c: 0x00001010
0x0c1fa0: 0x00001010
0x0c1fa4: 0x00001010
0x0c1fa8: 0x00001010
0x0c1fac: 0x00001010
0x0c1fb0: 0x00001010
0x0c1fb4: 0x00001010
0x0c1fb8: 0x00001010
0x0c1fbc: 0x00001010
0x0c1fc0: 0x00001010
0x0c1fc4: 0x00001010
0x0c1fc8: 0x00001010
0x0c1fcc: 0x00001010
0x0c1fd0: 0x00001010
0x0c1fd4: 0x00001010
0x0c1fd8: 0x00001010
0x0c1fdc: 0x00001010
0x0c1fe0: 0x00001010
0x0c1fe4: 0x00001010
0x0c1fe8: 0x00001010
0x0c1fec: 0x00001010
0x0c1ff0: 0x00001010
0x0c1ff4: 0x00001010
0x0c1ff8: 0x00001010
0x0c1ffc: 0x00001010
0x0c2004: 0x00000005
0x0c2008: 0x00000005
0x0c200c: 0x00000005
0x0c2010: 0x00000005
0x0c2014: 0x00002800
0x0c2018: 0x00002800
0x0c201c: 0x00002800
0x0c2020: 0x60004000
0x0c2024: 0x60004000
0x0c2028: 0x60004000
0x0c202c: 0x60004000
0x0c4004: 0xf1f5ffff
0x0c400c: 0xffffffff
0x0c4010: 0xffffffff
0x0c4014: 0xffffffff
0x0c4018: 0xffffffff
0x0c401c: 0xffffffff
0x0c4020: 0xffffffff
0x0c4024: 0xffffffff
0x0c4028: 0xffffffff
0x0c402c: 0xffffffff
0x0c5010: 0x00001010
0x0c5014: 0x00001818
0x0c5018: 0x00001818
0x0c501c: 0x00001818
0x0c5020: 0x00001818
0x0c5024: 0x00001818
0x0c5028: 0x00001818
0x0c502c: 0x00001818
0x0c5030: 0x00001818
0x0c5034: 0x00001818
0x0c5038: 0x00001818
0x0c503c: 0x00001818
0x0c5040: 0x00001818
0x0c5044: 0x00001818
0x0c5048: 0x00001818
0x0c504c: 0x00001818
0x0c5050: 0x00001818
0x0c5054: 0x00001818
0x0c5058: 0x00001818
0x0c505c: 0x00001818
0x0c5060: 0x00001818
0x0c5064: 0x00001818
0x0c5068: 0x00001818
0x0c506c: 0x00001818
0x0c5070: 0x00001818
0x0c5074: 0x00001818
0x0c5078: 0x00001818
0x0c507c: 0x00001818
0x0c5080: 0x00001818
0x0c5084: 0x00001818
0x0c5088: 0x00001818
0x0c508c: 0x00001818
0x0c5090: 0x00001818
0x0c5094: 0x00001818
0x0c5098: 0x00001818
0x0c509c: 0x00001818
0x0c50a0: 0x00001818
0x0c50a4: 0x00001818
0x0c50a8: 0x00001818
0x0c50ac: 0x00001818
0x0c50b0: 0x00001818
0x0c50b4: 0x00001818
0x0c50b8: 0x00001818
0x0c50bc: 0x00001818
0x0c50c0: 0x00001818
0x0c50c4: 0x00001818
0x0c50c8: 0x00001818
0x0c50cc: 0x00001818
0x0c50d0: 0x00001818
0x0c50d4: 0x00001818
0x0c50d8: 0x00001818
0x0c50dc: 0x00001818
0x0c50e0: 0x00001818
0x0c50e4: 0x00001818
0x0c50e8: 0x00001818
0x0c50ec: 0x00001818
0x0c50f0: 0x00001818
0x0c50f4: 0x00001818
0x0c50f8: 0x00001818
0x0c50fc: 0x00001818
0x0c5104: 0x060100a1
0x0c5108: 0x00008000
0x0c6014: 0x04800080
0x0c6018: 0x04800080
0x0c601c: 0x04800080
0x0c6020: 0x04800080
0x0c6024: 0x04800080
0x0c6028: 0x04800080
0x0c602c: 0x04800080
0x0c6030: 0x04800080
0x0c6034: 0x04800080
0x0c6038: 0x04800080
0x0c603c: 0x04800080
0x0c6040: 0x00030d07
0x0c6044: 0x00030d07
0x0c6048: 0x00030d07
0x0c604c: 0x00030d07
0x0c6050: 0x00030d07
0x0c6054: 0x00030d07
0x0c6058: 0x00030d07
0x0c605c: 0x00030d07
0x0c6060: 0x00030d07
0x0c6064: 0x00030d07
0x0c6068: 0x00030d07
0x0c6200: 0x00000400
0x0c6204: 0x0000007d
0x0c6208: 0x0271186a
0x0c620c: 0x0271186a
0x0c6210: 0x01204860
0x0c6214: 0x000029c5
0x0c6218: 0x000029c5
0x0c621c: 0x000029c5
0x0c6220: 0x000029c5
0x0c6224: 0x000029c5
0x0c6228: 0x000029c5
0x0c622c: 0x000029c5
0x0c6230: 0x000029c5
0x0c6234: 0x000029c5
0x0c6238: 0x000029c5
0x0c623c: 0x000029c5
0x0c6240: 0x000029c5
0x0c6244: 0x000029c5
0x0c6248: 0x000029c5
0x0c624c: 0x000029c5
0x0c6250: 0x000029c5
0x0c6254: 0x000029c5
0x0c6258: 0x000029c5
0x0c625c: 0x000029c5
0x0c6260: 0x000029c5
0x0c6264: 0x000029c5
0x0c6268: 0x000029c5
0x0c626c: 0x000029c5
0x0c6270: 0x000029c5
0x0c6274: 0x000029c5
0x0c6278: 0x000029c5
0x0c627c: 0x000029c5
0x0c6280: 0x000029c5
0x0c6284: 0x000029c5
0x0c6288: 0x000029c5
0x0c628c: 0x000029c5
0x0c6290: 0x000029c5
0x0c6294: 0x000029c5
0x0c6298: 0x000029c5
0x0c629c: 0x000029c5
0x0c62a0: 0x000029c5
0x0c62a4: 0x000029c5
0x0c62a8: 0x000029c5
0x0c62ac: 0x000029c5
0x0c62b0: 0x000029c5
0x0c62b4: 0x000029c5
0x0c62b8: 0x000029c5
0x0c62bc: 0x000029c5
0x0c62c0: 0x000029c5
0x0c62c4: 0x000029c5
0x0c62c8: 0x000029c5
0x0c62cc: 0x000029c5
0x0c62d0: 0x000029c5
0x0c62d4: 0x000029c5
0x0c62d8: 0x000029c5
0x0c62dc: 0x000029c5
0x0c62e0: 0x000029c5
0x0c62e4: 0x000029c5
0x0c62e8: 0x000029c5
0x0c62ec: 0x000029c5
0x0c62f0: 0x000029c5
0x0c62f4: 0x000029c5
0x0c62f8: 0x000029c5
0x0c62fc: 0x000029c5
0x0c6300: 0x00008000
0x0c7204: 0xabcd0000
0x0c7210: 0x00186904
0x0c7214: 0x00186904
0x0c7218: 0x00186904
0x0c721c: 0x00186904
0x0c7220: 0x00186904
0x0c7224: 0x00186904
0x0c7228: 0x00186904
0x0c722c: 0x00186904
0x0c7230: 0x00186904
0x0c7234: 0x00186904
0x0c7238: 0x00186904
0x0c723c: 0x00186904
0x0c7240: 0x00186904
0x0c7244: 0x00186904
0x0c7248: 0x00186904
0x0c724c: 0x00186904
0x0c7250: 0x00186904
0x0c7254: 0x00186904
0x0c7258: 0x00186904
0x0c725c: 0x00186904
0x0c7260: 0x00186904
0x0c7264: 0x00186904
0x0c7268: 0x00186904
0x0c726c: 0x00186904
0x0c7270: 0x00186904
0x0c7274: 0x00186904
0x0c7278: 0x00186904
0x0c727c: 0x00186904
0x0c7280: 0x00186904
0x0c7284: 0x00186904
0x0c7288: 0x00186904
0x0c728c: 0x00186904
0x0c7290: 0x00186904
0x0c7294: 0x00186904
0x0c7298: 0x00186904
0x0c729c: 0x00186904
0x0c72a0: 0x00186904
0x0c72a4: 0x00186904
0x0c72a8: 0x00186904
0x0c72ac: 0x00186904
0x0c72b0: 0x00186904
0x0c72b4: 0x00186904
0x0c72b8: 0x00186904
0x0c72bc: 0x00186904
0x0c72c0: 0x00186904
0x0c72c4: 0x00186904
0x0c72c8: 0x00186904
0x0c72cc: 0x00186904
0x0c72d0: 0x00186904
0x0c72d4: 0x00186904
0x0c72d8: 0x00186904
0x0c72dc: 0x00186904
0x0c72e0: 0x00186904
0x0c72e4: 0x00186904
0x0c72e8: 0x00186904
0x0c72ec: 0x00186904
0x0c72f0: 0x00186904
0x0c72f4: 0x00186904
0x0c72f8: 0x00186904
0x0c72fc: 0x00186904
0x0c7300: 0x00186904
0x0c7304: 0x00186904
0x0c7308: 0x00186904
0x0c730c: 0x00186904
0x0c7310: 0x00186904
0x0c7314: 0x00186904
0x0c7318: 0x00186904
0x0c731c: 0x00186904
0x0c7320: 0x00186904
0x0c7324: 0x00186904
0x0c7328: 0x00186904
0x0c732c: 0x00186904
0x0c7330: 0x00186904
0x0c7334: 0x00186904
0x0c7338: 0x00186904
0x0c733c: 0x00186904
0x0c7340: 0x00186904
0x0c7344: 0x00186904
0x0c7348: 0x00186904
0x0c734c: 0x00186904
0x0c7350: 0x00186904
0x0c7354: 0x00186904
0x0c7358: 0x00186904
0x0c735c: 0x00186904
0x0c7360: 0x00186904
0x0c7364: 0x00186904
0x0c7368: 0x00186904
0x0c736c: 0x00186904
0x0c7370: 0x00186904
0x0c7374: 0x00186904
0x0c7378: 0x00186904
0x0c737c: 0x00186904
0x0c7380: 0x00186904
0x0c7384: 0x00186904
0x0c7388: 0x00186904
0x0c738c: 0x00186904
0x0c7390: 0x00186904
0x0c7394: 0x00186904
0x0c7398: 0x00186904
0x0c739c: 0x00186904
0x0c73a0: 0x00186904
0x0c73a4: 0x00186904
0x0c73a8: 0x00186904
0x0c73ac: 0x00186904
0x0c73b0: 0x00186904
0x0c73b4: 0x00186904
0x0c73b8: 0x00186904
0x0c73bc: 0x00186904
0x0c73c0: 0x00186904
0x0c73c4: 0x00186904
0x0c73c8: 0x00186904
0x0c73cc: 0x00186904
0x0c73d0: 0x00186904
0x0c73d4: 0x00186904
0x0c73d8: 0x00186904
0x0c73dc: 0x00186904
0x0c73e0: 0x00186904
0x0c73e4: 0x00186904
0x0c73e8: 0x00186904
0x0c73ec: 0x00186904
0x0c73f0: 0x00186904
0x0c73f4: 0x00186904
0x0c73f8: 0x00186904
0x0c73fc: 0x00186904
0x0c7400: 0x00186904
0x0c7404: 0x00186904
0x0c7408: 0x00186904
0x0c740c: 0x00186904
0x0c7410: 0x00186904
0x0c7414: 0x00186904
0x0c7418: 0x00186904
0x0c741c: 0x00186904
0x0c7420: 0x00186904
0x0c7424: 0x00186904
0x0c7428: 0x00186904
0x0c742c: 0x00186904
0x0c7430: 0x00186904
0x0c7434: 0x00186904
0x0c7438: 0x00186904
0x0c743c: 0x00186904
0x0c7440: 0x00186904
0x0c7444: 0x00186904
0x0c7448: 0x00186904
0x0c744c: 0x00186904
0x0c7450: 0x00186904
0x0c7454: 0x00186904
0x0c7458: 0x00186904
0x0c745c: 0x00186904
0x0c7460: 0x00186904
0x0c7464: 0x00186904
0x0c7468: 0x00186904
0x0c746c: 0x00186904
0x0c7470: 0x00186904
0x0c7474: 0x00186904
0x0c7478: 0x00186904
0x0c747c: 0x00186904
0x0c7480: 0x00186904
0x0c7484: 0x00186904
0x0c7488: 0x00186904
0x0c748c: 0x00186904
0x0c7490: 0x00186904
0x0c7494: 0x00186904
0x0c7498: 0x00186904
0x0c749c: 0x00186904
0x0c74a0: 0x00186904
0x0c74a4: 0x00186904
0x0c74a8: 0x00186904
0x0c74ac: 0x00186904
0x0c74b0: 0x00186904
0x0c74b4: 0x00186904
0x0c74b8: 0x00186904
0x0c74bc: 0x00186904
0x0c74c0: 0x00186904
0x0c74c4: 0x00186904
0x0c74c8: 0x00186904
0x0c74cc: 0x00186904
0x0c74d0: 0x00186904
0x0c74d4: 0x00186904
0x0c74d8: 0x00186904
0x0c74dc: 0x00186904
0x0c74e0: 0x00186904
0x0c74e4: 0x00186904
0x0c74e8: 0x00186904
0x0c74ec: 0x00186904
0x0c74f0: 0x00186904
0x0c74f4: 0x00186904
0x0c74f8: 0x00186904
0x0c74fc: 0x00186904
0x0c7500: 0x00186904
0x0c7504: 0x00186904
0x0c7508: 0x00186904
0x0c750c: 0x00186904
0x0c7510: 0x00186904
0x0c7514: 0x00186904
0x0c7518: 0x00186904
0x0c751c: 0x00186904
0x0c7520: 0x00186904
0x0c7524: 0x00186904
0x0c7528: 0x00186904
0x0c752c: 0x00186904
0x0c7530: 0x00186904
0x0c7534: 0x00186904
0x0c7538: 0x00186904
0x0c753c: 0x00186904
0x0c7540: 0x00186904
0x0c7544: 0x00186904
0x0c7548: 0x00186904
0x0c754c: 0x00186904
0x0c7550: 0x00186904
0x0c7554: 0x00186904
0x0c7558: 0x00186904
0x0c755c: 0x00186904
0x0c7560: 0x00186904
0x0c7564: 0x00186904
0x0c7568: 0x00186904
0x0c756c: 0x00186904
0x0c7570: 0x00186904
0x0c7574: 0x00186904
0x0c7578: 0x00186904
0x0c757c: 0x00186904
0x0c7580: 0x00186904
0x0c7584: 0x00186904
0x0c7588: 0x00186904
0x0c758c: 0x00186904
0x0c7590: 0x00186904
0x0c7594: 0x00186904
0x0c7598: 0x00186904
0x0c759c: 0x00186904
0x0c75a0: 0x00186904
0x0c75a4: 0x00186904
0x0c75a8: 0x00186904
0x0c75ac: 0x00186904
0x0c75b0: 0x00186904
0x0c75b4: 0x00186904
0x0c75b8: 0x00186904
0x0c75bc: 0x00186904
0x0c75c0: 0x00186904
0x0c75c4: 0x00186904
0x0c75c8: 0x00186904
0x0c75cc: 0x00186904
0x0c75d0: 0x00186904
0x0c75d4: 0x00186904
0x0c75d8: 0x00186904
0x0c75dc: 0x00186904
0x0c75e0: 0x00186904
0x0c75e4: 0x00186904
0x0c75e8: 0x00186904
0x0c75ec: 0x00186904
0x0c75f0: 0x00186904
0x0c75f4: 0x00186904
0x0c75f8: 0x00186904
0x0c75fc: 0x00186904
0x0c7600: 0x00186904
0x0c7604: 0x00186904
0x0c7608: 0x00186904
0x0c760c: 0x00186904
0x0c7610: 0x00186904
0x0c7614: 0x00186904
0x0c7618: 0x00186904
0x0c761c: 0x00186904
0x0c7620: 0x00186904
0x0c7624: 0x00186904
0x0c7628: 0x00186904
0x0c762c: 0x00186904
0x0c7630: 0x00186904
0x0c7634: 0x00186904
0x0c7638: 0x00186904
0x0c763c: 0x00186904
0x0c7640: 0x00186904
0x0c7644: 0x00186904
0x0c7648: 0x00186904
0x0c764c: 0x00186904
0x0c7650: 0x00186904
0x0c7654: 0x00186904
0x0c7658: 0x00186904
0x0c765c: 0x00186904
0x0c7660: 0x00186904
0x0c7664: 0x00186904
0x0c7668: 0x00186904
0x0c766c: 0x00186904
0x0c7670: 0x00186904
0x0c7674: 0x00186904
0x0c7678: 0x00186904
0x0c767c: 0x00186904
0x0c7680: 0x00186904
0x0c7684: 0x00186904
0x0c7688: 0x00186904
0x0c768c: 0x00186904
0x0c7690: 0x00186904
0x0c7694: 0x00186904
0x0c7698: 0x00186904
0x0c769c: 0x00186904
0x0c76a0: 0x00186904
0x0c76a4: 0x00186904
0x0c76a8: 0x00186904
0x0c76ac: 0x00186904
0x0c76b0: 0x00186904
0x0c76b4: 0x00186904
0x0c76b8: 0x00186904
0x0c76bc: 0x00186904
0x0c76c0: 0x00186904
0x0c76c4: 0x00186904
0x0c76c8: 0x00186904
0x0c76cc: 0x00186904
0x0c76d0: 0x00186904
0x0c76d4: 0x00186904
0x0c76d8: 0x00186904
0x0c76dc: 0x00186904
0x0c76e0: 0x00186904
0x0c76e4: 0x00186904
0x0c76e8: 0x00186904
0x0c76ec: 0x00186904
0x0c76f0: 0x00186904
0x0c76f4: 0x00186904
0x0c76f8: 0x00186904
0x0c76fc: 0x00186904
0x0c7700: 0x00186904
0x0c7704: 0x00186904
0x0c7708: 0x00186904
0x0c770c: 0x00186904
0x0c7710: 0x00186904
0x0c7714: 0x00186904
0x0c7718: 0x00186904
0x0c771c: 0x00186904
0x0c7720: 0x00186904
0x0c7724: 0x00186904
0x0c7728: 0x00186904
0x0c772c: 0x00186904
0x0c7730: 0x00186904
0x0c7734: 0x00186904
0x0c7738: 0x00186904
0x0c773c: 0x00186904
0x0c7740: 0x00186904
0x0c7744: 0x00186904
0x0c7748: 0x00186904
0x0c774c: 0x00186904
0x0c7750: 0x00186904
0x0c7754: 0x00186904
0x0c7758: 0x00186904
0x0c775c: 0x00186904
0x0c7760: 0x00186904
0x0c7764: 0x00186904
0x0c7768: 0x00186904
0x0c776c: 0x00186904
0x0c7770: 0x00186904
0x0c7774: 0x00186904
0x0c7778: 0x00186904
0x0c777c: 0x00186904
0x0c7780: 0x00186904
0x0c7784: 0x00186904
0x0c7788: 0x00186904
0x0c778c: 0x00186904
0x0c7790: 0x00186904
0x0c7794: 0x00186904
0x0c7798: 0x00186904
0x0c779c: 0x00186904
0x0c77a0: 0x00186904
0x0c77a4: 0x00186904
0x0c77a8: 0x00186904
0x0c77ac: 0x00186904
0x0c77b0: 0x00186904
0x0c77b4: 0x00186904
0x0c77b8: 0x00186904
0x0c77bc: 0x00186904
0x0c77c0: 0x00186904
0x0c77c4: 0x00186904
0x0c77c8: 0x00186904
0x0c77cc: 0x00186904
0x0c77d0: 0x00186904
0x0c77d4: 0x00186904
0x0c77d8: 0x00186904
0x0c77dc: 0x00186904
0x0c77e0: 0x00186904
0x0c77e4: 0x00186904
0x0c77e8: 0x00186904
0x0c77ec: 0x00186904
0x0c77f0: 0x00186904
0x0c77f4: 0x00186904
0x0c77f8: 0x00186904
0x0c77fc: 0x00186904
0x0c7800: 0x00186904
0x0c7804: 0x00186904
0x0c7808: 0x00186904
0x0c780c: 0x00186904
0x0c7810: 0x00186904
0x0c7814: 0x00186904
0x0c7818: 0x00186904
0x0c781c: 0x00186904
0x0c7820: 0x00186904
0x0c7824: 0x00186904
0x0c7828: 0x00186904
0x0c782c: 0x00186904
0x0c7830: 0x00186904
0x0c7834: 0x00186904
0x0c7838: 0x00186904
0x0c783c: 0x00186904
0x0c7840: 0x00186904
0x0c7844: 0x00186904
0x0c7848: 0x00186904
0x0c784c: 0x00186904
0x0c7850: 0x00186904
0x0c7854: 0x00186904
0x0c7858: 0x00186904
0x0c785c: 0x00186904
0x0c7860: 0x00186904
0x0c7864: 0x00186904
0x0c7868: 0x00186904
0x0c786c: 0x00186904
0x0c7870: 0x00186904
0x0c7874: 0x00186904
0x0c7878: 0x00186904
0x0c787c: 0x00186904
0x0c7880: 0x00186904
0x0c7884: 0x00186904
0x0c7888: 0x00186904
0x0c788c: 0x00186904
0x0c7890: 0x00186904
0x0c7894: 0x00186904
0x0c7898: 0x00186904
0x0c789c: 0x00186904
0x0c78a0: 0x00186904
0x0c78a4: 0x00186904
0x0c78a8: 0x00186904
0x0c78ac: 0x00186904
0x0c78b0: 0x00186904
0x0c78b4: 0x00186904
0x0c78b8: 0x00186904
0x0c78bc: 0x00186904
0x0c78c0: 0x00186904
0x0c78c4: 0x00186904
0x0c78c8: 0x00186904
0x0c78cc: 0x00186904
0x0c78d0: 0x00186904
0x0c78d4: 0x00186904
0x0c78d8: 0x00186904
0x0c78dc: 0x00186904
0x0c78e0: 0x00186904
0x0c78e4: 0x00186904
0x0c78e8: 0x00186904
0x0c78ec: 0x00186904
0x0c78f0: 0x00186904
0x0c78f4: 0x00186904
0x0c78f8: 0x00186904
0x0c78fc: 0x00186904
0x0c7900: 0x00186904
0x0c7904: 0x00186904
0x0c7908: 0x00186904
0x0c790c: 0x00186904
0x0c7910: 0x00186904
0x0c7914: 0x00186904
0x0c7918: 0x00186904
0x0c791c: 0x00186904
0x0c7920: 0x00186904
0x0c7924: 0x00186904
0x0c7928: 0x00186904
0x0c792c: 0x00186904
0x0c7930: 0x00186904
0x0c7934: 0x00186904
0x0c7938: 0x00186904
0x0c793c: 0x00186904
0x0c7940: 0x00186904
0x0c7944: 0x00186904
0x0c7948: 0x00186904
0x0c794c: 0x00186904
0x0c7950: 0x00186904
0x0c7954: 0x00186904
0x0c7958: 0x00186904
0x0c795c: 0x00186904
0x0c7960: 0x00186904
0x0c7964: 0x00186904
0x0c7968: 0x00186904
0x0c796c: 0x00186904
0x0c7970: 0x00186904
0x0c7974: 0x00186904
0x0c7978: 0x00186904
0x0c797c: 0x00186904
0x0c7980: 0x00186904
0x0c7984: 0x00186904
0x0c7988: 0x00186904
0x0c798c: 0x00186904
0x0c7990: 0x00186904
0x0c7994: 0x00186904
0x0c7998: 0x00186904
0x0c799c: 0x00186904
0x0c79a0: 0x00186904
0x0c79a4: 0x00186904
0x0c79a8: 0x00186904
0x0c79ac: 0x00186904
0x0c79b0: 0x00186904
0x0c79b4: 0x00186904
0x0c79b8: 0x00186904
0x0c79bc: 0x00186904
0x0c79c0: 0x00186904
0x0c79c4: 0x00186904
0x0c79c8: 0x00186904
0x0c79cc: 0x00186904
0x0c79d0: 0x00186904
0x0c79d4: 0x00186904
0x0c79d8: 0x00186904
0x0c79dc: 0x00186904
0x0c79e0: 0x00186904
0x0c79e4: 0x00186904
0x0c79e8: 0x00186904
0x0c79ec: 0x00186904
0x0c79f0: 0x00186904
0x0c79f4: 0x00186904
0x0c79f8: 0x00186904
0x0c79fc: 0x00186904
0x0c7a00: 0x00186904
0x0c7a04: 0x00186904
0x0c7a08: 0x00186904
0x0c7a0c: 0x00186904
0x0c7a10: 0x00186904
0x0c7a14: 0x00186904
0x0c7a18: 0x00186904
0x0c7a1c: 0x00186904
0x0c7a20: 0x00186904
0x0c7a24: 0x00186904
0x0c7a28: 0x00186904
0x0c7a2c: 0x00186904
0x0c7a30: 0x00186904
0x0c7a34: 0x00186904
0x0c7a38: 0x00186904
0x0c7a3c: 0x00186904
0x0c7a40: 0x00186904
0x0c7a44: 0x00186904
0x0c7a48: 0x00186904
0x0c7a4c: 0x00186904
0x0c7a50: 0x00186904
0x0c7a54: 0x00186904
0x0c7a58: 0x00186904
0x0c7a5c: 0x00186904
0x0c7a60: 0x00186904
0x0c7a64: 0x00186904
0x0c7a68: 0x00186904
0x0c7a6c: 0x00186904
0x0c7a70: 0x00186904
0x0c7a74: 0x00186904
0x0c7a78: 0x00186904
0x0c7a7c: 0x00186904
0x0c7a80: 0x00186904
0x0c7a84: 0x00186904
0x0c7a88: 0x00186904
0x0c7a8c: 0x00186904
0x0c7a90: 0x00186904
0x0c7a94: 0x00186904
0x0c7a98: 0x00186904
0x0c7a9c: 0x00186904
0x0c7aa0: 0x00186904
0x0c7aa4: 0x00186904
0x0c7aa8: 0x00186904
0x0c7aac: 0x00186904
0x0c7ab0: 0x00186904
0x0c7ab4: 0x00186904
0x0c7ab8: 0x00186904
0x0c7abc: 0x00186904
0x0c7ac0: 0x00186904
0x0c7ac4: 0x00186904
0x0c7ac8: 0x00186904
0x0c7acc: 0x00186904
0x0c7ad0: 0x00186904
0x0c7ad4: 0x00186904
0x0c7ad8: 0x00186904
0x0c7adc: 0x00186904
0x0c7ae0: 0x00186904
0x0c7ae4: 0x00186904
0x0c7ae8: 0x00186904
0x0c7aec: 0x00186904
0x0c7af0: 0x00186904
0x0c7af4: 0x00186904
0x0c7af8: 0x00186904
0x0c7afc: 0x00186904
0x0c7b00: 0x00186904
0x0c7b04: 0x00186904
0x0c7b08: 0x00186904
0x0c7b0c: 0x00186904
0x0c7b10: 0x00186904
0x0c7b14: 0x00186904
0x0c7b18: 0x00186904
0x0c7b1c: 0x00186904
0x0c7b20: 0x00186904
0x0c7b24: 0x00186904
0x0c7b28: 0x00186904
0x0c7b2c: 0x00186904
0x0c7b30: 0x00186904
0x0c7b34: 0x00186904
0x0c7b38: 0x00186904
0x0c7b3c: 0x00186904
0x0c7b40: 0x00186904
0x0c7b44: 0x00186904
0x0c7b48: 0x00186904
0x0c7b4c: 0x00186904
0x0c7b50: 0x00186904
0x0c7b54: 0x00186904
0x0c7b58: 0x00186904
0x0c7b5c: 0x00186904
0x0c7b60: 0x00186904
0x0c7b64: 0x00186904
0x0c7b68: 0x00186904
0x0c7b6c: 0x00186904
0x0c7b70: 0x00186904
0x0c7b74: 0x00186904
0x0c7b78: 0x00186904
0x0c7b7c: 0x00186904
0x0c7b80: 0x00186904
0x0c7b84: 0x00186904
0x0c7b88: 0x00186904
0x0c7b8c: 0x00186904
0x0c7b90: 0x00186904
0x0c7b94: 0x00186904
0x0c7b98: 0x00186904
0x0c7b9c: 0x00186904
0x0c7ba0: 0x00186904
0x0c7ba4: 0x00186904
0x0c7ba8: 0x00186904
0x0c7bac: 0x00186904
0x0c7bb0: 0x00186904
0x0c7bb4: 0x00186904
0x0c7bb8: 0x00186904
0x0c7bbc: 0x00186904
0x0c7bc0: 0x00186904
0x0c7bc4: 0x00186904
0x0c7bc8: 0x00186904
0x0c7bcc: 0x00186904
0x0c7bd0: 0x00186904
0x0c7bd4: 0x00186904
0x0c7bd8: 0x00186904
0x0c7bdc: 0x00186904
0x0c7be0: 0x00186904
0x0c7be4: 0x00186904
0x0c7be8: 0x00186904
0x0c7bec: 0x00186904
0x0c7bf0: 0x00186904
0x0c7bf4: 0x00186904
0x0c7bf8: 0x00186904
0x0c7bfc: 0x00186904
0x0c7c00: 0x00186904
0x0c7c04: 0x00186904
0x0c7c08: 0x00186904
0x0c7c0c: 0x00186904
0x0c7c10: 0x00186904
0x0c7c14: 0x00186904
0x0c7c18: 0x00186904
0x0c7c1c: 0x00186904
0x0c7c20: 0x00186904
0x0c7c24: 0x00186904
0x0c7c28: 0x00186904
0x0c7c2c: 0x00186904
0x0c7c30: 0x00186904
0x0c7c34: 0x00186904
0x0c7c38: 0x00186904
0x0c7c3c: 0x00186904
0x0c7c40: 0x00186904
0x0c7c44: 0x00186904
0x0c7c48: 0x00186904
0x0c7c4c: 0x00186904
0x0c7c50: 0x00186904
0x0c7c54: 0x00186904
0x0c7c58: 0x00186904
0x0c7c5c: 0x00186904
0x0c7c60: 0x00186904
0x0c7c64: 0x00186904
0x0c7c68: 0x00186904
0x0c7c6c: 0x00186904
0x0c7c70: 0x00186904
0x0c7c74: 0x00186904
0x0c7c78: 0x00186904
0x0c7c7c: 0x00186904
0x0c7c80: 0x00186904
0x0c7c84: 0x00186904
0x0c7c88: 0x00186904
0x0c7c8c: 0x00186904
0x0c7c90: 0x00186904
0x0c7c94: 0x00186904
0x0c7c98: 0x00186904
0x0c7c9c: 0x00186904
0x0c7ca0: 0x00186904
0x0c7ca4: 0x00186904
0x0c7ca8: 0x00186904
0x0c7cac: 0x00186904
0x0c7cb0: 0x00186904
0x0c7cb4: 0x00186904
0x0c7cb8: 0x00186904
0x0c7cbc: 0x00186904
0x0c7cc0: 0x00186904
0x0c7cc4: 0x00186904
0x0c7cc8: 0x00186904
0x0c7ccc: 0x00186904
0x0c7cd0: 0x00186904
0x0c7cd4: 0x00186904
0x0c7cd8: 0x00186904
0x0c7cdc: 0x00186904
0x0c7ce0: 0x00186904
0x0c7ce4: 0x00186904
0x0c7ce8: 0x00186904
0x0c7cec: 0x00186904
0x0c7cf0: 0x00186904
0x0c7cf4: 0x00186904
0x0c7cf8: 0x00186904
0x0c7cfc: 0x00186904
0x0c7d00: 0x00186904
0x0c7d04: 0x00186904
0x0c7d08: 0x00186904
0x0c7d0c: 0x00186904
0x0c7d10: 0x00186904
0x0c7d14: 0x00186904
0x0c7d18: 0x00186904
0x0c7d1c: 0x00186904
0x0c7d20: 0x00186904
0x0c7d24: 0x00186904
0x0c7d28: 0x00186904
0x0c7d2c: 0x00186904
0x0c7d30: 0x00186904
0x0c7d34: 0x00186904
0x0c7d38: 0x00186904
0x0c7d3c: 0x00186904
0x0c7d40: 0x00186904
0x0c7d44: 0x00186904
0x0c7d48: 0x00186904
0x0c7d4c: 0x00186904
0x0c7d50: 0x00186904
0x0c7d54: 0x00186904
0x0c7d58: 0x00186904
0x0c7d5c: 0x00186904
0x0c7d60: 0x00186904
0x0c7d64: 0x00186904
0x0c7d68: 0x00186904
0x0c7d6c: 0x00186904
0x0c7d70: 0x00186904
0x0c7d74: 0x00186904
0x0c7d78: 0x00186904
0x0c7d7c: 0x00186904
0x0c7d80: 0x00186904
0x0c7d84: 0x00186904
0x0c7d88: 0x00186904
0x0c7d8c: 0x00186904
0x0c7d90: 0x00186904
0x0c7d94: 0x00186904
0x0c7d98: 0x00186904
0x0c7d9c: 0x00186904
0x0c7da0: 0x00186904
0x0c7da4: 0x00186904
0x0c7da8: 0x00186904
0x0c7dac: 0x00186904
0x0c7db0: 0x00186904
0x0c7db4: 0x00186904
0x0c7db8: 0x00186904
0x0c7dbc: 0x00186904
0x0c7dc0: 0x00186904
0x0c7dc4: 0x00186904
0x0c7dc8: 0x00186904
0x0c7dcc: 0x00186904
0x0c7dd0: 0x00186904
0x0c7dd4: 0x00186904
0x0c7dd8: 0x00186904
0x0c7ddc: 0x00186904
0x0c7de0: 0x00186904
0x0c7de4: 0x00186904
0x0c7de8: 0x00186904
0x0c7dec: 0x00186904
0x0c7df0: 0x00186904
0x0c7df4: 0x00186904
0x0c7df8: 0x00186904
0x0c7dfc: 0x00186904
0x0c7e00: 0x00186904
0x0c7e04: 0x00186904
0x0c7e08: 0x00186904
0x0c7e0c: 0x00186904
0x0c7e10: 0x00186904
0x0c7e14: 0x00186904
0x0c7e18: 0x00186904
0x0c7e1c: 0x00186904
0x0c7e20: 0x00186904
0x0c7e24: 0x00186904
0x0c7e28: 0x00186904
0x0c7e2c: 0x00186904
0x0c7e30: 0x00186904
0x0c7e34: 0x00186904
0x0c7e38: 0x00186904
0x0c7e3c: 0x00186904
0x0c7e40: 0x00186904
0x0c7e44: 0x00186904
0x0c7e48: 0x00186904
0x0c7e4c: 0x00186904
0x0c7e50: 0x00186904
0x0c7e54: 0x00186904
0x0c7e58: 0x00186904
0x0c7e5c: 0x00186904
0x0c7e60: 0x00186904
0x0c7e64: 0x00186904
0x0c7e68: 0x00186904
0x0c7e6c: 0x00186904
0x0c7e70: 0x00186904
0x0c7e74: 0x00186904
0x0c7e78: 0x00186904
0x0c7e7c: 0x00186904
0x0c7e80: 0x00186904
0x0c7e84: 0x00186904
0x0c7e88: 0x00186904
0x0c7e8c: 0x00186904
0x0c7e90: 0x00186904
0x0c7e94: 0x00186904
0x0c7e98: 0x00186904
0x0c7e9c: 0x00186904
0x0c7ea0: 0x00186904
0x0c7ea4: 0x00186904
0x0c7ea8: 0x00186904
0x0c7eac: 0x00186904
0x0c7eb0: 0x00186904
0x0c7eb4: 0x00186904
0x0c7eb8: 0x00186904
0x0c7ebc: 0x00186904
0x0c7ec0: 0x00186904
0x0c7ec4: 0x00186904
0x0c7ec8: 0x00186904
0x0c7ecc: 0x00186904
0x0c7ed0: 0x00186904
0x0c7ed4: 0x00186904
0x0c7ed8: 0x00186904
0x0c7edc: 0x00186904
0x0c7ee0: 0x00186904
0x0c7ee4: 0x00186904
0x0c7ee8: 0x00186904
0x0c7eec: 0x00186904
0x0c7ef0: 0x00186904
0x0c7ef4: 0x00186904
0x0c7ef8: 0x00186904
0x0c7efc: 0x00186904
0x0c7f00: 0x00186904
0x0c7f04: 0x00186904
0x0c7f08: 0x00186904
0x0c7f0c: 0x00186904
0x0c7f10: 0x00186904
0x0c7f14: 0x00186904
0x0c7f18: 0x00186904
0x0c7f1c: 0x00186904
0x0c7f20: 0x00186904
0x0c7f24: 0x00186904
0x0c7f28: 0x00186904
0x0c7f2c: 0x00186904
0x0c7f30: 0x00186904
0x0c7f34: 0x00186904
0x0c7f38: 0x00186904
0x0c7f3c: 0x00186904
0x0c7f40: 0x00186904
0x0c7f44: 0x00186904
0x0c7f48: 0x00186904
0x0c7f4c: 0x00186904
0x0c7f50: 0x00186904
0x0c7f54: 0x00186904
0x0c7f58: 0x00186904
0x0c7f5c: 0x00186904
0x0c7f60: 0x00186904
0x0c7f64: 0x00186904
0x0c7f68: 0x00186904
0x0c7f6c: 0x00186904
0x0c7f70: 0x00186904
0x0c7f74: 0x00186904
0x0c7f78: 0x00186904
0x0c7f7c: 0x00186904
0x0c7f80: 0x00186904
0x0c7f84: 0x00186904
0x0c7f88: 0x00186904
0x0c7f8c: 0x00186904
0x0c7f90: 0x00186904
0x0c7f94: 0x00186904
0x0c7f98: 0x00186904
0x0c7f9c: 0x00186904
0x0c7fa0: 0x00186904
0x0c7fa4: 0x00186904
0x0c7fa8: 0x00186904
0x0c7fac: 0x00186904
0x0c7fb0: 0x00186904
0x0c7fb4: 0x00186904
0x0c7fb8: 0x00186904
0x0c7fbc: 0x00186904
0x0c7fc0: 0x00186904
0x0c7fc4: 0x00186904
0x0c7fc8: 0x00186904
0x0c7fcc: 0x00186904
0x0c7fd0: 0x00186904
0x0c7fd4: 0x00186904
0x0c7fd8: 0x00186904
0x0c7fdc: 0x00186904
0x0c7fe0: 0x00186904
0x0c7fe4: 0x00186904
0x0c7fe8: 0x00186904
0x0c7fec: 0x00186904
0x0c7ff0: 0x00186904
0x0c7ff4: 0x00186904
0x0c7ff8: 0x00186904
0x0c7ffc: 0x00186904
0x0c8000: 0x00186904
0x0c8004: 0x00186904
0x0c8008: 0x00186904
0x0c800c: 0x00186904
0x0c8010: 0x00186904
0x0c8014: 0x00186904
0x0c8018: 0x00186904
0x0c801c: 0x00186904
0x0c8020: 0x00186904
0x0c8024: 0x00186904
0x0c8028: 0x00186904
0x0c802c: 0x00186904
0x0c8030: 0x00186904
0x0c8034: 0x00186904
0x0c8038: 0x00186904
0x0c803c: 0x00186904
0x0c8040: 0x00186904
0x0c8044: 0x00186904
0x0c8048: 0x00186904
0x0c804c: 0x00186904
0x0c8050: 0x00186904
0x0c8054: 0x00186904
0x0c8058: 0x00186904
0x0c805c: 0x00186904
0x0c8060: 0x00186904
0x0c8064: 0x00186904
0x0c8068: 0x00186904
0x0c806c: 0x00186904
0x0c8070: 0x00186904
0x0c8074: 0x00186904
0x0c8078: 0x00186904
0x0c807c: 0x00186904
0x0c8080: 0x00186904
0x0c8084: 0x00186904
0x0c8088: 0x00186904
0x0c808c: 0x00186904
0x0c8090: 0x00186904
0x0c8094: 0x00186904
0x0c8098: 0x00186904
0x0c809c: 0x00186904
0x0c80a0: 0x00186904
0x0c80a4: 0x00186904
0x0c80a8: 0x00186904
0x0c80ac: 0x00186904
0x0c80b0: 0x00186904
0x0c80b4: 0x00186904
0x0c80b8: 0x00186904
0x0c80bc: 0x00186904
0x0c80c0: 0x00186904
0x0c80c4: 0x00186904
0x0c80c8: 0x00186904
0x0c80cc: 0x00186904
0x0c80d0: 0x00186904
0x0c80d4: 0x00186904
0x0c80d8: 0x00186904
0x0c80dc: 0x00186904
0x0c80e0: 0x00186904
0x0c80e4: 0x00186904
0x0c80e8: 0x00186904
0x0c80ec: 0x00186904
0x0c80f0: 0x00186904
0x0c80f4: 0x00186904
0x0c80f8: 0x00186904
0x0c80fc: 0x00186904
0x0c8100: 0x00186904
0x0c8104: 0x00186904
0x0c8108: 0x00186904
0x0c810c: 0x00186904
0x0c8110: 0x00186904
0x0c8114: 0x00186904
0x0c8118: 0x00186904
0x0c811c: 0x00186904
0x0c8120: 0x00186904
0x0c8124: 0x00186904
0x0c8128: 0x00186904
0x0c812c: 0x00186904
0x0c8130: 0x00186904
0x0c8134: 0x00186904
0x0c8138: 0x00186904
0x0c813c: 0x00186904
0x0c8140: 0x00186904
0x0c8144: 0x00186904
0x0c8148: 0x00186904
0x0c814c: 0x00186904
0x0c8150: 0x00186904
0x0c8154: 0x00186904
0x0c8158: 0x00186904
0x0c815c: 0x00186904
0x0c8160: 0x00186904
0x0c8164: 0x00186904
0x0c8168: 0x00186904
0x0c816c: 0x00186904
0x0c8170: 0x00186904
0x0c8174: 0x00186904
0x0c8178: 0x00186904
0x0c817c: 0x00186904
0x0c8180: 0x00186904
0x0c8184: 0x00186904
0x0c8188: 0x00186904
0x0c818c: 0x00186904
0x0c8190: 0x00186904
0x0c8194: 0x00186904
0x0c8198: 0x00186904
0x0c819c: 0x00186904
0x0c81a0: 0x00186904
0x0c81a4: 0x00186904
0x0c81a8: 0x00186904
0x0c81ac: 0x00186904
0x0c81b0: 0x00186904
0x0c81b4: 0x00186904
0x0c81b8: 0x00186904
0x0c81bc: 0x00186904
0x0c81c0: 0x00186904
0x0c81c4: 0x00186904
0x0c81c8: 0x00186904
0x0c81cc: 0x00186904
0x0c81d0: 0x00186904
0x0c81d4: 0x00186904
0x0c81d8: 0x00186904
0x0c81dc: 0x00186904
0x0c81e0: 0x00186904
0x0c81e4: 0x00186904
0x0c81e8: 0x00186904
0x0c81ec: 0x00186904
0x0c81f0: 0x00186904
0x0c81f4: 0x00186904
0x0c81f8: 0x00186904
0x0c81fc: 0x00186904
0x0c8200: 0x00186904
0x0c8204: 0x00186904
0x0c8208: 0x00186904
0x0c820c: 0x00186904
0x0c8210: 0x00186904
0x0c8214: 0x00186904
0x0c8218: 0x00186904
0x0c821c: 0x00186904
0x0c8220: 0x00186904
0x0c8224: 0x00186904
0x0c8228: 0x00186904
0x0c822c: 0x00186904
0x0c8230: 0x00186904
0x0c8234: 0x00186904
0x0c8238: 0x00186904
0x0c823c: 0x00186904
0x0c8240: 0x00186904
0x0c8244: 0x00186904
0x0c8248: 0x00186904
0x0c824c: 0x00186904
0x0ce044: 0x023f9240
0x0e0200: 0x00000900
0x0e0204: 0x00000900
0x0e0208: 0x0a76a22a
0x0e020c: 0x0a76a22a
0x0e0300: 0x60000018
0x0e0304: 0x60000018
0x0e0308: 0x60000018
0x0e030c: 0x60000018
0x0e0310: 0x60000018
0x0e0314: 0x60000018
0x0e0318: 0x60000018
0x0e031c: 0x60000018
0x0e0320: 0x60000018
0x0e0324: 0x60000018
0x0e0328: 0x60000018
0x0e032c: 0x60000018
0x0e0330: 0x60000018
0x0e0334: 0x60000018
0x0e0338: 0x60000018
0x0e033c: 0x60000018
0x0e0340: 0x60000018
0x0e0344: 0x60000018
0x0e0348: 0x60000018
0x0e034c: 0x60000018
0x0e0350: 0x60000018
0x0e0354: 0x60000018
0x0e0358: 0x60000018
0x0e035c: 0x60000018
0x0e0360: 0x60000018
0x0e0364: 0x60000018
0x0e0368: 0x60000018
0x0e036c: 0x60000018
0x0e0370: 0x60000018
0x0e0374: 0x60000018
0x0e0378: 0x60000018
0x0e037c: 0x60000018
0x0e0380: 0x60000018
0x0e0384: 0x60000018
0x0e0388: 0x60000018
0x0e038c: 0x60000018
0x0e0390: 0x60000018
0x0e0394: 0x60000018
0x0e0398: 0x60000018
0x0e039c: 0x60000018
0x0e03a0: 0x60000018
0x0e03a4: 0x60000018
0x0e03a8: 0x60000018
0x0e03ac: 0x60000018
0x0e03b0: 0x60000018
0x0e03b4: 0x60000018
0x0e03b8: 0x60000018
0x0e03bc: 0x60000018
0x0e03c0: 0x60000018
0x0e03c4: 0x60000018
0x0e03c8: 0x60000018
0x0e03cc: 0x60000018
0x0e03d0: 0x60000018
0x0e03d4: 0x60000018
0x0e03d8: 0x60000018
0x0e03dc: 0x60000018
0x0e03e0: 0x60000018
0x0e03e4: 0x60000018
0x0e03e8: 0x60000018
0x0e03ec: 0x60000018
0x0e03f0: 0x60000018
0x0e03f4: 0x60000018
0x0e03f8: 0x60000018
0x0e03fc: 0x60000018
0x0e0400: 0x60000018
0x0e0404: 0x60000018
0x0e0408: 0x60000018
0x0e040c: 0x60000018
0x0e0410: 0x60000018
0x0e0414: 0x60000018
0x0e0418: 0x60000018
0x0e041c: 0x60000018
0x0e0420: 0x60000018
0x0e0424: 0x60000018
0x0e0428: 0x60000018
0x0e042c: 0x60000018
0x0e0430: 0x60000018
0x0e0434: 0x60000018
0x0e0438: 0x60000018
0x0e043c: 0x60000018
0x0e0440: 0x60000018
0x0e0444: 0x60000018
0x0e0448: 0x60000018
0x0e044c: 0x60000018
0x0e0450: 0x60000018
0x0e0454: 0x60000018
0x0e0458: 0x60000018
0x0e045c: 0x60000018
0x0e0460: 0x60000018
0x0e0464: 0x60000018
0x0e0468: 0x60000018
0x0e046c: 0x60000018
0x0e0470: 0x60000018
0x0e0474: 0x60000018
0x0e0478: 0x60000018
0x0e047c: 0x60000018
0x0e0480: 0x60000018
0x0e0484: 0x60000018
0x0e0488: 0x60000018
0x0e048c: 0x60000018
0x0e0490: 0x60000018
0x0e0494: 0x60000018
0x0e0498: 0x60000018
0x0e049c: 0x60000018
0x0e04a0: 0x60000018
0x0e04a4: 0x60000018
0x0e04a8: 0x60000018
0x0e04ac: 0x60000018
0x0e04b0: 0x60000018
0x0e04b4: 0x60000018
0x0e04b8: 0x60000018
0x0e04bc: 0x60000018
0x0e04c0: 0x60000018
0x0e04c4: 0x60000018
0x0e04c8: 0x60000018
0x0e04cc: 0x60000018
0x0e04d0: 0x60000018
0x0e04d4: 0x60000018
0x0e04d8: 0x60000018
0x0e04dc: 0x60000018
0x0e04e0: 0x60000018
0x0e04e4: 0x60000018
0x0e04e8: 0x60000018
0x0e04ec: 0x60000018
0x0e04f0: 0x60000018
0x0e04f4: 0x60000018
0x0e04f8: 0x60000018
0x0e04fc: 0x60000018
0x0e0500: 0x60000018
0x0e0504: 0x60000018
0x0e0508: 0x60000018
0x0e050c: 0x60000018
0x0e0510: 0x60000018
0x0e0514: 0x60000018
0x0e0518: 0x60000018
0x0e051c: 0x60000018
0x0e0520: 0x60000018
0x0e0524: 0x60000018
0x0e0528: 0x60000018
0x0e052c: 0x60000018
0x0e0530: 0x60000018
0x0e0534: 0x60000018
0x0e0538: 0x60000018
0x0e053c: 0x60000018
0x0e0540: 0x60000018
0x0e0544: 0x60000018
0x0e0548: 0x60000018
0x0e054c: 0x60000018
0x0e0550: 0x60000018
0x0e0554: 0x60000018
0x0e0558: 0x60000018
0x0e055c: 0x60000018
0x0e0560: 0x60000018
0x0e0564: 0x60000018
0x0e0568: 0x60000018
0x0e056c: 0x60000018
0x0e0570: 0x60000018
0x0e0574: 0x60000018
0x0e0578: 0x60000018
0x0e057c: 0x60000018
0x0e0580: 0x60000018
0x0e0584: 0x60000018
0x0e0588: 0x60000018
0x0e058c: 0x60000018
0x0e0590: 0x60000018
0x0e0594: 0x60000018
0x0e0598: 0x60000018
0x0e059c: 0x60000018
0x0e05a0: 0x60000018
0x0e05a4: 0x60000018
0x0e05a8: 0x60000018
0x0e05ac: 0x60000018
0x0e05b0: 0x60000018
0x0e05b4: 0x60000018
0x0e05b8: 0x60000018
0x0e05bc: 0x60000018
0x0e05c0: 0x60000018
0x0e05c4: 0x60000018
0x0e05c8: 0x60000018
0x0e05cc: 0x60000018
0x0e05d0: 0x60000018
0x0e05d4: 0x60000018
0x0e05d8: 0x60000018
0x0e05dc: 0x60000018
0x0e05e0: 0x60000018
0x0e05e4: 0x60000018
0x0e05e8: 0x60000018
0x0e05ec: 0x60000018
0x0e05f0: 0x60000018
0x0e05f4: 0x60000018
0x0e05f8: 0x60000018
0x0e05fc: 0x60000018
0x0e0600: 0x60000018
0x0e0604: 0x60000018
0x0e0608: 0x60000018
0x0e060c: 0x60000018
0x0e0610: 0x60000018
0x0e0614: 0x60000018
0x0e0618: 0x60000018
0x0e061c: 0x60000018
0x0e0620: 0x60000018
0x0e0624: 0x60000018
0x0e0628: 0x60000018
0x0e062c: 0x60000018
0x0e0630: 0x60000018
0x0e0634: 0x60000018
0x0e0638: 0x60000018
0x0e063c: 0x60000018
0x0e0640: 0x60000018
0x0e0644: 0x60000018
0x0e0648: 0x60000018
0x0e064c: 0x60000018
0x0e0650: 0x60000018
0x0e0654: 0x60000018
0x0e0658: 0x60000018
0x0e065c: 0x60000018
0x0e0660: 0x60000018
0x0e0664: 0x60000018
0x0e0668: 0x60000018
0x0e066c: 0x60000018
0x0e0670: 0x60000018
0x0e0674: 0x60000018
0x0e0678: 0x60000018
0x0e067c: 0x60000018
0x0e0680: 0x60000018
0x0e0684: 0x60000018
0x0e0688: 0x60000018
0x0e068c: 0x60000018
0x0e0690: 0x60000018
0x0e0694: 0x60000018
0x0e0698: 0x60000018
0x0e069c: 0x60000018
0x0e06a0: 0x60000018
0x0e06a4: 0x60000018
0x0e06a8: 0x60000018
0x0e06ac: 0x60000018
0x0e06b0: 0x60000018
0x0e06b4: 0x60000018
0x0e06b8: 0x60000018
0x0e06bc: 0x60000018
0x0e06c0: 0x60000018
0x0e06c4: 0x60000018
0x0e06c8: 0x60000018
0x0e06cc: 0x60000018
0x0e06d0: 0x60000018
0x0e06d4: 0x60000018
0x0e06d8: 0x60000018
0x0e06dc: 0x60000018
0x0e06e0: 0x60000018
0x0e06e4: 0x60000018
0x0e06e8: 0x60000018
0x0e06ec: 0x60000018
0x0e06f0: 0x60000018
0x0e06f4: 0x60000018
0x0e06f8: 0x60000018
0x0e06fc: 0x60000018
0x0e0700: 0x60000018
0x0e0704: 0x60000018
0x0e0708: 0x60000018
0x0e070c: 0x60000018
0x0e0710: 0x60000018
0x0e0714: 0x60000018
0x0e0718: 0x60000018
0x0e071c: 0x60000018
0x0e0720: 0x60000018
0x0e0724: 0x60000018
0x0e0728: 0x60000018
0x0e072c: 0x60000018
0x0e0730: 0x60000018
0x0e0734: 0x60000018
0x0e0738: 0x60000018
0x0e073c: 0x60000018
0x0e0740: 0x60000018
0x0e0744: 0x60000018
0x0e0748: 0x60000018
0x0e074c: 0x60000018
0x0e0750: 0x60000018
0x0e0754: 0x60000018
0x0e0758: 0x60000018
0x0e075c: 0x60000018
0x0e0760: 0x60000018
0x0e0764: 0x60000018
0x0e0768: 0x60000018
0x0e076c: 0x60000018
0x0e0770: 0x60000018
0x0e0774: 0x60000018
0x0e0778: 0x60000018
0x0e077c: 0x60000018
0x0e0780: 0x60000018
0x0e0784: 0x60000018
0x0e0788: 0x60000018
0x0e078c: 0x60000018
0x0e0790: 0x60000018
0x0e0794: 0x60000018
0x0e0798: 0x60000018
0x0e079c: 0x60000018
0x0e07a0: 0x60000018
0x0e07a4: 0x60000018
0x0e07a8: 0x60000018
0x0e07ac: 0x60000018
0x0e07b0: 0x60000018
0x0e07b4: 0x60000018
0x0e07b8: 0x60000018
0x0e07bc: 0x60000018
0x0e07c0: 0x60000018
0x0e07c4: 0x60000018
0x0e07c8: 0x60000018
0x0e07cc: 0x60000018
0x0e07d0: 0x60000018
0x0e07d4: 0x60000018
0x0e07d8: 0x60000018
0x0e07dc: 0x60000018
0x0e07e0: 0x60000018
0x0e07e4: 0x60000018
0x0e07e8: 0x60000018
0x0e07ec: 0x60000018
0x0e07f0: 0x60000018
0x0e07f4: 0x60000018
0x0e07f8: 0x60000018
0x0e07fc: 0x60000018
0x0e0800: 0x60000018
0x0e0804: 0x60000018
0x0e0808: 0x60000018
0x0e080c: 0x60000018
0x0e0810: 0x60000018
0x0e0814: 0x60000018
0x0e0818: 0x60000018
0x0e081c: 0x60000018
0x0e0820: 0x60000018
0x0e0824: 0x60000018
0x0e0828: 0x60000018
0x0e082c: 0x60000018
0x0e0830: 0x60000018
0x0e0834: 0x60000018
0x0e0838: 0x60000018
0x0e083c: 0x60000018
0x0e0840: 0x60000018
0x0e0844: 0x60000018
0x0e0848: 0x60000018
0x0e084c: 0x60000018
0x0e0850: 0x60000018
0x0e0854: 0x60000018
0x0e0858: 0x60000018
0x0e085c: 0x60000018
0x0e0860: 0x60000018
0x0e0864: 0x60000018
0x0e0868: 0x60000018
0x0e086c: 0x60000018
0x0e0870: 0x60000018
0x0e0874: 0x60000018
0x0e0878: 0x60000018
0x0e087c: 0x60000018
0x0e0880: 0x60000018
0x0e0884: 0x60000018
0x0e0888: 0x60000018
0x0e088c: 0x60000018
0x0e0890: 0x60000018
0x0e0894: 0x60000018
0x0e0898: 0x60000018
0x0e089c: 0x60000018
0x0e08a0: 0x60000018
0x0e08a4: 0x60000018
0x0e08a8: 0x60000018
0x0e08ac: 0x60000018
0x0e08b0: 0x60000018
0x0e08b4: 0x60000018
0x0e08b8: 0x60000018
0x0e08bc: 0x60000018
0x0e08c0: 0x60000018
0x0e08c4: 0x60000018
0x0e08c8: 0x60000018
0x0e08cc: 0x60000018
0x0e08d0: 0x60000018
0x0e08d4: 0x60000018
0x0e08d8: 0x60000018
0x0e08dc: 0x60000018
0x0e08e0: 0x60000018
0x0e08e4: 0x60000018
0x0e08e8: 0x60000018
0x0e08ec: 0x60000018
0x0e08f0: 0x60000018
0x0e08f4: 0x60000018
0x0e08f8: 0x60000018
0x0e08fc: 0x60000018
0x0e0900: 0x60000018
0x0e0904: 0x60000018
0x0e0908: 0x60000018
0x0e090c: 0x60000018
0x0e0910: 0x60000018
0x0e0914: 0x60000018
0x0e0918: 0x60000018
0x0e091c: 0x60000018
0x0e0920: 0x60000018
0x0e0924: 0x60000018
0x0e0928: 0x60000018
0x0e092c: 0x60000018
0x0e0930: 0x60000018
0x0e0934: 0x60000018
0x0e0938: 0x60000018
0x0e093c: 0x60000018
0x0e0940: 0x60000018
0x0e0944: 0x60000018
0x0e0948: 0x60000018
0x0e094c: 0x60000018
0x0e0950: 0x60000018
0x0e0954: 0x60000018
0x0e0958: 0x60000018
0x0e095c: 0x60000018
0x0e0960: 0x60000018
0x0e0964: 0x60000018
0x0e0968: 0x60000018
0x0e096c: 0x60000018
0x0e0970: 0x60000018
0x0e0974: 0x60000018
0x0e0978: 0x60000018
0x0e097c: 0x60000018
0x0e0980: 0x60000018
0x0e0984: 0x60000018
0x0e0988: 0x60000018
0x0e098c: 0x60000018
0x0e0990: 0x60000018
0x0e0994: 0x60000018
0x0e0998: 0x60000018
0x0e099c: 0x60000018
0x0e09a0: 0x60000018
0x0e09a4: 0x60000018
0x0e09a8: 0x60000018
0x0e09ac: 0x60000018
0x0e09b0: 0x60000018
0x0e09b4: 0x60000018
0x0e09b8: 0x60000018
0x0e09bc: 0x60000018
0x0e09c0: 0x60000018
0x0e09c4: 0x60000018
0x0e09c8: 0x60000018
0x0e09cc: 0x60000018
0x0e09d0: 0x60000018
0x0e09d4: 0x60000018
0x0e09d8: 0x60000018
0x0e09dc: 0x60000018
0x0e09e0: 0x60000018
0x0e09e4: 0x60000018
0x0e09e8: 0x60000018
0x0e09ec: 0x60000018
0x0e09f0: 0x60000018
0x0e09f4: 0x60000018
0x0e09f8: 0x60000018
0x0e09fc: 0x60000018
0x0e0a00: 0x60000018
0x0e0a04: 0x60000018
0x0e0a08: 0x60000018
0x0e0a0c: 0x60000018
0x0e0a10: 0x60000018
0x0e0a14: 0x60000018
0x0e0a18: 0x60000018
0x0e0a1c: 0x60000018
0x0e0a20: 0x60000018
0x0e0a24: 0x60000018
0x0e0a28: 0x60000018
0x0e0a2c: 0x60000018
0x0e0a30: 0x60000018
0x0e0a34: 0x60000018
0x0e0a38: 0x60000018
0x0e0a3c: 0x60000018
0x0e0a40: 0x60000018
0x0e0a44: 0x60000018
0x0e0a48: 0x60000018
0x0e0a4c: 0x60000018
0x0e0a50: 0x60000018
0x0e0a54: 0x60000018
0x0e0a58: 0x60000018
0x0e0a5c: 0x60000018
0x0e0a60: 0x60000018
0x0e0a64: 0x60000018
0x0e0a68: 0x60000018
0x0e0a6c: 0x60000018
0x0e0a70: 0x60000018
0x0e0a74: 0x60000018
0x0e0a78: 0x60000018
0x0e0a7c: 0x60000018
0x0e0a80: 0x60000018
0x0e0a84: 0x60000018
0x0e0a88: 0x60000018
0x0e0a8c: 0x60000018
0x0e0a90: 0x60000018
0x0e0a94: 0x60000018
0x0e0a98: 0x60000018
0x0e0a9c: 0x60000018
0x0e0aa0: 0x60000018
0x0e0aa4: 0x60000018
0x0e0aa8: 0x60000018
0x0e0aac: 0x60000018
0x0e0ab0: 0x60000018
0x0e0ab4: 0x60000018
0x0e0ab8: 0x60000018
0x0e0abc: 0x60000018
0x0e0ac0: 0x60000018
0x0e0ac4: 0x60000018
0x0e0ac8: 0x60000018
0x0e0acc: 0x60000018
0x0e0ad0: 0x60000018
0x0e0ad4: 0x60000018
0x0e0ad8: 0x60000018
0x0e0adc: 0x60000018
0x0e0ae0: 0x60000018
0x0e0ae4: 0x60000018
0x0e0ae8: 0x60000018
0x0e0aec: 0x60000018
0x0e0af0: 0x60000018
0x0e0af4: 0x60000018
0x0e0af8: 0x60000018
0x0e0afc: 0x60000018
0x0e0b00: 0x60000018
0x0e0b04: 0x60000018
0x0e0b08: 0x60000018
0x0e0b0c: 0x60000018
0x0e0b10: 0x60000018
0x0e0b14: 0x60000018
0x0e0b18: 0x60000018
0x0e0b1c: 0x60000018
0x0e0b20: 0x60000018
0x0e0b24: 0x60000018
0x0e0b28: 0x60000018
0x0e0b2c: 0x60000018
0x0e0b30: 0x60000018
0x0e0b34: 0x60000018
0x0e0b38: 0x60000018
0x0e0b3c: 0x60000018
0x0e0b40: 0x60000018
0x0e0b44: 0x60000018
0x0e0b48: 0x60000018
0x0e0b4c: 0x60000018
0x0e0b50: 0x60000018
0x0e0b54: 0x60000018
0x0e0b58: 0x60000018
0x0e0b5c: 0x60000018
0x0e0b60: 0x60000018
0x0e0b64: 0x60000018
0x0e0b68: 0x60000018
0x0e0b6c: 0x60000018
0x0e0b70: 0x60000018
0x0e0b74: 0x60000018
0x0e0b78: 0x60000018
0x0e0b7c: 0x60000018
0x0e0b80: 0x60000018
0x0e0b84: 0x60000018
0x0e0b88: 0x60000018
0x0e0b8c: 0x60000018
0x0e0b90: 0x60000018
0x0e0b94: 0x60000018
0x0e0b98: 0x60000018
0x0e0b9c: 0x60000018
0x0e0ba0: 0x60000018
0x0e0ba4: 0x60000018
0x0e0ba8: 0x60000018
0x0e0bac: 0x60000018
0x0e0bb0: 0x60000018
0x0e0bb4: 0x60000018
0x0e0bb8: 0x60000018
0x0e0bbc: 0x60000018
0x0e0bc0: 0x60000018
0x0e0bc4: 0x60000018
0x0e0bc8: 0x60000018
0x0e0bcc: 0x60000018
0x0e0bd0: 0x60000018
0x0e0bd4: 0x60000018
0x0e0bd8: 0x60000018
0x0e0bdc: 0x60000018
0x0e0be0: 0x60000018
0x0e0be4: 0x60000018
0x0e0be8: 0x60000018
0x0e0bec: 0x60000018
0x0e0bf0: 0x60000018
0x0e0bf4: 0x60000018
0x0e0bf8: 0x60000018
0x0e0bfc: 0x60000018
0x0e0c00: 0x60000018
0x0e0c04: 0x60000018
0x0e0c08: 0x60000018
0x0e0c0c: 0x60000018
0x0e0c10: 0x60000018
0x0e0c14: 0x60000018
0x0e0c18: 0x60000018
0x0e0c1c: 0x60000018
0x0e0c20: 0x60000018
0x0e0c24: 0x60000018
0x0e0c28: 0x60000018
0x0e0c2c: 0x60000018
0x0e0c30: 0x60000018
0x0e0c34: 0x60000018
0x0e0c38: 0x60000018
0x0e0c3c: 0x60000018
0x0e0c40: 0x60000018
0x0e0c44: 0x60000018
0x0e0c48: 0x60000018
0x0e0c4c: 0x60000018
0x0e0c50: 0x60000018
0x0e0c54: 0x60000018
0x0e0c58: 0x60000018
0x0e0c5c: 0x60000018
0x0e0c60: 0x60000018
0x0e0c64: 0x60000018
0x0e0c68: 0x60000018
0x0e0c6c: 0x60000018
0x0e0c70: 0x60000018
0x0e0c74: 0x60000018
0x0e0c78: 0x60000018
0x0e0c7c: 0x60000018
0x0e0c80: 0x60000018
0x0e0c84: 0x60000018
0x0e0c88: 0x60000018
0x0e0c8c: 0x60000018
0x0e0c90: 0x60000018
0x0e0c94: 0x60000018
0x0e0c98: 0x60000018
0x0e0c9c: 0x60000018
0x0e0ca0: 0x60000018
0x0e0ca4: 0x60000018
0x0e0ca8: 0x60000018
0x0e0cac: 0x60000018
0x0e0cb0: 0x60000018
0x0e0cb4: 0x60000018
0x0e0cb8: 0x60000018
0x0e0cbc: 0x60000018
0x0e0cc0: 0x60000018
0x0e0cc4: 0x60000018
0x0e0cc8: 0x60000018
0x0e0ccc: 0x60000018
0x0e0cd0: 0x60000018
0x0e0cd4: 0x60000018
0x0e0cd8: 0x60000018
0x0e0cdc: 0x60000018
0x0e0ce0: 0x60000018
0x0e0ce4: 0x60000018
0x0e0ce8: 0x60000018
0x0e0cec: 0x60000018
0x0e0cf0: 0x60000018
0x0e0cf4: 0x60000018
0x0e0cf8: 0x60000018
0x0e0cfc: 0x60000018
0x0e0d00: 0x60000018
0x0e0d04: 0x60000018
0x0e0d08: 0x60000018
0x0e0d0c: 0x60000018
0x0e0d10: 0x60000018
0x0e0d14: 0x60000018
0x0e0d18: 0x60000018
0x0e0d1c: 0x60000018
0x0e0d20: 0x60000018
0x0e0d24: 0x60000018
0x0e0d28: 0x60000018
0x0e0d2c: 0x60000018
0x0e0d30: 0x60000018
0x0e0d34: 0x60000018
0x0e0d38: 0x60000018
0x0e0d3c: 0x60000018
0x0e0d40: 0x60000018
0x0e0d44: 0x60000018
0x0e0d48: 0x60000018
0x0e0d4c: 0x60000018
0x0e0d50: 0x60000018
0x0e0d54: 0x60000018
0x0e0d58: 0x60000018
0x0e0d5c: 0x60000018
0x0e0d60: 0x60000018
0x0e0d64: 0x60000018
0x0e0d68: 0x60000018
0x0e0d6c: 0x60000018
0x0e0d70: 0x60000018
0x0e0d74: 0x60000018
0x0e0d78: 0x60000018
0x0e0d7c: 0x60000018
0x0e0d80: 0x60000018
0x0e0d84: 0x60000018
0x0e0d88: 0x60000018
0x0e0d8c: 0x60000018
0x0e0d90: 0x60000018
0x0e0d94: 0x60000018
0x0e0d98: 0x60000018
0x0e0d9c: 0x60000018
0x0e0da0: 0x60000018
0x0e0da4: 0x60000018
0x0e0da8: 0x60000018
0x0e0dac: 0x60000018
0x0e0db0: 0x60000018
0x0e0db4: 0x60000018
0x0e0db8: 0x60000018
0x0e0dbc: 0x60000018
0x0e0dc0: 0x60000018
0x0e0dc4: 0x60000018
0x0e0dc8: 0x60000018
0x0e0dcc: 0x60000018
0x0e0dd0: 0x60000018
0x0e0dd4: 0x60000018
0x0e0dd8: 0x60000018
0x0e0ddc: 0x60000018
0x0e0de0: 0x60000018
0x0e0de4: 0x60000018
0x0e0de8: 0x60000018
0x0e0dec: 0x60000018
0x0e0df0: 0x60000018
0x0e0df4: 0x60000018
0x0e0df8: 0x60000018
0x0e0dfc: 0x60000018
0x0e0e00: 0x60000018
0x0e0e04: 0x60000018
0x0e0e08: 0x60000018
0x0e0e0c: 0x60000018
0x0e0e10: 0x60000018
0x0e0e14: 0x60000018
0x0e0e18: 0x60000018
0x0e0e1c: 0x60000018
0x0e0e20: 0x60000018
0x0e0e24: 0x60000018
0x0e0e28: 0x60000018
0x0e0e2c: 0x60000018
0x0e0e30: 0x60000018
0x0e0e34: 0x60000018
0x0e0e38: 0x60000018
0x0e0e3c: 0x60000018
0x0e0e40: 0x60000018
0x0e0e44: 0x60000018
0x0e0e48: 0x60000018
0x0e0e4c: 0x60000018
0x0e0e50: 0x60000018
0x0e0e54: 0x60000018
0x0e0e58: 0x60000018
0x0e0e5c: 0x60000018
0x0e0e60: 0x60000018
0x0e0e64: 0x60000018
0x0e0e68: 0x60000018
0x0e0e6c: 0x60000018
0x0e0e70: 0x60000018
0x0e0e74: 0x60000018
0x0e0e78: 0x60000018
0x0e0e7c: 0x60000018
0x0e0e80: 0x60000018
0x0e0e84: 0x60000018
0x0e0e88: 0x60000018
0x0e0e8c: 0x60000018
0x0e0e90: 0x60000018
0x0e0e94: 0x60000018
0x0e0e98: 0x60000018
0x0e0e9c: 0x60000018
0x0e0ea0: 0x60000018
0x0e0ea4: 0x60000018
0x0e0ea8: 0x60000018
0x0e0eac: 0x60000018
0x0e0eb0: 0x60000018
0x0e0eb4: 0x60000018
0x0e0eb8: 0x60000018
0x0e0ebc: 0x60000018
0x0e0ec0: 0x60000018
0x0e0ec4: 0x60000018
0x0e0ec8: 0x60000018
0x0e0ecc: 0x60000018
0x0e0ed0: 0x60000018
0x0e0ed4: 0x60000018
0x0e0ed8: 0x60000018
0x0e0edc: 0x60000018
0x0e0ee0: 0x60000018
0x0e0ee4: 0x60000018
0x0e0ee8: 0x60000018
0x0e0eec: 0x60000018
0x0e0ef0: 0x60000018
0x0e0ef4: 0x60000018
0x0e0ef8: 0x60000018
0x0e0efc: 0x60000018
0x0e0f00: 0x60000018
0x0e0f04: 0x60000018
0x0e0f08: 0x60000018
0x0e0f0c: 0x60000018
0x0e0f10: 0x60000018
0x0e0f14: 0x60000018
0x0e0f18: 0x60000018
0x0e0f1c: 0x60000018
0x0e0f20: 0x60000018
0x0e0f24: 0x60000018
0x0e0f28: 0x60000018
0x0e0f2c: 0x60000018
0x0e0f30: 0x60000018
0x0e0f34: 0x60000018
0x0e0f38: 0x60000018
0x0e0f3c: 0x60000018
0x0e0f40: 0x60000018
0x0e0f44: 0x60000018
0x0e0f48: 0x60000018
0x0e0f4c: 0x60000018
0x0e0f50: 0x60000018
0x0e0f54: 0x60000018
0x0e0f58: 0x60000018
0x0e0f5c: 0x60000018
0x0e0f60: 0x60000018
0x0e0f64: 0x60000018
0x0e0f68: 0x60000018
0x0e0f6c: 0x60000018
0x0e0f70: 0x60000018
0x0e0f74: 0x60000018
0x0e0f78: 0x60000018
0x0e0f7c: 0x60000018
0x0e0f80: 0x60000018
0x0e0f84: 0x60000018
0x0e0f88: 0x60000018
0x0e0f8c: 0x60000018
0x0e0f90: 0x60000018
0x0e0f94: 0x60000018
0x0e0f98: 0x60000018
0x0e0f9c: 0x60000018
0x0e0fa0: 0x60000018
0x0e0fa4: 0x60000018
0x0e0fa8: 0x60000018
0x0e0fac: 0x60000018
0x0e0fb0: 0x60000018
0x0e0fb4: 0x60000018
0x0e0fb8: 0x60000018
0x0e0fbc: 0x60000018
0x0e0fc0: 0x60000018
0x0e0fc4: 0x60000018
0x0e0fc8: 0x60000018
0x0e0fcc: 0x60000018
0x0e0fd0: 0x60000018
0x0e0fd4: 0x60000018
0x0e0fd8: 0x60000018
0x0e0fdc: 0x60000018
0x0e0fe0: 0x60000018
0x0e0fe4: 0x60000018
0x0e0fe8: 0x60000018
0x0e0fec: 0x60000018
0x0e0ff0: 0x60000018
0x0e0ff4: 0x60000018
0x0e0ff8: 0x60000018
0x0e0ffc: 0x60000018
0x0e1100: 0x00f40000
0x0e1140: 0x00000818
0x0e1144: 0x00000818
0x0e1148: 0x00000818
0x0e114c: 0x00000818
0x0e1150: 0x00000818
0x0e1154: 0x00000818
0x0e1158: 0x00000818
0x0e115c: 0x00000818
0x0e1160: 0x00000818
0x0e1164: 0x00000818
0x0e1168: 0x00000818
0x0e116c: 0x00000818
0x0e1170: 0x00000818
0x0e1200: 0x00000900
0x0e1204: 0x00000900
0x0e1208: 0x52744600
0x0e120c: 0x52744600
0x0e1300: 0x60000018
0x0e1304: 0x60000018
0x0e1308: 0x60000018
0x0e130c: 0x60000018
0x0e1310: 0x60000018
0x0e1314: 0x60000018
0x0e1318: 0x60000018
0x0e131c: 0x60000018
0x0e1320: 0x60000018
0x0e1324: 0x60000018
0x0e1328: 0x60000018
0x0e132c: 0x60000018
0x0e1330: 0x60000018
0x0e1334: 0x60000018
0x0e1338: 0x60000018
0x0e133c: 0x60000018
0x0e1340: 0x60000018
0x0e1344: 0x60000018
0x0e1348: 0x60000018
0x0e134c: 0x60000018
0x0e1350: 0x60000018
0x0e1354: 0x60000018
0x0e1358: 0x60000018
0x0e135c: 0x60000018
0x0e1360: 0x60000018
0x0e1364: 0x60000018
0x0e1368: 0x60000018
0x0e136c: 0x60000018
0x0e1370: 0x60000018
0x0e1374: 0x60000018
0x0e1378: 0x60000018
0x0e137c: 0x60000018
0x0e1380: 0x60000018
0x0e1384: 0x60000018
0x0e1388: 0x60000018
0x0e138c: 0x60000018
0x0e1390: 0x60000018
0x0e1394: 0x60000018
0x0e1398: 0x60000018
0x0e139c: 0x60000018
0x0e13a0: 0x60000018
0x0e13a4: 0x60000018
0x0e13a8: 0x60000018
0x0e13ac: 0x60000018
0x0e13b0: 0x60000018
0x0e13b4: 0x60000018
0x0e13b8: 0x60000018
0x0e13bc: 0x60000018
0x0e13c0: 0x60000018
0x0e13c4: 0x60000018
0x0e13c8: 0x60000018
0x0e13cc: 0x60000018
0x0e13d0: 0x60000018
0x0e13d4: 0x60000018
0x0e13d8: 0x60000018
0x0e13dc: 0x60000018
0x0e13e0: 0x60000018
0x0e13e4: 0x60000018
0x0e13e8: 0x60000018
0x0e13ec: 0x60000018
0x0e13f0: 0x60000018
0x0e13f4: 0x60000018
0x0e13f8: 0x60000018
0x0e13fc: 0x60000018
0x0e1400: 0x60000018
0x0e1404: 0x60000018
0x0e1408: 0x60000018
0x0e140c: 0x60000018
0x0e1410: 0x60000018
0x0e1414: 0x60000018
0x0e1418: 0x60000018
0x0e141c: 0x60000018
0x0e1420: 0x60000018
0x0e1424: 0x60000018
0x0e1428: 0x60000018
0x0e142c: 0x60000018
0x0e1430: 0x60000018
0x0e1434: 0x60000018
0x0e1438: 0x60000018
0x0e143c: 0x60000018
0x0e1440: 0x60000018
0x0e1444: 0x60000018
0x0e1448: 0x60000018
0x0e144c: 0x60000018
0x0e1450: 0x60000018
0x0e1454: 0x60000018
0x0e1458: 0x60000018
0x0e145c: 0x60000018
0x0e1460: 0x60000018
0x0e1464: 0x60000018
0x0e1468: 0x60000018
0x0e146c: 0x60000018
0x0e1470: 0x60000018
0x0e1474: 0x60000018
0x0e1478: 0x60000018
0x0e147c: 0x60000018
0x0e1480: 0x60000018
0x0e1484: 0x60000018
0x0e1488: 0x60000018
0x0e148c: 0x60000018
0x0e1490: 0x60000018
0x0e1494: 0x60000018
0x0e1498: 0x60000018
0x0e149c: 0x60000018
0x0e14a0: 0x60000018
0x0e14a4: 0x60000018
0x0e14a8: 0x60000018
0x0e14ac: 0x60000018
0x0e14b0: 0x60000018
0x0e14b4: 0x60000018
0x0e14b8: 0x60000018
0x0e14bc: 0x60000018
0x0e14c0: 0x60000018
0x0e14c4: 0x60000018
0x0e14c8: 0x60000018
0x0e14cc: 0x60000018
0x0e14d0: 0x60000018
0x0e14d4: 0x60000018
0x0e14d8: 0x60000018
0x0e14dc: 0x60000018
0x0e14e0: 0x60000018
0x0e14e4: 0x60000018
0x0e14e8: 0x60000018
0x0e14ec: 0x60000018
0x0e14f0: 0x60000018
0x0e14f4: 0x60000018
0x0e14f8: 0x60000018
0x0e14fc: 0x60000018
0x0e1500: 0x60000018
0x0e1504: 0x60000018
0x0e1508: 0x60000018
0x0e150c: 0x60000018
0x0e1510: 0x60000018
0x0e1514: 0x60000018
0x0e1518: 0x60000018
0x0e151c: 0x60000018
0x0e1520: 0x60000018
0x0e1524: 0x60000018
0x0e1528: 0x60000018
0x0e152c: 0x60000018
0x0e1530: 0x60000018
0x0e1534: 0x60000018
0x0e1538: 0x60000018
0x0e153c: 0x60000018
0x0e1540: 0x60000018
0x0e1544: 0x60000018
0x0e1548: 0x60000018
0x0e154c: 0x60000018
0x0e1550: 0x60000018
0x0e1554: 0x60000018
0x0e1558: 0x60000018
0x0e155c: 0x60000018
0x0e1560: 0x60000018
0x0e1564: 0x60000018
0x0e1568: 0x60000018
0x0e156c: 0x60000018
0x0e1570: 0x60000018
0x0e1574: 0x60000018
0x0e1578: 0x60000018
0x0e157c: 0x60000018
0x0e1580: 0x60000018
0x0e1584: 0x60000018
0x0e1588: 0x60000018
0x0e158c: 0x60000018
0x0e1590: 0x60000018
0x0e1594: 0x60000018
0x0e1598: 0x60000018
0x0e159c: 0x60000018
0x0e15a0: 0x60000018
0x0e15a4: 0x60000018
0x0e15a8: 0x60000018
0x0e15ac: 0x60000018
0x0e15b0: 0x60000018
0x0e15b4: 0x60000018
0x0e15b8: 0x60000018
0x0e15bc: 0x60000018
0x0e15c0: 0x60000018
0x0e15c4: 0x60000018
0x0e15c8: 0x60000018
0x0e15cc: 0x60000018
0x0e15d0: 0x60000018
0x0e15d4: 0x60000018
0x0e15d8: 0x60000018
0x0e15dc: 0x60000018
0x0e15e0: 0x60000018
0x0e15e4: 0x60000018
0x0e15e8: 0x60000018
0x0e15ec: 0x60000018
0x0e15f0: 0x60000018
0x0e15f4: 0x60000018
0x0e15f8: 0x60000018
0x0e15fc: 0x60000018
0x0e1600: 0x60000018
0x0e1604: 0x60000018
0x0e1608: 0x60000018
0x0e160c: 0x60000018
0x0e1610: 0x60000018
0x0e1614: 0x60000018
0x0e1618: 0x60000018
0x0e161c: 0x60000018
0x0e1620: 0x60000018
0x0e1624: 0x60000018
0x0e1628: 0x60000018
0x0e162c: 0x60000018
0x0e1630: 0x60000018
0x0e1634: 0x60000018
0x0e1638: 0x60000018
0x0e163c: 0x60000018
0x0e1640: 0x60000018
0x0e1644: 0x60000018
0x0e1648: 0x60000018
0x0e164c: 0x60000018
0x0e1650: 0x60000018
0x0e1654: 0x60000018
0x0e1658: 0x60000018
0x0e165c: 0x60000018
0x0e1660: 0x60000018
0x0e1664: 0x60000018
0x0e1668: 0x60000018
0x0e166c: 0x60000018
0x0e1670: 0x60000018
0x0e1674: 0x60000018
0x0e1678: 0x60000018
0x0e167c: 0x60000018
0x0e1680: 0x60000018
0x0e1684: 0x60000018
0x0e1688: 0x60000018
0x0e168c: 0x60000018
0x0e1690: 0x60000018
0x0e1694: 0x60000018
0x0e1698: 0x60000018
0x0e169c: 0x60000018
0x0e16a0: 0x60000018
0x0e16a4: 0x60000018
0x0e16a8: 0x60000018
0x0e16ac: 0x60000018
0x0e16b0: 0x60000018
0x0e16b4: 0x60000018
0x0e16b8: 0x60000018
0x0e16bc: 0x60000018
0x0e16c0: 0x60000018
0x0e16c4: 0x60000018
0x0e16c8: 0x60000018
0x0e16cc: 0x60000018
0x0e16d0: 0x60000018
0x0e16d4: 0x60000018
0x0e16d8: 0x60000018
0x0e16dc: 0x60000018
0x0e16e0: 0x60000018
0x0e16e4: 0x60000018
0x0e16e8: 0x60000018
0x0e16ec: 0x60000018
0x0e16f0: 0x60000018
0x0e16f4: 0x60000018
0x0e16f8: 0x60000018
0x0e16fc: 0x60000018
0x0e1700: 0x60000018
0x0e1704: 0x60000018
0x0e1708: 0x60000018
0x0e170c: 0x60000018
0x0e1710: 0x60000018
0x0e1714: 0x60000018
0x0e1718: 0x60000018
0x0e171c: 0x60000018
0x0e1720: 0x60000018
0x0e1724: 0x60000018
0x0e1728: 0x60000018
0x0e172c: 0x60000018
0x0e1730: 0x60000018
0x0e1734: 0x60000018
0x0e1738: 0x60000018
0x0e173c: 0x60000018
0x0e1740: 0x60000018
0x0e1744: 0x60000018
0x0e1748: 0x60000018
0x0e174c: 0x60000018
0x0e1750: 0x60000018
0x0e1754: 0x60000018
0x0e1758: 0x60000018
0x0e175c: 0x60000018
0x0e1760: 0x60000018
0x0e1764: 0x60000018
0x0e1768: 0x60000018
0x0e176c: 0x60000018
0x0e1770: 0x60000018
0x0e1774: 0x60000018
0x0e1778: 0x60000018
0x0e177c: 0x60000018
0x0e1780: 0x60000018
0x0e1784: 0x60000018
0x0e1788: 0x60000018
0x0e178c: 0x60000018
0x0e1790: 0x60000018
0x0e1794: 0x60000018
0x0e1798: 0x60000018
0x0e179c: 0x60000018
0x0e17a0: 0x60000018
0x0e17a4: 0x60000018
0x0e17a8: 0x60000018
0x0e17ac: 0x60000018
0x0e17b0: 0x60000018
0x0e17b4: 0x60000018
0x0e17b8: 0x60000018
0x0e17bc: 0x60000018
0x0e17c0: 0x60000018
0x0e17c4: 0x60000018
0x0e17c8: 0x60000018
0x0e17cc: 0x60000018
0x0e17d0: 0x60000018
0x0e17d4: 0x60000018
0x0e17d8: 0x60000018
0x0e17dc: 0x60000018
0x0e17e0: 0x60000018
0x0e17e4: 0x60000018
0x0e17e8: 0x60000018
0x0e17ec: 0x60000018
0x0e17f0: 0x60000018
0x0e17f4: 0x60000018
0x0e17f8: 0x60000018
0x0e17fc: 0x60000018
0x0e1800: 0x60000018
0x0e1804: 0x60000018
0x0e1808: 0x60000018
0x0e180c: 0x60000018
0x0e1810: 0x60000018
0x0e1814: 0x60000018
0x0e1818: 0x60000018
0x0e181c: 0x60000018
0x0e1820: 0x60000018
0x0e1824: 0x60000018
0x0e1828: 0x60000018
0x0e182c: 0x60000018
0x0e1830: 0x60000018
0x0e1834: 0x60000018
0x0e1838: 0x60000018
0x0e183c: 0x60000018
0x0e1840: 0x60000018
0x0e1844: 0x60000018
0x0e1848: 0x60000018
0x0e184c: 0x60000018
0x0e1850: 0x60000018
0x0e1854: 0x60000018
0x0e1858: 0x60000018
0x0e185c: 0x60000018
0x0e1860: 0x60000018
0x0e1864: 0x60000018
0x0e1868: 0x60000018
0x0e186c: 0x60000018
0x0e1870: 0x60000018
0x0e1874: 0x60000018
0x0e1878: 0x60000018
0x0e187c: 0x60000018
0x0e1880: 0x60000018
0x0e1884: 0x60000018
0x0e1888: 0x60000018
0x0e188c: 0x60000018
0x0e1890: 0x60000018
0x0e1894: 0x60000018
0x0e1898: 0x60000018
0x0e189c: 0x60000018
0x0e18a0: 0x60000018
0x0e18a4: 0x60000018
0x0e18a8: 0x60000018
0x0e18ac: 0x60000018
0x0e18b0: 0x60000018
0x0e18b4: 0x60000018
0x0e18b8: 0x60000018
0x0e18bc: 0x60000018
0x0e18c0: 0x60000018
0x0e18c4: 0x60000018
0x0e18c8: 0x60000018
0x0e18cc: 0x60000018
0x0e18d0: 0x60000018
0x0e18d4: 0x60000018
0x0e18d8: 0x60000018
0x0e18dc: 0x60000018
0x0e18e0: 0x60000018
0x0e18e4: 0x60000018
0x0e18e8: 0x60000018
0x0e18ec: 0x60000018
0x0e18f0: 0x60000018
0x0e18f4: 0x60000018
0x0e18f8: 0x60000018
0x0e18fc: 0x60000018
0x0e1900: 0x60000018
0x0e1904: 0x60000018
0x0e1908: 0x60000018
0x0e190c: 0x60000018
0x0e1910: 0x60000018
0x0e1914: 0x60000018
0x0e1918: 0x60000018
0x0e191c: 0x60000018
0x0e1920: 0x60000018
0x0e1924: 0x60000018
0x0e1928: 0x60000018
0x0e192c: 0x60000018
0x0e1930: 0x60000018
0x0e1934: 0x60000018
0x0e1938: 0x60000018
0x0e193c: 0x60000018
0x0e1940: 0x60000018
0x0e1944: 0x60000018
0x0e1948: 0x60000018
0x0e194c: 0x60000018
0x0e1950: 0x60000018
0x0e1954: 0x60000018
0x0e1958: 0x60000018
0x0e195c: 0x60000018
0x0e1960: 0x60000018
0x0e1964: 0x60000018
0x0e1968: 0x60000018
0x0e196c: 0x60000018
0x0e1970: 0x60000018
0x0e1974: 0x60000018
0x0e1978: 0x60000018
0x0e197c: 0x60000018
0x0e1980: 0x60000018
0x0e1984: 0x60000018
0x0e1988: 0x60000018
0x0e198c: 0x60000018
0x0e1990: 0x60000018
0x0e1994: 0x60000018
0x0e1998: 0x60000018
0x0e199c: 0x60000018
0x0e19a0: 0x60000018
0x0e19a4: 0x60000018
0x0e19a8: 0x60000018
0x0e19ac: 0x60000018
0x0e19b0: 0x60000018
0x0e19b4: 0x60000018
0x0e19b8: 0x60000018
0x0e19bc: 0x60000018
0x0e19c0: 0x60000018
0x0e19c4: 0x60000018
0x0e19c8: 0x60000018
0x0e19cc: 0x60000018
0x0e19d0: 0x60000018
0x0e19d4: 0x60000018
0x0e19d8: 0x60000018
0x0e19dc: 0x60000018
0x0e19e0: 0x60000018
0x0e19e4: 0x60000018
0x0e19e8: 0x60000018
0x0e19ec: 0x60000018
0x0e19f0: 0x60000018
0x0e19f4: 0x60000018
0x0e19f8: 0x60000018
0x0e19fc: 0x60000018
0x0e1a00: 0x60000018
0x0e1a04: 0x60000018
0x0e1a08: 0x60000018
0x0e1a0c: 0x60000018
0x0e1a10: 0x60000018
0x0e1a14: 0x60000018
0x0e1a18: 0x60000018
0x0e1a1c: 0x60000018
0x0e1a20: 0x60000018
0x0e1a24: 0x60000018
0x0e1a28: 0x60000018
0x0e1a2c: 0x60000018
0x0e1a30: 0x60000018
0x0e1a34: 0x60000018
0x0e1a38: 0x60000018
0x0e1a3c: 0x60000018
0x0e1a40: 0x60000018
0x0e1a44: 0x60000018
0x0e1a48: 0x60000018
0x0e1a4c: 0x60000018
0x0e1a50: 0x60000018
0x0e1a54: 0x60000018
0x0e1a58: 0x60000018
0x0e1a5c: 0x60000018
0x0e1a60: 0x60000018
0x0e1a64: 0x60000018
0x0e1a68: 0x60000018
0x0e1a6c: 0x60000018
0x0e1a70: 0x60000018
0x0e1a74: 0x60000018
0x0e1a78: 0x60000018
0x0e1a7c: 0x60000018
0x0e1a80: 0x60000018
0x0e1a84: 0x60000018
0x0e1a88: 0x60000018
0x0e1a8c: 0x60000018
0x0e1a90: 0x60000018
0x0e1a94: 0x60000018
0x0e1a98: 0x60000018
0x0e1a9c: 0x60000018
0x0e1aa0: 0x60000018
0x0e1aa4: 0x60000018
0x0e1aa8: 0x60000018
0x0e1aac: 0x60000018
0x0e1ab0: 0x60000018
0x0e1ab4: 0x60000018
0x0e1ab8: 0x60000018
0x0e1abc: 0x60000018
0x0e1ac0: 0x60000018
0x0e1ac4: 0x60000018
0x0e1ac8: 0x60000018
0x0e1acc: 0x60000018
0x0e1ad0: 0x60000018
0x0e1ad4: 0x60000018
0x0e1ad8: 0x60000018
0x0e1adc: 0x60000018
0x0e1ae0: 0x60000018
0x0e1ae4: 0x60000018
0x0e1ae8: 0x60000018
0x0e1aec: 0x60000018
0x0e1af0: 0x60000018
0x0e1af4: 0x60000018
0x0e1af8: 0x60000018
0x0e1afc: 0x60000018
0x0e1b00: 0x60000018
0x0e1b04: 0x60000018
0x0e1b08: 0x60000018
0x0e1b0c: 0x60000018
0x0e1b10: 0x60000018
0x0e1b14: 0x60000018
0x0e1b18: 0x60000018
0x0e1b1c: 0x60000018
0x0e1b20: 0x60000018
0x0e1b24: 0x60000018
0x0e1b28: 0x60000018
0x0e1b2c: 0x60000018
0x0e1b30: 0x60000018
0x0e1b34: 0x60000018
0x0e1b38: 0x60000018
0x0e1b3c: 0x60000018
0x0e1b40: 0x60000018
0x0e1b44: 0x60000018
0x0e1b48: 0x60000018
0x0e1b4c: 0x60000018
0x0e1b50: 0x60000018
0x0e1b54: 0x60000018
0x0e1b58: 0x60000018
0x0e1b5c: 0x60000018
0x0e1b60: 0x60000018
0x0e1b64: 0x60000018
0x0e1b68: 0x60000018
0x0e1b6c: 0x60000018
0x0e1b70: 0x60000018
0x0e1b74: 0x60000018
0x0e1b78: 0x60000018
0x0e1b7c: 0x60000018
0x0e1b80: 0x60000018
0x0e1b84: 0x60000018
0x0e1b88: 0x60000018
0x0e1b8c: 0x60000018
0x0e1b90: 0x60000018
0x0e1b94: 0x60000018
0x0e1b98: 0x60000018
0x0e1b9c: 0x60000018
0x0e1ba0: 0x60000018
0x0e1ba4: 0x60000018
0x0e1ba8: 0x60000018
0x0e1bac: 0x60000018
0x0e1bb0: 0x60000018
0x0e1bb4: 0x60000018
0x0e1bb8: 0x60000018
0x0e1bbc: 0x60000018
0x0e1bc0: 0x60000018
0x0e1bc4: 0x60000018
0x0e1bc8: 0x60000018
0x0e1bcc: 0x60000018
0x0e1bd0: 0x60000018
0x0e1bd4: 0x60000018
0x0e1bd8: 0x60000018
0x0e1bdc: 0x60000018
0x0e1be0: 0x60000018
0x0e1be4: 0x60000018
0x0e1be8: 0x60000018
0x0e1bec: 0x60000018
0x0e1bf0: 0x60000018
0x0e1bf4: 0x60000018
0x0e1bf8: 0x60000018
0x0e1bfc: 0x60000018
0x0e1c00: 0x60000018
0x0e1c04: 0x60000018
0x0e1c08: 0x60000018
0x0e1c0c: 0x60000018
0x0e1c10: 0x60000018
0x0e1c14: 0x60000018
0x0e1c18: 0x60000018
0x0e1c1c: 0x60000018
0x0e1c20: 0x60000018
0x0e1c24: 0x60000018
0x0e1c28: 0x60000018
0x0e1c2c: 0x60000018
0x0e1c30: 0x60000018
0x0e1c34: 0x60000018
0x0e1c38: 0x60000018
0x0e1c3c: 0x60000018
0x0e1c40: 0x60000018
0x0e1c44: 0x60000018
0x0e1c48: 0x60000018
0x0e1c4c: 0x60000018
0x0e1c50: 0x60000018
0x0e1c54: 0x60000018
0x0e1c58: 0x60000018
0x0e1c5c: 0x60000018
0x0e1c60: 0x60000018
0x0e1c64: 0x60000018
0x0e1c68: 0x60000018
0x0e1c6c: 0x60000018
0x0e1c70: 0x60000018
0x0e1c74: 0x60000018
0x0e1c78: 0x60000018
0x0e1c7c: 0x60000018
0x0e1c80: 0x60000018
0x0e1c84: 0x60000018
0x0e1c88: 0x60000018
0x0e1c8c: 0x60000018
0x0e1c90: 0x60000018
0x0e1c94: 0x60000018
0x0e1c98: 0x60000018
0x0e1c9c: 0x60000018
0x0e1ca0: 0x60000018
0x0e1ca4: 0x60000018
0x0e1ca8: 0x60000018
0x0e1cac: 0x60000018
0x0e1cb0: 0x60000018
0x0e1cb4: 0x60000018
0x0e1cb8: 0x60000018
0x0e1cbc: 0x60000018
0x0e1cc0: 0x60000018
0x0e1cc4: 0x60000018
0x0e1cc8: 0x60000018
0x0e1ccc: 0x60000018
0x0e1cd0: 0x60000018
0x0e1cd4: 0x60000018
0x0e1cd8: 0x60000018
0x0e1cdc: 0x60000018
0x0e1ce0: 0x60000018
0x0e1ce4: 0x60000018
0x0e1ce8: 0x60000018
0x0e1cec: 0x60000018
0x0e1cf0: 0x60000018
0x0e1cf4: 0x60000018
0x0e1cf8: 0x60000018
0x0e1cfc: 0x60000018
0x0e1d00: 0x60000018
0x0e1d04: 0x60000018
0x0e1d08: 0x60000018
0x0e1d0c: 0x60000018
0x0e1d10: 0x60000018
0x0e1d14: 0x60000018
0x0e1d18: 0x60000018
0x0e1d1c: 0x60000018
0x0e1d20: 0x60000018
0x0e1d24: 0x60000018
0x0e1d28: 0x60000018
0x0e1d2c: 0x60000018
0x0e1d30: 0x60000018
0x0e1d34: 0x60000018
0x0e1d38: 0x60000018
0x0e1d3c: 0x60000018
0x0e1d40: 0x60000018
0x0e1d44: 0x60000018
0x0e1d48: 0x60000018
0x0e1d4c: 0x60000018
0x0e1d50: 0x60000018
0x0e1d54: 0x60000018
0x0e1d58: 0x60000018
0x0e1d5c: 0x60000018
0x0e1d60: 0x60000018
0x0e1d64: 0x60000018
0x0e1d68: 0x60000018
0x0e1d6c: 0x60000018
0x0e1d70: 0x60000018
0x0e1d74: 0x60000018
0x0e1d78: 0x60000018
0x0e1d7c: 0x60000018
0x0e1d80: 0x60000018
0x0e1d84: 0x60000018
0x0e1d88: 0x60000018
0x0e1d8c: 0x60000018
0x0e1d90: 0x60000018
0x0e1d94: 0x60000018
0x0e1d98: 0x60000018
0x0e1d9c: 0x60000018
0x0e1da0: 0x60000018
0x0e1da4: 0x60000018
0x0e1da8: 0x60000018
0x0e1dac: 0x60000018
0x0e1db0: 0x60000018
0x0e1db4: 0x60000018
0x0e1db8: 0x60000018
0x0e1dbc: 0x60000018
0x0e1dc0: 0x60000018
0x0e1dc4: 0x60000018
0x0e1dc8: 0x60000018
0x0e1dcc: 0x60000018
0x0e1dd0: 0x60000018
0x0e1dd4: 0x60000018
0x0e1dd8: 0x60000018
0x0e1ddc: 0x60000018
0x0e1de0: 0x60000018
0x0e1de4: 0x60000018
0x0e1de8: 0x60000018
0x0e1dec: 0x60000018
0x0e1df0: 0x60000018
0x0e1df4: 0x60000018
0x0e1df8: 0x60000018
0x0e1dfc: 0x60000018
0x0e1e00: 0x60000018
0x0e1e04: 0x60000018
0x0e1e08: 0x60000018
0x0e1e0c: 0x60000018
0x0e1e10: 0x60000018
0x0e1e14: 0x60000018
0x0e1e18: 0x60000018
0x0e1e1c: 0x60000018
0x0e1e20: 0x60000018
0x0e1e24: 0x60000018
0x0e1e28: 0x60000018
0x0e1e2c: 0x60000018
0x0e1e30: 0x60000018
0x0e1e34: 0x60000018
0x0e1e38: 0x60000018
0x0e1e3c: 0x60000018
0x0e1e40: 0x60000018
0x0e1e44: 0x60000018
0x0e1e48: 0x60000018
0x0e1e4c: 0x60000018
0x0e1e50: 0x60000018
0x0e1e54: 0x60000018
0x0e1e58: 0x60000018
0x0e1e5c: 0x60000018
0x0e1e60: 0x60000018
0x0e1e64: 0x60000018
0x0e1e68: 0x60000018
0x0e1e6c: 0x60000018
0x0e1e70: 0x60000018
0x0e1e74: 0x60000018
0x0e1e78: 0x60000018
0x0e1e7c: 0x60000018
0x0e1e80: 0x60000018
0x0e1e84: 0x60000018
0x0e1e88: 0x60000018
0x0e1e8c: 0x60000018
0x0e1e90: 0x60000018
0x0e1e94: 0x60000018
0x0e1e98: 0x60000018
0x0e1e9c: 0x60000018
0x0e1ea0: 0x60000018
0x0e1ea4: 0x60000018
0x0e1ea8: 0x60000018
0x0e1eac: 0x60000018
0x0e1eb0: 0x60000018
0x0e1eb4: 0x60000018
0x0e1eb8: 0x60000018
0x0e1ebc: 0x60000018
0x0e1ec0: 0x60000018
0x0e1ec4: 0x60000018
0x0e1ec8: 0x60000018
0x0e1ecc: 0x60000018
0x0e1ed0: 0x60000018
0x0e1ed4: 0x60000018
0x0e1ed8: 0x60000018
0x0e1edc: 0x60000018
0x0e1ee0: 0x60000018
0x0e1ee4: 0x60000018
0x0e1ee8: 0x60000018
0x0e1eec: 0x60000018
0x0e1ef0: 0x60000018
0x0e1ef4: 0x60000018
0x0e1ef8: 0x60000018
0x0e1efc: 0x60000018
0x0e1f00: 0x60000018
0x0e1f04: 0x60000018
0x0e1f08: 0x60000018
0x0e1f0c: 0x60000018
0x0e1f10: 0x60000018
0x0e1f14: 0x60000018
0x0e1f18: 0x60000018
0x0e1f1c: 0x60000018
0x0e1f20: 0x60000018
0x0e1f24: 0x60000018
0x0e1f28: 0x60000018
0x0e1f2c: 0x60000018
0x0e1f30: 0x60000018
0x0e1f34: 0x60000018
0x0e1f38: 0x60000018
0x0e1f3c: 0x60000018
0x0e1f40: 0x60000018
0x0e1f44: 0x60000018
0x0e1f48: 0x60000018
0x0e1f4c: 0x60000018
0x0e1f50: 0x60000018
0x0e1f54: 0x60000018
0x0e1f58: 0x60000018
0x0e1f5c: 0x60000018
0x0e1f60: 0x60000018
0x0e1f64: 0x60000018
0x0e1f68: 0x60000018
0x0e1f6c: 0x60000018
0x0e1f70: 0x60000018
0x0e1f74: 0x60000018
0x0e1f78: 0x60000018
0x0e1f7c: 0x60000018
0x0e1f80: 0x60000018
0x0e1f84: 0x60000018
0x0e1f88: 0x60000018
0x0e1f8c: 0x60000018
0x0e1f90: 0x60000018
0x0e1f94: 0x60000018
0x0e1f98: 0x60000018
0x0e1f9c: 0x60000018
0x0e1fa0: 0x60000018
0x0e1fa4: 0x60000018
0x0e1fa8: 0x60000018
0x0e1fac: 0x60000018
0x0e1fb0: 0x60000018
0x0e1fb4: 0x60000018
0x0e1fb8: 0x60000018
0x0e1fbc: 0x60000018
0x0e1fc0: 0x60000018
0x0e1fc4: 0x60000018
0x0e1fc8: 0x60000018
0x0e1fcc: 0x60000018
0x0e1fd0: 0x60000018
0x0e1fd4: 0x60000018
0x0e1fd8: 0x60000018
0x0e1fdc: 0x60000018
0x0e1fe0: 0x60000018
0x0e1fe4: 0x60000018
0x0e1fe8: 0x60000018
0x0e1fec: 0x60000018
0x0e1ff0: 0x60000018
0x0e1ff4: 0x60000018
0x0e1ff8: 0x60000018
0x0e1ffc: 0x60000018
0x0e2200: 0x00000900
0x0e2204: 0x00000900
0x0e2208: 0x4348301e
0x0e220c: 0x4348301e
0x0e2300: 0x60000018
0x0e2304: 0x60000018
0x0e2308: 0x60000018
0x0e230c: 0x60000018
0x0e2310: 0x60000018
0x0e2314: 0x60000018
0x0e2318: 0x60000018
0x0e231c: 0x60000018
0x0e2320: 0x60000018
0x0e2324: 0x60000018
0x0e2328: 0x60000018
0x0e232c: 0x60000018
0x0e2330: 0x60000018
0x0e2334: 0x60000018
0x0e2338: 0x60000018
0x0e233c: 0x60000018
0x0e2340: 0x60000018
0x0e2344: 0x60000018
0x0e2348: 0x60000018
0x0e234c: 0x60000018
0x0e2350: 0x60000018
0x0e2354: 0x60000018
0x0e2358: 0x60000018
0x0e235c: 0x60000018
0x0e2360: 0x60000018
0x0e2364: 0x60000018
0x0e2368: 0x60000018
0x0e236c: 0x60000018
0x0e2370: 0x60000018
0x0e2374: 0x60000018
0x0e2378: 0x60000018
0x0e237c: 0x60000018
0x0e2380: 0x60000018
0x0e2384: 0x60000018
0x0e2388: 0x60000018
0x0e238c: 0x60000018
0x0e2390: 0x60000018
0x0e2394: 0x60000018
0x0e2398: 0x60000018
0x0e239c: 0x60000018
0x0e23a0: 0x60000018
0x0e23a4: 0x60000018
0x0e23a8: 0x60000018
0x0e23ac: 0x60000018
0x0e23b0: 0x60000018
0x0e23b4: 0x60000018
0x0e23b8: 0x60000018
0x0e23bc: 0x60000018
0x0e23c0: 0x60000018
0x0e23c4: 0x60000018
0x0e23c8: 0x60000018
0x0e23cc: 0x60000018
0x0e23d0: 0x60000018
0x0e23d4: 0x60000018
0x0e23d8: 0x60000018
0x0e23dc: 0x60000018
0x0e23e0: 0x60000018
0x0e23e4: 0x60000018
0x0e23e8: 0x60000018
0x0e23ec: 0x60000018
0x0e23f0: 0x60000018
0x0e23f4: 0x60000018
0x0e23f8: 0x60000018
0x0e23fc: 0x60000018
0x0e2400: 0x60000018
0x0e2404: 0x60000018
0x0e2408: 0x60000018
0x0e240c: 0x60000018
0x0e2410: 0x60000018
0x0e2414: 0x60000018
0x0e2418: 0x60000018
0x0e241c: 0x60000018
0x0e2420: 0x60000018
0x0e2424: 0x60000018
0x0e2428: 0x60000018
0x0e242c: 0x60000018
0x0e2430: 0x60000018
0x0e2434: 0x60000018
0x0e2438: 0x60000018
0x0e243c: 0x60000018
0x0e2440: 0x60000018
0x0e2444: 0x60000018
0x0e2448: 0x60000018
0x0e244c: 0x60000018
0x0e2450: 0x60000018
0x0e2454: 0x60000018
0x0e2458: 0x60000018
0x0e245c: 0x60000018
0x0e2460: 0x60000018
0x0e2464: 0x60000018
0x0e2468: 0x60000018
0x0e246c: 0x60000018
0x0e2470: 0x60000018
0x0e2474: 0x60000018
0x0e2478: 0x60000018
0x0e247c: 0x60000018
0x0e2480: 0x60000018
0x0e2484: 0x60000018
0x0e2488: 0x60000018
0x0e248c: 0x60000018
0x0e2490: 0x60000018
0x0e2494: 0x60000018
0x0e2498: 0x60000018
0x0e249c: 0x60000018
0x0e24a0: 0x60000018
0x0e24a4: 0x60000018
0x0e24a8: 0x60000018
0x0e24ac: 0x60000018
0x0e24b0: 0x60000018
0x0e24b4: 0x60000018
0x0e24b8: 0x60000018
0x0e24bc: 0x60000018
0x0e24c0: 0x60000018
0x0e24c4: 0x60000018
0x0e24c8: 0x60000018
0x0e24cc: 0x60000018
0x0e24d0: 0x60000018
0x0e24d4: 0x60000018
0x0e24d8: 0x60000018
0x0e24dc: 0x60000018
0x0e24e0: 0x60000018
0x0e24e4: 0x60000018
0x0e24e8: 0x60000018
0x0e24ec: 0x60000018
0x0e24f0: 0x60000018
0x0e24f4: 0x60000018
0x0e24f8: 0x60000018
0x0e24fc: 0x60000018
0x0e2500: 0x60000018
0x0e2504: 0x60000018
0x0e2508: 0x60000018
0x0e250c: 0x60000018
0x0e2510: 0x60000018
0x0e2514: 0x60000018
0x0e2518: 0x60000018
0x0e251c: 0x60000018
0x0e2520: 0x60000018
0x0e2524: 0x60000018
0x0e2528: 0x60000018
0x0e252c: 0x60000018
0x0e2530: 0x60000018
0x0e2534: 0x60000018
0x0e2538: 0x60000018
0x0e253c: 0x60000018
0x0e2540: 0x60000018
0x0e2544: 0x60000018
0x0e2548: 0x60000018
0x0e254c: 0x60000018
0x0e2550: 0x60000018
0x0e2554: 0x60000018
0x0e2558: 0x60000018
0x0e255c: 0x60000018
0x0e2560: 0x60000018
0x0e2564: 0x60000018
0x0e2568: 0x60000018
0x0e256c: 0x60000018
0x0e2570: 0x60000018
0x0e2574: 0x60000018
0x0e2578: 0x60000018
0x0e257c: 0x60000018
0x0e2580: 0x60000018
0x0e2584: 0x60000018
0x0e2588: 0x60000018
0x0e258c: 0x60000018
0x0e2590: 0x60000018
0x0e2594: 0x60000018
0x0e2598: 0x60000018
0x0e259c: 0x60000018
0x0e25a0: 0x60000018
0x0e25a4: 0x60000018
0x0e25a8: 0x60000018
0x0e25ac: 0x60000018
0x0e25b0: 0x60000018
0x0e25b4: 0x60000018
0x0e25b8: 0x60000018
0x0e25bc: 0x60000018
0x0e25c0: 0x60000018
0x0e25c4: 0x60000018
0x0e25c8: 0x60000018
0x0e25cc: 0x60000018
0x0e25d0: 0x60000018
0x0e25d4: 0x60000018
0x0e25d8: 0x60000018
0x0e25dc: 0x60000018
0x0e25e0: 0x60000018
0x0e25e4: 0x60000018
0x0e25e8: 0x60000018
0x0e25ec: 0x60000018
0x0e25f0: 0x60000018
0x0e25f4: 0x60000018
0x0e25f8: 0x60000018
0x0e25fc: 0x60000018
0x0e2600: 0x60000018
0x0e2604: 0x60000018
0x0e2608: 0x60000018
0x0e260c: 0x60000018
0x0e2610: 0x60000018
0x0e2614: 0x60000018
0x0e2618: 0x60000018
0x0e261c: 0x60000018
0x0e2620: 0x60000018
0x0e2624: 0x60000018
0x0e2628: 0x60000018
0x0e262c: 0x60000018
0x0e2630: 0x60000018
0x0e2634: 0x60000018
0x0e2638: 0x60000018
0x0e263c: 0x60000018
0x0e2640: 0x60000018
0x0e2644: 0x60000018
0x0e2648: 0x60000018
0x0e264c: 0x60000018
0x0e2650: 0x60000018
0x0e2654: 0x60000018
0x0e2658: 0x60000018
0x0e265c: 0x60000018
0x0e2660: 0x60000018
0x0e2664: 0x60000018
0x0e2668: 0x60000018
0x0e266c: 0x60000018
0x0e2670: 0x60000018
0x0e2674: 0x60000018
0x0e2678: 0x60000018
0x0e267c: 0x60000018
0x0e2680: 0x60000018
0x0e2684: 0x60000018
0x0e2688: 0x60000018
0x0e268c: 0x60000018
0x0e2690: 0x60000018
0x0e2694: 0x60000018
0x0e2698: 0x60000018
0x0e269c: 0x60000018
0x0e26a0: 0x60000018
0x0e26a4: 0x60000018
0x0e26a8: 0x60000018
0x0e26ac: 0x60000018
0x0e26b0: 0x60000018
0x0e26b4: 0x60000018
0x0e26b8: 0x60000018
0x0e26bc: 0x60000018
0x0e26c0: 0x60000018
0x0e26c4: 0x60000018
0x0e26c8: 0x60000018
0x0e26cc: 0x60000018
0x0e26d0: 0x60000018
0x0e26d4: 0x60000018
0x0e26d8: 0x60000018
0x0e26dc: 0x60000018
0x0e26e0: 0x60000018
0x0e26e4: 0x60000018
0x0e26e8: 0x60000018
0x0e26ec: 0x60000018
0x0e26f0: 0x60000018
0x0e26f4: 0x60000018
0x0e26f8: 0x60000018
0x0e26fc: 0x60000018
0x0e2700: 0x60000018
0x0e2704: 0x60000018
0x0e2708: 0x60000018
0x0e270c: 0x60000018
0x0e2710: 0x60000018
0x0e2714: 0x60000018
0x0e2718: 0x60000018
0x0e271c: 0x60000018
0x0e2720: 0x60000018
0x0e2724: 0x60000018
0x0e2728: 0x60000018
0x0e272c: 0x60000018
0x0e2730: 0x60000018
0x0e2734: 0x60000018
0x0e2738: 0x60000018
0x0e273c: 0x60000018
0x0e2740: 0x60000018
0x0e2744: 0x60000018
0x0e2748: 0x60000018
0x0e274c: 0x60000018
0x0e2750: 0x60000018
0x0e2754: 0x60000018
0x0e2758: 0x60000018
0x0e275c: 0x60000018
0x0e2760: 0x60000018
0x0e2764: 0x60000018
0x0e2768: 0x60000018
0x0e276c: 0x60000018
0x0e2770: 0x60000018
0x0e2774: 0x60000018
0x0e2778: 0x60000018
0x0e277c: 0x60000018
0x0e2780: 0x60000018
0x0e2784: 0x60000018
0x0e2788: 0x60000018
0x0e278c: 0x60000018
0x0e2790: 0x60000018
0x0e2794: 0x60000018
0x0e2798: 0x60000018
0x0e279c: 0x60000018
0x0e27a0: 0x60000018
0x0e27a4: 0x60000018
0x0e27a8: 0x60000018
0x0e27ac: 0x60000018
0x0e27b0: 0x60000018
0x0e27b4: 0x60000018
0x0e27b8: 0x60000018
0x0e27bc: 0x60000018
0x0e27c0: 0x60000018
0x0e27c4: 0x60000018
0x0e27c8: 0x60000018
0x0e27cc: 0x60000018
0x0e27d0: 0x60000018
0x0e27d4: 0x60000018
0x0e27d8: 0x60000018
0x0e27dc: 0x60000018
0x0e27e0: 0x60000018
0x0e27e4: 0x60000018
0x0e27e8: 0x60000018
0x0e27ec: 0x60000018
0x0e27f0: 0x60000018
0x0e27f4: 0x60000018
0x0e27f8: 0x60000018
0x0e27fc: 0x60000018
0x0e2800: 0x60000018
0x0e2804: 0x60000018
0x0e2808: 0x60000018
0x0e280c: 0x60000018
0x0e2810: 0x60000018
0x0e2814: 0x60000018
0x0e2818: 0x60000018
0x0e281c: 0x60000018
0x0e2820: 0x60000018
0x0e2824: 0x60000018
0x0e2828: 0x60000018
0x0e282c: 0x60000018
0x0e2830: 0x60000018
0x0e2834: 0x60000018
0x0e2838: 0x60000018
0x0e283c: 0x60000018
0x0e2840: 0x60000018
0x0e2844: 0x60000018
0x0e2848: 0x60000018
0x0e284c: 0x60000018
0x0e2850: 0x60000018
0x0e2854: 0x60000018
0x0e2858: 0x60000018
0x0e285c: 0x60000018
0x0e2860: 0x60000018
0x0e2864: 0x60000018
0x0e2868: 0x60000018
0x0e286c: 0x60000018
0x0e2870: 0x60000018
0x0e2874: 0x60000018
0x0e2878: 0x60000018
0x0e287c: 0x60000018
0x0e2880: 0x60000018
0x0e2884: 0x60000018
0x0e2888: 0x60000018
0x0e288c: 0x60000018
0x0e2890: 0x60000018
0x0e2894: 0x60000018
0x0e2898: 0x60000018
0x0e289c: 0x60000018
0x0e28a0: 0x60000018
0x0e28a4: 0x60000018
0x0e28a8: 0x60000018
0x0e28ac: 0x60000018
0x0e28b0: 0x60000018
0x0e28b4: 0x60000018
0x0e28b8: 0x60000018
0x0e28bc: 0x60000018
0x0e28c0: 0x60000018
0x0e28c4: 0x60000018
0x0e28c8: 0x60000018
0x0e28cc: 0x60000018
0x0e28d0: 0x60000018
0x0e28d4: 0x60000018
0x0e28d8: 0x60000018
0x0e28dc: 0x60000018
0x0e28e0: 0x60000018
0x0e28e4: 0x60000018
0x0e28e8: 0x60000018
0x0e28ec: 0x60000018
0x0e28f0: 0x60000018
0x0e28f4: 0x60000018
0x0e28f8: 0x60000018
0x0e28fc: 0x60000018
0x0e2900: 0x60000018
0x0e2904: 0x60000018
0x0e2908: 0x60000018
0x0e290c: 0x60000018
0x0e2910: 0x60000018
0x0e2914: 0x60000018
0x0e2918: 0x60000018
0x0e291c: 0x60000018
0x0e2920: 0x60000018
0x0e2924: 0x60000018
0x0e2928: 0x60000018
0x0e292c: 0x60000018
0x0e2930: 0x60000018
0x0e2934: 0x60000018
0x0e2938: 0x60000018
0x0e293c: 0x60000018
0x0e2940: 0x60000018
0x0e2944: 0x60000018
0x0e2948: 0x60000018
0x0e294c: 0x60000018
0x0e2950: 0x60000018
0x0e2954: 0x60000018
0x0e2958: 0x60000018
0x0e295c: 0x60000018
0x0e2960: 0x60000018
0x0e2964: 0x60000018
0x0e2968: 0x60000018
0x0e296c: 0x60000018
0x0e2970: 0x60000018
0x0e2974: 0x60000018
0x0e2978: 0x60000018
0x0e297c: 0x60000018
0x0e2980: 0x60000018
0x0e2984: 0x60000018
0x0e2988: 0x60000018
0x0e298c: 0x60000018
0x0e2990: 0x60000018
0x0e2994: 0x60000018
0x0e2998: 0x60000018
0x0e299c: 0x60000018
0x0e29a0: 0x60000018
0x0e29a4: 0x60000018
0x0e29a8: 0x60000018
0x0e29ac: 0x60000018
0x0e29b0: 0x60000018
0x0e29b4: 0x60000018
0x0e29b8: 0x60000018
0x0e29bc: 0x60000018
0x0e29c0: 0x60000018
0x0e29c4: 0x60000018
0x0e29c8: 0x60000018
0x0e29cc: 0x60000018
0x0e29d0: 0x60000018
0x0e29d4: 0x60000018
0x0e29d8: 0x60000018
0x0e29dc: 0x60000018
0x0e29e0: 0x60000018
0x0e29e4: 0x60000018
0x0e29e8: 0x60000018
0x0e29ec: 0x60000018
0x0e29f0: 0x60000018
0x0e29f4: 0x60000018
0x0e29f8: 0x60000018
0x0e29fc: 0x60000018
0x0e2a00: 0x60000018
0x0e2a04: 0x60000018
0x0e2a08: 0x60000018
0x0e2a0c: 0x60000018
0x0e2a10: 0x60000018
0x0e2a14: 0x60000018
0x0e2a18: 0x60000018
0x0e2a1c: 0x60000018
0x0e2a20: 0x60000018
0x0e2a24: 0x60000018
0x0e2a28: 0x60000018
0x0e2a2c: 0x60000018
0x0e2a30: 0x60000018
0x0e2a34: 0x60000018
0x0e2a38: 0x60000018
0x0e2a3c: 0x60000018
0x0e2a40: 0x60000018
0x0e2a44: 0x60000018
0x0e2a48: 0x60000018
0x0e2a4c: 0x60000018
0x0e2a50: 0x60000018
0x0e2a54: 0x60000018
0x0e2a58: 0x60000018
0x0e2a5c: 0x60000018
0x0e2a60: 0x60000018
0x0e2a64: 0x60000018
0x0e2a68: 0x60000018
0x0e2a6c: 0x60000018
0x0e2a70: 0x60000018
0x0e2a74: 0x60000018
0x0e2a78: 0x60000018
0x0e2a7c: 0x60000018
0x0e2a80: 0x60000018
0x0e2a84: 0x60000018
0x0e2a88: 0x60000018
0x0e2a8c: 0x60000018
0x0e2a90: 0x60000018
0x0e2a94: 0x60000018
0x0e2a98: 0x60000018
0x0e2a9c: 0x60000018
0x0e2aa0: 0x60000018
0x0e2aa4: 0x60000018
0x0e2aa8: 0x60000018
0x0e2aac: 0x60000018
0x0e2ab0: 0x60000018
0x0e2ab4: 0x60000018
0x0e2ab8: 0x60000018
0x0e2abc: 0x60000018
0x0e2ac0: 0x60000018
0x0e2ac4: 0x60000018
0x0e2ac8: 0x60000018
0x0e2acc: 0x60000018
0x0e2ad0: 0x60000018
0x0e2ad4: 0x60000018
0x0e2ad8: 0x60000018
0x0e2adc: 0x60000018
0x0e2ae0: 0x60000018
0x0e2ae4: 0x60000018
0x0e2ae8: 0x60000018
0x0e2aec: 0x60000018
0x0e2af0: 0x60000018
0x0e2af4: 0x60000018
0x0e2af8: 0x60000018
0x0e2afc: 0x60000018
0x0e2b00: 0x60000018
0x0e2b04: 0x60000018
0x0e2b08: 0x60000018
0x0e2b0c: 0x60000018
0x0e2b10: 0x60000018
0x0e2b14: 0x60000018
0x0e2b18: 0x60000018
0x0e2b1c: 0x60000018
0x0e2b20: 0x60000018
0x0e2b24: 0x60000018
0x0e2b28: 0x60000018
0x0e2b2c: 0x60000018
0x0e2b30: 0x60000018
0x0e2b34: 0x60000018
0x0e2b38: 0x60000018
0x0e2b3c: 0x60000018
0x0e2b40: 0x60000018
0x0e2b44: 0x60000018
0x0e2b48: 0x60000018
0x0e2b4c: 0x60000018
0x0e2b50: 0x60000018
0x0e2b54: 0x60000018
0x0e2b58: 0x60000018
0x0e2b5c: 0x60000018
0x0e2b60: 0x60000018
0x0e2b64: 0x60000018
0x0e2b68: 0x60000018
0x0e2b6c: 0x60000018
0x0e2b70: 0x60000018
0x0e2b74: 0x60000018
0x0e2b78: 0x60000018
0x0e2b7c: 0x60000018
0x0e2b80: 0x60000018
0x0e2b84: 0x60000018
0x0e2b88: 0x60000018
0x0e2b8c: 0x60000018
0x0e2b90: 0x60000018
0x0e2b94: 0x60000018
0x0e2b98: 0x60000018
0x0e2b9c: 0x60000018
0x0e2ba0: 0x60000018
0x0e2ba4: 0x60000018
0x0e2ba8: 0x60000018
0x0e2bac: 0x60000018
0x0e2bb0: 0x60000018
0x0e2bb4: 0x60000018
0x0e2bb8: 0x60000018
0x0e2bbc: 0x60000018
0x0e2bc0: 0x60000018
0x0e2bc4: 0x60000018
0x0e2bc8: 0x60000018
0x0e2bcc: 0x60000018
0x0e2bd0: 0x60000018
0x0e2bd4: 0x60000018
0x0e2bd8: 0x60000018
0x0e2bdc: 0x60000018
0x0e2be0: 0x60000018
0x0e2be4: 0x60000018
0x0e2be8: 0x60000018
0x0e2bec: 0x60000018
0x0e2bf0: 0x60000018
0x0e2bf4: 0x60000018
0x0e2bf8: 0x60000018
0x0e2bfc: 0x60000018
0x0e2c00: 0x60000018
0x0e2c04: 0x60000018
0x0e2c08: 0x60000018
0x0e2c0c: 0x60000018
0x0e2c10: 0x60000018
0x0e2c14: 0x60000018
0x0e2c18: 0x60000018
0x0e2c1c: 0x60000018
0x0e2c20: 0x60000018
0x0e2c24: 0x60000018
0x0e2c28: 0x60000018
0x0e2c2c: 0x60000018
0x0e2c30: 0x60000018
0x0e2c34: 0x60000018
0x0e2c38: 0x60000018
0x0e2c3c: 0x60000018
0x0e2c40: 0x60000018
0x0e2c44: 0x60000018
0x0e2c48: 0x60000018
0x0e2c4c: 0x60000018
0x0e2c50: 0x60000018
0x0e2c54: 0x60000018
0x0e2c58: 0x60000018
0x0e2c5c: 0x60000018
0x0e2c60: 0x60000018
0x0e2c64: 0x60000018
0x0e2c68: 0x60000018
0x0e2c6c: 0x60000018
0x0e2c70: 0x60000018
0x0e2c74: 0x60000018
0x0e2c78: 0x60000018
0x0e2c7c: 0x60000018
0x0e2c80: 0x60000018
0x0e2c84: 0x60000018
0x0e2c88: 0x60000018
0x0e2c8c: 0x60000018
0x0e2c90: 0x60000018
0x0e2c94: 0x60000018
0x0e2c98: 0x60000018
0x0e2c9c: 0x60000018
0x0e2ca0: 0x60000018
0x0e2ca4: 0x60000018
0x0e2ca8: 0x60000018
0x0e2cac: 0x60000018
0x0e2cb0: 0x60000018
0x0e2cb4: 0x60000018
0x0e2cb8: 0x60000018
0x0e2cbc: 0x60000018
0x0e2cc0: 0x60000018
0x0e2cc4: 0x60000018
0x0e2cc8: 0x60000018
0x0e2ccc: 0x60000018
0x0e2cd0: 0x60000018
0x0e2cd4: 0x60000018
0x0e2cd8: 0x60000018
0x0e2cdc: 0x60000018
0x0e2ce0: 0x60000018
0x0e2ce4: 0x60000018
0x0e2ce8: 0x60000018
0x0e2cec: 0x60000018
0x0e2cf0: 0x60000018
0x0e2cf4: 0x60000018
0x0e2cf8: 0x60000018
0x0e2cfc: 0x60000018
0x0e2d00: 0x60000018
0x0e2d04: 0x60000018
0x0e2d08: 0x60000018
0x0e2d0c: 0x60000018
0x0e2d10: 0x60000018
0x0e2d14: 0x60000018
0x0e2d18: 0x60000018
0x0e2d1c: 0x60000018
0x0e2d20: 0x60000018
0x0e2d24: 0x60000018
0x0e2d28: 0x60000018
0x0e2d2c: 0x60000018
0x0e2d30: 0x60000018
0x0e2d34: 0x60000018
0x0e2d38: 0x60000018
0x0e2d3c: 0x60000018
0x0e2d40: 0x60000018
0x0e2d44: 0x60000018
0x0e2d48: 0x60000018
0x0e2d4c: 0x60000018
0x0e2d50: 0x60000018
0x0e2d54: 0x60000018
0x0e2d58: 0x60000018
0x0e2d5c: 0x60000018
0x0e2d60: 0x60000018
0x0e2d64: 0x60000018
0x0e2d68: 0x60000018
0x0e2d6c: 0x60000018
0x0e2d70: 0x60000018
0x0e2d74: 0x60000018
0x0e2d78: 0x60000018
0x0e2d7c: 0x60000018
0x0e2d80: 0x60000018
0x0e2d84: 0x60000018
0x0e2d88: 0x60000018
0x0e2d8c: 0x60000018
0x0e2d90: 0x60000018
0x0e2d94: 0x60000018
0x0e2d98: 0x60000018
0x0e2d9c: 0x60000018
0x0e2da0: 0x60000018
0x0e2da4: 0x60000018
0x0e2da8: 0x60000018
0x0e2dac: 0x60000018
0x0e2db0: 0x60000018
0x0e2db4: 0x60000018
0x0e2db8: 0x60000018
0x0e2dbc: 0x60000018
0x0e2dc0: 0x60000018
0x0e2dc4: 0x60000018
0x0e2dc8: 0x60000018
0x0e2dcc: 0x60000018
0x0e2dd0: 0x60000018
0x0e2dd4: 0x60000018
0x0e2dd8: 0x60000018
0x0e2ddc: 0x60000018
0x0e2de0: 0x60000018
0x0e2de4: 0x60000018
0x0e2de8: 0x60000018
0x0e2dec: 0x60000018
0x0e2df0: 0x60000018
0x0e2df4: 0x60000018
0x0e2df8: 0x60000018
0x0e2dfc: 0x60000018
0x0e2e00: 0x60000018
0x0e2e04: 0x60000018
0x0e2e08: 0x60000018
0x0e2e0c: 0x60000018
0x0e2e10: 0x60000018
0x0e2e14: 0x60000018
0x0e2e18: 0x60000018
0x0e2e1c: 0x60000018
0x0e2e20: 0x60000018
0x0e2e24: 0x60000018
0x0e2e28: 0x60000018
0x0e2e2c: 0x60000018
0x0e2e30: 0x60000018
0x0e2e34: 0x60000018
0x0e2e38: 0x60000018
0x0e2e3c: 0x60000018
0x0e2e40: 0x60000018
0x0e2e44: 0x60000018
0x0e2e48: 0x60000018
0x0e2e4c: 0x60000018
0x0e2e50: 0x60000018
0x0e2e54: 0x60000018
0x0e2e58: 0x60000018
0x0e2e5c: 0x60000018
0x0e2e60: 0x60000018
0x0e2e64: 0x60000018
0x0e2e68: 0x60000018
0x0e2e6c: 0x60000018
0x0e2e70: 0x60000018
0x0e2e74: 0x60000018
0x0e2e78: 0x60000018
0x0e2e7c: 0x60000018
0x0e2e80: 0x60000018
0x0e2e84: 0x60000018
0x0e2e88: 0x60000018
0x0e2e8c: 0x60000018
0x0e2e90: 0x60000018
0x0e2e94: 0x60000018
0x0e2e98: 0x60000018
0x0e2e9c: 0x60000018
0x0e2ea0: 0x60000018
0x0e2ea4: 0x60000018
0x0e2ea8: 0x60000018
0x0e2eac: 0x60000018
0x0e2eb0: 0x60000018
0x0e2eb4: 0x60000018
0x0e2eb8: 0x60000018
0x0e2ebc: 0x60000018
0x0e2ec0: 0x60000018
0x0e2ec4: 0x60000018
0x0e2ec8: 0x60000018
0x0e2ecc: 0x60000018
0x0e2ed0: 0x60000018
0x0e2ed4: 0x60000018
0x0e2ed8: 0x60000018
0x0e2edc: 0x60000018
0x0e2ee0: 0x60000018
0x0e2ee4: 0x60000018
0x0e2ee8: 0x60000018
0x0e2eec: 0x60000018
0x0e2ef0: 0x60000018
0x0e2ef4: 0x60000018
0x0e2ef8: 0x60000018
0x0e2efc: 0x60000018
0x0e2f00: 0x60000018
0x0e2f04: 0x60000018
0x0e2f08: 0x60000018
0x0e2f0c: 0x60000018
0x0e2f10: 0x60000018
0x0e2f14: 0x60000018
0x0e2f18: 0x60000018
0x0e2f1c: 0x60000018
0x0e2f20: 0x60000018
0x0e2f24: 0x60000018
0x0e2f28: 0x60000018
0x0e2f2c: 0x60000018
0x0e2f30: 0x60000018
0x0e2f34: 0x60000018
0x0e2f38: 0x60000018
0x0e2f3c: 0x60000018
0x0e2f40: 0x60000018
0x0e2f44: 0x60000018
0x0e2f48: 0x60000018
0x0e2f4c: 0x60000018
0x0e2f50: 0x60000018
0x0e2f54: 0x60000018
0x0e2f58: 0x60000018
0x0e2f5c: 0x60000018
0x0e2f60: 0x60000018
0x0e2f64: 0x60000018
0x0e2f68: 0x60000018
0x0e2f6c: 0x60000018
0x0e2f70: 0x60000018
0x0e2f74: 0x60000018
0x0e2f78: 0x60000018
0x0e2f7c: 0x60000018
0x0e2f80: 0x60000018
0x0e2f84: 0x60000018
0x0e2f88: 0x60000018
0x0e2f8c: 0x60000018
0x0e2f90: 0x60000018
0x0e2f94: 0x60000018
0x0e2f98: 0x60000018
0x0e2f9c: 0x60000018
0x0e2fa0: 0x60000018
0x0e2fa4: 0x60000018
0x0e2fa8: 0x60000018
0x0e2fac: 0x60000018
0x0e2fb0: 0x60000018
0x0e2fb4: 0x60000018
0x0e2fb8: 0x60000018
0x0e2fbc: 0x60000018
0x0e2fc0: 0x60000018
0x0e2fc4: 0x60000018
0x0e2fc8: 0x60000018
0x0e2fcc: 0x60000018
0x0e2fd0: 0x60000018
0x0e2fd4: 0x60000018
0x0e2fd8: 0x60000018
0x0e2fdc: 0x60000018
0x0e2fe0: 0x60000018
0x0e2fe4: 0x60000018
0x0e2fe8: 0x60000018
0x0e2fec: 0x60000018
0x0e2ff0: 0x60000018
0x0e2ff4: 0x60000018
0x0e2ff8: 0x60000018
0x0e2ffc: 0x60000018
0x0e3000: 0x60000018
0x0e3004: 0x60000018
0x0e3008: 0x60000018
0x0e300c: 0x60000018
0x0e3010: 0x60000018
0x0e3014: 0x60000018
0x0e3018: 0x60000018
0x0e301c: 0x60000018
0x0e3020: 0x60000018
0x0e3024: 0x60000018
0x0e3028: 0x60000018
0x0e302c: 0x60000018
0x0e3030: 0x60000018
0x0e3034: 0x60000018
0x0e3038: 0x60000018
0x0e303c: 0x60000018
0x0e3040: 0x60000018
0x0e3044: 0x60000018
0x0e3048: 0x60000018
0x0e304c: 0x60000018
0x0e3050: 0x60000018
0x0e3054: 0x60000018
0x0e3058: 0x60000018
0x0e305c: 0x60000018
0x0e3060: 0x60000018
0x0e3064: 0x60000018
0x0e3068: 0x60000018
0x0e306c: 0x60000018
0x0e3070: 0x60000018
0x0e3074: 0x60000018
0x0e3078: 0x60000018
0x0e307c: 0x60000018
0x0e3080: 0x60000018
0x0e3084: 0x60000018
0x0e3088: 0x60000018
0x0e308c: 0x60000018
0x0e3090: 0x60000018
0x0e3094: 0x60000018
0x0e3098: 0x60000018
0x0e309c: 0x60000018
0x0e30a0: 0x60000018
0x0e30a4: 0x60000018
0x0e30a8: 0x60000018
0x0e30ac: 0x60000018
0x0e30b0: 0x60000018
0x0e30b4: 0x60000018
0x0e30b8: 0x60000018
0x0e30bc: 0x60000018
0x0e30c0: 0x60000018
0x0e30c4: 0x60000018
0x0e30c8: 0x60000018
0x0e30cc: 0x60000018
0x0e30d0: 0x60000018
0x0e30d4: 0x60000018
0x0e30d8: 0x60000018
0x0e30dc: 0x60000018
0x0e30e0: 0x60000018
0x0e30e4: 0x60000018
0x0e30e8: 0x60000018
0x0e30ec: 0x60000018
0x0e30f0: 0x60000018
0x0e30f4: 0x60000018
0x0e30f8: 0x60000018
0x0e30fc: 0x60000018
0x0e3100: 0x60000018
0x0e3104: 0x60000018
0x0e3108: 0x60000018
0x0e310c: 0x60000018
0x0e3110: 0x60000018
0x0e3114: 0x60000018
0x0e3118: 0x60000018
0x0e311c: 0x60000018
0x0e3120: 0x60000018
0x0e3124: 0x60000018
0x0e3128: 0x60000018
0x0e312c: 0x60000018
0x0e3130: 0x60000018
0x0e3134: 0x60000018
0x0e3138: 0x60000018
0x0e313c: 0x60000018
0x0e3140: 0x60000018
0x0e3144: 0x60000018
0x0e3148: 0x60000018
0x0e314c: 0x60000018
0x0e3150: 0x60000018
0x0e3154: 0x60000018
0x0e3158: 0x60000018
0x0e315c: 0x60000018
0x0e3160: 0x60000018
0x0e3164: 0x60000018
0x0e3168: 0x60000018
0x0e316c: 0x60000018
0x0e3170: 0x60000018
0x0e3174: 0x60000018
0x0e3178: 0x60000018
0x0e317c: 0x60000018
0x0e3180: 0x60000018
0x0e3184: 0x60000018
0x0e3188: 0x60000018
0x0e318c: 0x60000018
0x0e3190: 0x60000018
0x0e3194: 0x60000018
0x0e3198: 0x60000018
0x0e319c: 0x60000018
0x0e31a0: 0x60000018
0x0e31a4: 0x60000018
0x0e31a8: 0x60000018
0x0e31ac: 0x60000018
0x0e31b0: 0x60000018
0x0e31b4: 0x60000018
0x0e31b8: 0x60000018
0x0e31bc: 0x60000018
0x0e31c0: 0x60000018
0x0e31c4: 0x60000018
0x0e31c8: 0x60000018
0x0e31cc: 0x60000018
0x0e31d0: 0x60000018
0x0e31d4: 0x60000018
0x0e31d8: 0x60000018
0x0e31dc: 0x60000018
0x0e31e0: 0x60000018
0x0e31e4: 0x60000018
0x0e31e8: 0x60000018
0x0e31ec: 0x60000018
0x0e31f0: 0x60000018
0x0e31f4: 0x60000018
0x0e31f8: 0x60000018
0x0e31fc: 0x60000018
0x0e3200: 0x60000018
0x0e3204: 0x60000018
0x0e3208: 0x60000018
0x0e320c: 0x60000018
0x0e3210: 0x60000018
0x0e3214: 0x60000018
0x0e3218: 0x60000018
0x0e321c: 0x60000018
0x0e3220: 0x60000018
0x0e3224: 0x60000018
0x0e3228: 0x60000018
0x0e322c: 0x60000018
0x0e3230: 0x60000018
0x0e3234: 0x60000018
0x0e3238: 0x60000018
0x0e323c: 0x60000018
0x0e3240: 0x60000018
0x0e3244: 0x60000018
0x0e3248: 0x60000018
0x0e324c: 0x60000018
0x0e3250: 0x60000018
0x0e3254: 0x60000018
0x0e3258: 0x60000018
0x0e325c: 0x60000018
0x0e3260: 0x60000018
0x0e3264: 0x60000018
0x0e3268: 0x60000018
0x0e326c: 0x60000018
0x0e3270: 0x60000018
0x0e3274: 0x60000018
0x0e3278: 0x60000018
0x0e327c: 0x60000018
0x0e3280: 0x60000018
0x0e3284: 0x60000018
0x0e3288: 0x60000018
0x0e328c: 0x60000018
0x0e3290: 0x60000018
0x0e3294: 0x60000018
0x0e3298: 0x60000018
0x0e329c: 0x60000018
0x0e32a0: 0x60000018
0x0e32a4: 0x60000018
0x0e32a8: 0x60000018
0x0e32ac: 0x60000018
0x0e32b0: 0x60000018
0x0e32b4: 0x60000018
0x0e32b8: 0x60000018
0x0e32bc: 0x60000018
0x0e32c0: 0x60000018
0x0e32c4: 0x60000018
0x0e32c8: 0x60000018
0x0e32cc: 0x60000018
0x0e32d0: 0x60000018
0x0e32d4: 0x60000018
0x0e32d8: 0x60000018
0x0e32dc: 0x60000018
0x0e32e0: 0x60000018
0x0e32e4: 0x60000018
0x0e32e8: 0x60000018
0x0e32ec: 0x60000018
0x0e32f0: 0x60000018
0x0e32f4: 0x60000018
0x0e32f8: 0x60000018
0x0e32fc: 0x60000018
0x0e3300: 0x60000018
0x0e3304: 0x60000018
0x0e3308: 0x60000018
0x0e330c: 0x60000018
0x0e3310: 0x60000018
0x0e3314: 0x60000018
0x0e3318: 0x60000018
0x0e331c: 0x60000018
0x0e3320: 0x60000018
0x0e3324: 0x60000018
0x0e3328: 0x60000018
0x0e332c: 0x60000018
0x0e3330: 0x60000018
0x0e3334: 0x60000018
0x0e3338: 0x60000018
0x0e333c: 0x60000018
0x0e3340: 0x60000018
0x0e3344: 0x60000018
0x0e3348: 0x60000018
0x0e334c: 0x60000018
0x0e3350: 0x60000018
0x0e3354: 0x60000018
0x0e3358: 0x60000018
0x0e335c: 0x60000018
0x0e3360: 0x60000018
0x0e3364: 0x60000018
0x0e3368: 0x60000018
0x0e336c: 0x60000018
0x0e3370: 0x60000018
0x0e3374: 0x60000018
0x0e3378: 0x60000018
0x0e337c: 0x60000018
0x0e3380: 0x60000018
0x0e3384: 0x60000018
0x0e3388: 0x60000018
0x0e338c: 0x60000018
0x0e3390: 0x60000018
0x0e3394: 0x60000018
0x0e3398: 0x60000018
0x0e339c: 0x60000018
0x0e33a0: 0x60000018
0x0e33a4: 0x60000018
0x0e33a8: 0x60000018
0x0e33ac: 0x60000018
0x0e33b0: 0x60000018
0x0e33b4: 0x60000018
0x0e33b8: 0x60000018
0x0e33bc: 0x60000018
0x0e33c0: 0x60000018
0x0e33c4: 0x60000018
0x0e33c8: 0x60000018
0x0e33cc: 0x60000018
0x0e33d0: 0x60000018
0x0e33d4: 0x60000018
0x0e33d8: 0x60000018
0x0e33dc: 0x60000018
0x0e33e0: 0x60000018
0x0e33e4: 0x60000018
0x0e33e8: 0x60000018
0x0e33ec: 0x60000018
0x0e33f0: 0x60000018
0x0e33f4: 0x60000018
0x0e33f8: 0x60000018
0x0e33fc: 0x60000018
0x0e3400: 0x60000018
0x0e3404: 0x60000018
0x0e3408: 0x60000018
0x0e340c: 0x60000018
0x0e3410: 0x60000018
0x0e3414: 0x60000018
0x0e3418: 0x60000018
0x0e341c: 0x60000018
0x0e3420: 0x60000018
0x0e3424: 0x60000018
0x0e3428: 0x60000018
0x0e342c: 0x60000018
0x0e3430: 0x60000018
0x0e3434: 0x60000018
0x0e3438: 0x60000018
0x0e343c: 0x60000018
0x0e3440: 0x60000018
0x0e3444: 0x60000018
0x0e3448: 0x60000018
0x0e344c: 0x60000018
0x0e3450: 0x60000018
0x0e3454: 0x60000018
0x0e3458: 0x60000018
0x0e345c: 0x60000018
0x0e3460: 0x60000018
0x0e3464: 0x60000018
0x0e3468: 0x60000018
0x0e346c: 0x60000018
0x0e3470: 0x60000018
0x0e3474: 0x60000018
0x0e3478: 0x60000018
0x0e347c: 0x60000018
0x0e3480: 0x60000018
0x0e3484: 0x60000018
0x0e3488: 0x60000018
0x0e348c: 0x60000018
0x0e3490: 0x60000018
0x0e3494: 0x60000018
0x0e3498: 0x60000018
0x0e349c: 0x60000018
0x0e34a0: 0x60000018
0x0e34a4: 0x60000018
0x0e34a8: 0x60000018
0x0e34ac: 0x60000018
0x0e34b0: 0x60000018
0x0e34b4: 0x60000018
0x0e34b8: 0x60000018
0x0e34bc: 0x60000018
0x0e34c0: 0x60000018
0x0e34c4: 0x60000018
0x0e34c8: 0x60000018
0x0e34cc: 0x60000018
0x0e34d0: 0x60000018
0x0e34d4: 0x60000018
0x0e34d8: 0x60000018
0x0e34dc: 0x60000018
0x0e34e0: 0x60000018
0x0e34e4: 0x60000018
0x0e34e8: 0x60000018
0x0e34ec: 0x60000018
0x0e34f0: 0x60000018
0x0e34f4: 0x60000018
0x0e34f8: 0x60000018
0x0e34fc: 0x60000018
0x0e3500: 0x60000018
0x0e3504: 0x60000018
0x0e3508: 0x60000018
0x0e350c: 0x60000018
0x0e3510: 0x60000018
0x0e3514: 0x60000018
0x0e3518: 0x60000018
0x0e351c: 0x60000018
0x0e3520: 0x60000018
0x0e3524: 0x60000018
0x0e3528: 0x60000018
0x0e352c: 0x60000018
0x0e3530: 0x60000018
0x0e3534: 0x60000018
0x0e3538: 0x60000018
0x0e353c: 0x60000018
0x0e3540: 0x60000018
0x0e3544: 0x60000018
0x0e3548: 0x60000018
0x0e354c: 0x60000018
0x0e3550: 0x60000018
0x0e3554: 0x60000018
0x0e3558: 0x60000018
0x0e355c: 0x60000018
0x0e3560: 0x60000018
0x0e3564: 0x60000018
0x0e3568: 0x60000018
0x0e356c: 0x60000018
0x0e3570: 0x60000018
0x0e3574: 0x60000018
0x0e3578: 0x60000018
0x0e357c: 0x60000018
0x0e3580: 0x60000018
0x0e3584: 0x60000018
0x0e3588: 0x60000018
0x0e358c: 0x60000018
0x0e3590: 0x60000018
0x0e3594: 0x60000018
0x0e3598: 0x60000018
0x0e359c: 0x60000018
0x0e35a0: 0x60000018
0x0e35a4: 0x60000018
0x0e35a8: 0x60000018
0x0e35ac: 0x60000018
0x0e35b0: 0x60000018
0x0e35b4: 0x60000018
0x0e35b8: 0x60000018
0x0e35bc: 0x60000018
0x0e35c0: 0x60000018
0x0e35c4: 0x60000018
0x0e35c8: 0x60000018
0x0e35cc: 0x60000018
0x0e35d0: 0x60000018
0x0e35d4: 0x60000018
0x0e35d8: 0x60000018
0x0e35dc: 0x60000018
0x0e35e0: 0x60000018
0x0e35e4: 0x60000018
0x0e35e8: 0x60000018
0x0e35ec: 0x60000018
0x0e35f0: 0x60000018
0x0e35f4: 0x60000018
0x0e35f8: 0x60000018
0x0e35fc: 0x60000018
0x0e3600: 0x60000018
0x0e3604: 0x60000018
0x0e3608: 0x60000018
0x0e360c: 0x60000018
0x0e3610: 0x60000018
0x0e3614: 0x60000018
0x0e3618: 0x60000018
0x0e361c: 0x60000018
0x0e3620: 0x60000018
0x0e3624: 0x60000018
0x0e3628: 0x60000018
0x0e362c: 0x60000018
0x0e3630: 0x60000018
0x0e3634: 0x60000018
0x0e3638: 0x60000018
0x0e363c: 0x60000018
0x0e3640: 0x60000018
0x0e3644: 0x60000018
0x0e3648: 0x60000018
0x0e364c: 0x60000018
0x0e3650: 0x60000018
0x0e3654: 0x60000018
0x0e3658: 0x60000018
0x0e365c: 0x60000018
0x0e3660: 0x60000018
0x0e3664: 0x60000018
0x0e3668: 0x60000018
0x0e366c: 0x60000018
0x0e3670: 0x60000018
0x0e3674: 0x60000018
0x0e3678: 0x60000018
0x0e367c: 0x60000018
0x0e3680: 0x60000018
0x0e3684: 0x60000018
0x0e3688: 0x60000018
0x0e368c: 0x60000018
0x0e3690: 0x60000018
0x0e3694: 0x60000018
0x0e3698: 0x60000018
0x0e369c: 0x60000018
0x0e36a0: 0x60000018
0x0e36a4: 0x60000018
0x0e36a8: 0x60000018
0x0e36ac: 0x60000018
0x0e36b0: 0x60000018
0x0e36b4: 0x60000018
0x0e36b8: 0x60000018
0x0e36bc: 0x60000018
0x0e36c0: 0x60000018
0x0e36c4: 0x60000018
0x0e36c8: 0x60000018
0x0e36cc: 0x60000018
0x0e36d0: 0x60000018
0x0e36d4: 0x60000018
0x0e36d8: 0x60000018
0x0e36dc: 0x60000018
0x0e36e0: 0x60000018
0x0e36e4: 0x60000018
0x0e36e8: 0x60000018
0x0e36ec: 0x60000018
0x0e36f0: 0x60000018
0x0e36f4: 0x60000018
0x0e36f8: 0x60000018
0x0e36fc: 0x60000018
0x0e3700: 0x60000018
0x0e3704: 0x60000018
0x0e3708: 0x60000018
0x0e370c: 0x60000018
0x0e3710: 0x60000018
0x0e3714: 0x60000018
0x0e3718: 0x60000018
0x0e371c: 0x60000018
0x0e3720: 0x60000018
0x0e3724: 0x60000018
0x0e3728: 0x60000018
0x0e372c: 0x60000018
0x0e3730: 0x60000018
0x0e3734: 0x60000018
0x0e3738: 0x60000018
0x0e373c: 0x60000018
0x0e3740: 0x60000018
0x0e3744: 0x60000018
0x0e3748: 0x60000018
0x0e374c: 0x60000018
0x0e3750: 0x60000018
0x0e3754: 0x60000018
0x0e3758: 0x60000018
0x0e375c: 0x60000018
0x0e3760: 0x60000018
0x0e3764: 0x60000018
0x0e3768: 0x60000018
0x0e376c: 0x60000018
0x0e3770: 0x60000018
0x0e3774: 0x60000018
0x0e3778: 0x60000018
0x0e377c: 0x60000018
0x0e3780: 0x60000018
0x0e3784: 0x60000018
0x0e3788: 0x60000018
0x0e378c: 0x60000018
0x0e3790: 0x60000018
0x0e3794: 0x60000018
0x0e3798: 0x60000018
0x0e379c: 0x60000018
0x0e37a0: 0x60000018
0x0e37a4: 0x60000018
0x0e37a8: 0x60000018
0x0e37ac: 0x60000018
0x0e37b0: 0x60000018
0x0e37b4: 0x60000018
0x0e37b8: 0x60000018
0x0e37bc: 0x60000018
0x0e37c0: 0x60000018
0x0e37c4: 0x60000018
0x0e37c8: 0x60000018
0x0e37cc: 0x60000018
0x0e37d0: 0x60000018
0x0e37d4: 0x60000018
0x0e37d8: 0x60000018
0x0e37dc: 0x60000018
0x0e37e0: 0x60000018
0x0e37e4: 0x60000018
0x0e37e8: 0x60000018
0x0e37ec: 0x60000018
0x0e37f0: 0x60000018
0x0e37f4: 0x60000018
0x0e37f8: 0x60000018
0x0e37fc: 0x60000018
0x0e3800: 0x60000018
0x0e3804: 0x60000018
0x0e3808: 0x60000018
0x0e380c: 0x60000018
0x0e3810: 0x60000018
0x0e3814: 0x60000018
0x0e3818: 0x60000018
0x0e381c: 0x60000018
0x0e3820: 0x60000018
0x0e3824: 0x60000018
0x0e3828: 0x60000018
0x0e382c: 0x60000018
0x0e3830: 0x60000018
0x0e3834: 0x60000018
0x0e3838: 0x60000018
0x0e383c: 0x60000018
0x0e3840: 0x60000018
0x0e3844: 0x60000018
0x0e3848: 0x60000018
0x0e384c: 0x60000018
0x0e3850: 0x60000018
0x0e3854: 0x60000018
0x0e3858: 0x60000018
0x0e385c: 0x60000018
0x0e3860: 0x60000018
0x0e3864: 0x60000018
0x0e3868: 0x60000018
0x0e386c: 0x60000018
0x0e3870: 0x60000018
0x0e3874: 0x60000018
0x0e3878: 0x60000018
0x0e387c: 0x60000018
0x0e3880: 0x60000018
0x0e3884: 0x60000018
0x0e3888: 0x60000018
0x0e388c: 0x60000018
0x0e3890: 0x60000018
0x0e3894: 0x60000018
0x0e3898: 0x60000018
0x0e389c: 0x60000018
0x0e38a0: 0x60000018
0x0e38a4: 0x60000018
0x0e38a8: 0x60000018
0x0e38ac: 0x60000018
0x0e38b0: 0x60000018
0x0e38b4: 0x60000018
0x0e38b8: 0x60000018
0x0e38bc: 0x60000018
0x0e38c0: 0x60000018
0x0e38c4: 0x60000018
0x0e38c8: 0x60000018
0x0e38cc: 0x60000018
0x0e38d0: 0x60000018
0x0e38d4: 0x60000018
0x0e38d8: 0x60000018
0x0e38dc: 0x60000018
0x0e38e0: 0x60000018
0x0e38e4: 0x60000018
0x0e38e8: 0x60000018
0x0e38ec: 0x60000018
0x0e38f0: 0x60000018
0x0e38f4: 0x60000018
0x0e38f8: 0x60000018
0x0e38fc: 0x60000018
0x0e3900: 0x60000018
0x0e3904: 0x60000018
0x0e3908: 0x60000018
0x0e390c: 0x60000018
0x0e3910: 0x60000018
0x0e3914: 0x60000018
0x0e3918: 0x60000018
0x0e391c: 0x60000018
0x0e3920: 0x60000018
0x0e3924: 0x60000018
0x0e3928: 0x60000018
0x0e392c: 0x60000018
0x0e3930: 0x60000018
0x0e3934: 0x60000018
0x0e3938: 0x60000018
0x0e393c: 0x60000018
0x0e3940: 0x60000018
0x0e3944: 0x60000018
0x0e3948: 0x60000018
0x0e394c: 0x60000018
0x0e3950: 0x60000018
0x0e3954: 0x60000018
0x0e3958: 0x60000018
0x0e395c: 0x60000018
0x0e3960: 0x60000018
0x0e3964: 0x60000018
0x0e3968: 0x60000018
0x0e396c: 0x60000018
0x0e3970: 0x60000018
0x0e3974: 0x60000018
0x0e3978: 0x60000018
0x0e397c: 0x60000018
0x0e3980: 0x60000018
0x0e3984: 0x60000018
0x0e3988: 0x60000018
0x0e398c: 0x60000018
0x0e3990: 0x60000018
0x0e3994: 0x60000018
0x0e3998: 0x60000018
0x0e399c: 0x60000018
0x0e39a0: 0x60000018
0x0e39a4: 0x60000018
0x0e39a8: 0x60000018
0x0e39ac: 0x60000018
0x0e39b0: 0x60000018
0x0e39b4: 0x60000018
0x0e39b8: 0x60000018
0x0e39bc: 0x60000018
0x0e39c0: 0x60000018
0x0e39c4: 0x60000018
0x0e39c8: 0x60000018
0x0e39cc: 0x60000018
0x0e39d0: 0x60000018
0x0e39d4: 0x60000018
0x0e39d8: 0x60000018
0x0e39dc: 0x60000018
0x0e39e0: 0x60000018
0x0e39e4: 0x60000018
0x0e39e8: 0x60000018
0x0e39ec: 0x60000018
0x0e39f0: 0x60000018
0x0e39f4: 0x60000018
0x0e39f8: 0x60000018
0x0e39fc: 0x60000018
0x0e3a00: 0x60000018
0x0e3a04: 0x60000018
0x0e3a08: 0x60000018
0x0e3a0c: 0x60000018
0x0e3a10: 0x60000018
0x0e3a14: 0x60000018
0x0e3a18: 0x60000018
0x0e3a1c: 0x60000018
0x0e3a20: 0x60000018
0x0e3a24: 0x60000018
0x0e3a28: 0x60000018
0x0e3a2c: 0x60000018
0x0e3a30: 0x60000018
0x0e3a34: 0x60000018
0x0e3a38: 0x60000018
0x0e3a3c: 0x60000018
0x0e3a40: 0x60000018
0x0e3a44: 0x60000018
0x0e3a48: 0x60000018
0x0e3a4c: 0x60000018
0x0e3a50: 0x60000018
0x0e3a54: 0x60000018
0x0e3a58: 0x60000018
0x0e3a5c: 0x60000018
0x0e3a60: 0x60000018
0x0e3a64: 0x60000018
0x0e3a68: 0x60000018
0x0e3a6c: 0x60000018
0x0e3a70: 0x60000018
0x0e3a74: 0x60000018
0x0e3a78: 0x60000018
0x0e3a7c: 0x60000018
0x0e3a80: 0x60000018
0x0e3a84: 0x60000018
0x0e3a88: 0x60000018
0x0e3a8c: 0x60000018
0x0e3a90: 0x60000018
0x0e3a94: 0x60000018
0x0e3a98: 0x60000018
0x0e3a9c: 0x60000018
0x0e3aa0: 0x60000018
0x0e3aa4: 0x60000018
0x0e3aa8: 0x60000018
0x0e3aac: 0x60000018
0x0e3ab0: 0x60000018
0x0e3ab4: 0x60000018
0x0e3ab8: 0x60000018
0x0e3abc: 0x60000018
0x0e3ac0: 0x60000018
0x0e3ac4: 0x60000018
0x0e3ac8: 0x60000018
0x0e3acc: 0x60000018
0x0e3ad0: 0x60000018
0x0e3ad4: 0x60000018
0x0e3ad8: 0x60000018
0x0e3adc: 0x60000018
0x0e3ae0: 0x60000018
0x0e3ae4: 0x60000018
0x0e3ae8: 0x60000018
0x0e3aec: 0x60000018
0x0e3af0: 0x60000018
0x0e3af4: 0x60000018
0x0e3af8: 0x60000018
0x0e3afc: 0x60000018
0x0e3b00: 0x60000018
0x0e3b04: 0x60000018
0x0e3b08: 0x60000018
0x0e3b0c: 0x60000018
0x0e3b10: 0x60000018
0x0e3b14: 0x60000018
0x0e3b18: 0x60000018
0x0e3b1c: 0x60000018
0x0e3b20: 0x60000018
0x0e3b24: 0x60000018
0x0e3b28: 0x60000018
0x0e3b2c: 0x60000018
0x0e3b30: 0x60000018
0x0e3b34: 0x60000018
0x0e3b38: 0x60000018
0x0e3b3c: 0x60000018
0x0e3b40: 0x60000018
0x0e3b44: 0x60000018
0x0e3b48: 0x60000018
0x0e3b4c: 0x60000018
0x0e3b50: 0x60000018
0x0e3b54: 0x60000018
0x0e3b58: 0x60000018
0x0e3b5c: 0x60000018
0x0e3b60: 0x60000018
0x0e3b64: 0x60000018
0x0e3b68: 0x60000018
0x0e3b6c: 0x60000018
0x0e3b70: 0x60000018
0x0e3b74: 0x60000018
0x0e3b78: 0x60000018
0x0e3b7c: 0x60000018
0x0e3b80: 0x60000018
0x0e3b84: 0x60000018
0x0e3b88: 0x60000018
0x0e3b8c: 0x60000018
0x0e3b90: 0x60000018
0x0e3b94: 0x60000018
0x0e3b98: 0x60000018
0x0e3b9c: 0x60000018
0x0e3ba0: 0x60000018
0x0e3ba4: 0x60000018
0x0e3ba8: 0x60000018
0x0e3bac: 0x60000018
0x0e3bb0: 0x60000018
0x0e3bb4: 0x60000018
0x0e3bb8: 0x60000018
0x0e3bbc: 0x60000018
0x0e3bc0: 0x60000018
0x0e3bc4: 0x60000018
0x0e3bc8: 0x60000018
0x0e3bcc: 0x60000018
0x0e3bd0: 0x60000018
0x0e3bd4: 0x60000018
0x0e3bd8: 0x60000018
0x0e3bdc: 0x60000018
0x0e3be0: 0x60000018
0x0e3be4: 0x60000018
0x0e3be8: 0x60000018
0x0e3bec: 0x60000018
0x0e3bf0: 0x60000018
0x0e3bf4: 0x60000018
0x0e3bf8: 0x60000018
0x0e3bfc: 0x60000018
0x0e3c00: 0x60000018
0x0e3c04: 0x60000018
0x0e3c08: 0x60000018
0x0e3c0c: 0x60000018
0x0e3c10: 0x60000018
0x0e3c14: 0x60000018
0x0e3c18: 0x60000018
0x0e3c1c: 0x60000018
0x0e3c20: 0x60000018
0x0e3c24: 0x60000018
0x0e3c28: 0x60000018
0x0e3c2c: 0x60000018
0x0e3c30: 0x60000018
0x0e3c34: 0x60000018
0x0e3c38: 0x60000018
0x0e3c3c: 0x60000018
0x0e3c40: 0x60000018
0x0e3c44: 0x60000018
0x0e3c48: 0x60000018
0x0e3c4c: 0x60000018
0x0e3c50: 0x60000018
0x0e3c54: 0x60000018
0x0e3c58: 0x60000018
0x0e3c5c: 0x60000018
0x0e3c60: 0x60000018
0x0e3c64: 0x60000018
0x0e3c68: 0x60000018
0x0e3c6c: 0x60000018
0x0e3c70: 0x60000018
0x0e3c74: 0x60000018
0x0e3c78: 0x60000018
0x0e3c7c: 0x60000018
0x0e3c80: 0x60000018
0x0e3c84: 0x60000018
0x0e3c88: 0x60000018
0x0e3c8c: 0x60000018
0x0e3c90: 0x60000018
0x0e3c94: 0x60000018
0x0e3c98: 0x60000018
0x0e3c9c: 0x60000018
0x0e3ca0: 0x60000018
0x0e3ca4: 0x60000018
0x0e3ca8: 0x60000018
0x0e3cac: 0x60000018
0x0e3cb0: 0x60000018
0x0e3cb4: 0x60000018
0x0e3cb8: 0x60000018
0x0e3cbc: 0x60000018
0x0e3cc0: 0x60000018
0x0e3cc4: 0x60000018
0x0e3cc8: 0x60000018
0x0e3ccc: 0x60000018
0x0e3cd0: 0x60000018
0x0e3cd4: 0x60000018
0x0e3cd8: 0x60000018
0x0e3cdc: 0x60000018
0x0e3ce0: 0x60000018
0x0e3ce4: 0x60000018
0x0e3ce8: 0x60000018
0x0e3cec: 0x60000018
0x0e3cf0: 0x60000018
0x0e3cf4: 0x60000018
0x0e3cf8: 0x60000018
0x0e3cfc: 0x60000018
0x0e3d00: 0x60000018
0x0e3d04: 0x60000018
0x0e3d08: 0x60000018
0x0e3d0c: 0x60000018
0x0e3d10: 0x60000018
0x0e3d14: 0x60000018
0x0e3d18: 0x60000018
0x0e3d1c: 0x60000018
0x0e3d20: 0x60000018
0x0e3d24: 0x60000018
0x0e3d28: 0x60000018
0x0e3d2c: 0x60000018
0x0e3d30: 0x60000018
0x0e3d34: 0x60000018
0x0e3d38: 0x60000018
0x0e3d3c: 0x60000018
0x0e3d40: 0x60000018
0x0e3d44: 0x60000018
0x0e3d48: 0x60000018
0x0e3d4c: 0x60000018
0x0e3d50: 0x60000018
0x0e3d54: 0x60000018
0x0e3d58: 0x60000018
0x0e3d5c: 0x60000018
0x0e3d60: 0x60000018
0x0e3d64: 0x60000018
0x0e3d68: 0x60000018
0x0e3d6c: 0x60000018
0x0e3d70: 0x60000018
0x0e3d74: 0x60000018
0x0e3d78: 0x60000018
0x0e3d7c: 0x60000018
0x0e3d80: 0x60000018
0x0e3d84: 0x60000018
0x0e3d88: 0x60000018
0x0e3d8c: 0x60000018
0x0e3d90: 0x60000018
0x0e3d94: 0x60000018
0x0e3d98: 0x60000018
0x0e3d9c: 0x60000018
0x0e3da0: 0x60000018
0x0e3da4: 0x60000018
0x0e3da8: 0x60000018
0x0e3dac: 0x60000018
0x0e3db0: 0x60000018
0x0e3db4: 0x60000018
0x0e3db8: 0x60000018
0x0e3dbc: 0x60000018
0x0e3dc0: 0x60000018
0x0e3dc4: 0x60000018
0x0e3dc8: 0x60000018
0x0e3dcc: 0x60000018
0x0e3dd0: 0x60000018
0x0e3dd4: 0x60000018
0x0e3dd8: 0x60000018
0x0e3ddc: 0x60000018
0x0e3de0: 0x60000018
0x0e3de4: 0x60000018
0x0e3de8: 0x60000018
0x0e3dec: 0x60000018
0x0e3df0: 0x60000018
0x0e3df4: 0x60000018
0x0e3df8: 0x60000018
0x0e3dfc: 0x60000018
0x0e3e00: 0x60000018
0x0e3e04: 0x60000018
0x0e3e08: 0x60000018
0x0e3e0c: 0x60000018
0x0e3e10: 0x60000018
0x0e3e14: 0x60000018
0x0e3e18: 0x60000018
0x0e3e1c: 0x60000018
0x0e3e20: 0x60000018
0x0e3e24: 0x60000018
0x0e3e28: 0x60000018
0x0e3e2c: 0x60000018
0x0e3e30: 0x60000018
0x0e3e34: 0x60000018
0x0e3e38: 0x60000018
0x0e3e3c: 0x60000018
0x0e3e40: 0x60000018
0x0e3e44: 0x60000018
0x0e3e48: 0x60000018
0x0e3e4c: 0x60000018
0x0e3e50: 0x60000018
0x0e3e54: 0x60000018
0x0e3e58: 0x60000018
0x0e3e5c: 0x60000018
0x0e3e60: 0x60000018
0x0e3e64: 0x60000018
0x0e3e68: 0x60000018
0x0e3e6c: 0x60000018
0x0e3e70: 0x60000018
0x0e3e74: 0x60000018
0x0e3e78: 0x60000018
0x0e3e7c: 0x60000018
0x0e3e80: 0x60000018
0x0e3e84: 0x60000018
0x0e3e88: 0x60000018
0x0e3e8c: 0x60000018
0x0e3e90: 0x60000018
0x0e3e94: 0x60000018
0x0e3e98: 0x60000018
0x0e3e9c: 0x60000018
0x0e3ea0: 0x60000018
0x0e3ea4: 0x60000018
0x0e3ea8: 0x60000018
0x0e3eac: 0x60000018
0x0e3eb0: 0x60000018
0x0e3eb4: 0x60000018
0x0e3eb8: 0x60000018
0x0e3ebc: 0x60000018
0x0e3ec0: 0x60000018
0x0e3ec4: 0x60000018
0x0e3ec8: 0x60000018
0x0e3ecc: 0x60000018
0x0e3ed0: 0x60000018
0x0e3ed4: 0x60000018
0x0e3ed8: 0x60000018
0x0e3edc: 0x60000018
0x0e3ee0: 0x60000018
0x0e3ee4: 0x60000018
0x0e3ee8: 0x60000018
0x0e3eec: 0x60000018
0x0e3ef0: 0x60000018
0x0e3ef4: 0x60000018
0x0e3ef8: 0x60000018
0x0e3efc: 0x60000018
0x0e3f00: 0x60000018
0x0e3f04: 0x60000018
0x0e3f08: 0x60000018
0x0e3f0c: 0x60000018
0x0e3f10: 0x60000018
0x0e3f14: 0x60000018
0x0e3f18: 0x60000018
0x0e3f1c: 0x60000018
0x0e3f20: 0x60000018
0x0e3f24: 0x60000018
0x0e3f28: 0x60000018
0x0e3f2c: 0x60000018
0x0e3f30: 0x60000018
0x0e3f34: 0x60000018
0x0e3f38: 0x60000018
0x0e3f3c: 0x60000018
0x0e3f40: 0x60000018
0x0e3f44: 0x60000018
0x0e3f48: 0x60000018
0x0e3f4c: 0x60000018
0x0e3f50: 0x60000018
0x0e3f54: 0x60000018
0x0e3f58: 0x60000018
0x0e3f5c: 0x60000018
0x0e3f60: 0x60000018
0x0e3f64: 0x60000018
0x0e3f68: 0x60000018
0x0e3f6c: 0x60000018
0x0e3f70: 0x60000018
0x0e3f74: 0x60000018
0x0e3f78: 0x60000018
0x0e3f7c: 0x60000018
0x0e3f80: 0x60000018
0x0e3f84: 0x60000018
0x0e3f88: 0x60000018
0x0e3f8c: 0x60000018
0x0e3f90: 0x60000018
0x0e3f94: 0x60000018
0x0e3f98: 0x60000018
0x0e3f9c: 0x60000018
0x0e3fa0: 0x60000018
0x0e3fa4: 0x60000018
0x0e3fa8: 0x60000018
0x0e3fac: 0x60000018
0x0e3fb0: 0x60000018
0x0e3fb4: 0x60000018
0x0e3fb8: 0x60000018
0x0e3fbc: 0x60000018
0x0e3fc0: 0x60000018
0x0e3fc4: 0x60000018
0x0e3fc8: 0x60000018
0x0e3fcc: 0x60000018
0x0e3fd0: 0x60000018
0x0e3fd4: 0x60000018
0x0e3fd8: 0x60000018
0x0e3fdc: 0x60000018
0x0e3fe0: 0x60000018
0x0e3fe4: 0x60000018
0x0e3fe8: 0x60000018
0x0e3fec: 0x60000018
0x0e3ff0: 0x60000018
0x0e3ff4: 0x60000018
0x0e3ff8: 0x60000018
0x0e3ffc: 0x60000018
0x0e4000: 0x60000018
0x0e4004: 0x60000018
0x0e4008: 0x60000018
0x0e400c: 0x60000018
0x0e4010: 0x60000018
0x0e4014: 0x60000018
0x0e4018: 0x60000018
0x0e401c: 0x60000018
0x0e4020: 0x60000018
0x0e4024: 0x60000018
0x0e4028: 0x60000018
0x0e402c: 0x60000018
0x0e4030: 0x60000018
0x0e4034: 0x60000018
0x0e4038: 0x60000018
0x0e403c: 0x60000018
0x0e4040: 0x60000018
0x0e4044: 0x60000018
0x0e4048: 0x60000018
0x0e404c: 0x60000018
0x0e4050: 0x60000018
0x0e4054: 0x60000018
0x0e4058: 0x60000018
0x0e405c: 0x60000018
0x0e4060: 0x60000018
0x0e4064: 0x60000018
0x0e4068: 0x60000018
0x0e406c: 0x60000018
0x0e4070: 0x60000018
0x0e4074: 0x60000018
0x0e4078: 0x60000018
0x0e407c: 0x60000018
0x0e4080: 0x60000018
0x0e4084: 0x60000018
0x0e4088: 0x60000018
0x0e408c: 0x60000018
0x0e4090: 0x60000018
0x0e4094: 0x60000018
0x0e4098: 0x60000018
0x0e409c: 0x60000018
0x0e40a0: 0x60000018
0x0e40a4: 0x60000018
0x0e40a8: 0x60000018
0x0e40ac: 0x60000018
0x0e40b0: 0x60000018
0x0e40b4: 0x60000018
0x0e40b8: 0x60000018
0x0e40bc: 0x60000018
0x0e40c0: 0x60000018
0x0e40c4: 0x60000018
0x0e40c8: 0x60000018
0x0e40cc: 0x60000018
0x0e40d0: 0x60000018
0x0e40d4: 0x60000018
0x0e40d8: 0x60000018
0x0e40dc: 0x60000018
0x0e40e0: 0x60000018
0x0e40e4: 0x60000018
0x0e40e8: 0x60000018
0x0e40ec: 0x60000018
0x0e40f0: 0x60000018
0x0e40f4: 0x60000018
0x0e40f8: 0x60000018
0x0e40fc: 0x60000018
0x0e4110: 0x00050000
0x0e4210: 0x00050000
0x0e4310: 0x00050000
0x0e4f00: 0x0100038e
0x0e4f04: 0x00b8338e
0x0e4f08: 0x0178838e
0x0e4f0c: 0x09f8e38e
0x0e4f10: 0x00b8038e
0x0e4f14: 0x0978838e
0x0e4f18: 0x09f8b38e
0x0e4f1c: 0x0178038e
0x0e4f20: 0x09f8638e
0x0e4f24: 0x09f8038e
0x0e4f28: 0x09f8038e
0x0e4f2c: 0x09f8038e
0x0e4f30: 0x09f8038e
0x0e4f34: 0x09f8038e
0x0e4f38: 0x09f8038e
0x0e4f3c: 0x09f8038e
0x0e4f40: 0x09f8038e
0x0e4f44: 0x09f8038e
0x0e4f48: 0x09f8038e
0x0e4f4c: 0x09f8038e
0x0e4f50: 0x09f8038e
0x0e4f54: 0x09f8038e
0x0e4f58: 0x09f8038e
0x0e4f5c: 0x09f8038e
0x0e4f60: 0x09f8038e
0x0e4f64: 0x09f8038e
0x0e4f68: 0x09f8038e
0x0e4f6c: 0x09f8038e
0x0e4f70: 0x09f8038e
0x0e4f74: 0x09f8038e
0x0e4f78: 0x09f8038e
0x0e4f7c: 0x09f8038e
0x0e4f80: 0x09f8038e
0x0e4f84: 0x09f8038e
0x0e4f88: 0x09f8038e
0x0e4f8c: 0x09f8038e
0x0e4f90: 0x09f8038e
0x0e4f94: 0x09f8038e
0x0e4f98: 0x09f8038e
0x0e4f9c: 0x09f8038e
0x0e4fa0: 0x09f8038e
0x0e4fa4: 0x09f8038e
0x0e4fa8: 0x09f8038e
0x0e4fac: 0x09f8038e
0x0e4fb0: 0x09f8038e
0x0e4fb4: 0x09f8038e
0x0e4fb8: 0x09f8038e
0x0e4fbc: 0x09f8038e
0x0e4fc0: 0x09f8038e
0x0e4fc4: 0x09f8038e
0x0e4fc8: 0x09f8038e
0x0e4fcc: 0x09f8038e
0x0e4fd0: 0x09f8038e
0x0e4fd4: 0x09f8038e
0x0e4fd8: 0x09f8038e
0x0e4fdc: 0x09f8038e
0x0e4fe0: 0x09f8038e
0x0e4fe4: 0x09f8038e
0x0e4fe8: 0x09f8038e
0x0e4fec: 0x09f8038e
0x0e4ff0: 0x09f8038e
0x0e4ff4: 0x09f8038e
0x0e4ff8: 0x09f8038e
0x0e4ffc: 0x09f8038e
0x0e5010: 0x00000044
0x0e5014: 0x00000044
0x0e5018: 0x00000044
0x0e501c: 0x00000044
0x0e5020: 0x80862805
0x0e5024: 0x00100000
0x0e504c: 0x0fffffff
0x0e507c: 0x00370007
0x0e5084: 0x00000032
0x0e50a8: 0x00030202
0x0e50b4: 0x00005421
0x0e50b8: 0x00005421
0x0e50bc: 0x00005421
0x0e5110: 0x00000044
0x0e5114: 0x00000044
0x0e5118: 0x00000044
0x0e511c: 0x00000044
0x0e5120: 0x00000044
0x0e5124: 0x00000044
0x0e5184: 0x00000032
0x0e5188: 0x00000032
0x0e518c: 0x00000032
0x0e5190: 0x00000032
0x0e5194: 0x00000032
0x0e5198: 0x00000032
0x0e519c: 0x00000032
0x0e51a0: 0x00000032
0x0e51a4: 0x00000032
0x0e51a8: 0x00000032
0x0e51ac: 0x00000032
0x0e51b0: 0x00000032
0x0e51b4: 0x00005421
0x0e51b8: 0x00005421
0x0e51bc: 0x00005421
0x0e51c0: 0x00005421
0x0e51c4: 0x00005421
0x0e51c8: 0x00005421
0x0e51cc: 0x00005421
0x0e51d0: 0x00005421
0x0e51d4: 0x00005421
0x0e51d8: 0x00005421
0x0e51dc: 0x00005421
0x0e51e0: 0x00005421
0x0e51e4: 0x00005421
0x0e51e8: 0x00005421
0x0e51ec: 0x00005421
0x0e51f0: 0x00005421
0x0e51f4: 0x00005421
0x0e51f8: 0x00005421
0x0e51fc: 0x00005421
0x0e5210: 0x00000044
0x0e5214: 0x00000044
0x0e5218: 0x00000044
0x0e521c: 0x00000044
0x0e5220: 0x00000044
0x0e5224: 0x00000044
0x0e5284: 0x00000032
0x0e5288: 0x00000032
0x0e528c: 0x00000032
0x0e5290: 0x00000032
0x0e5294: 0x00000032
0x0e5298: 0x00000032
0x0e529c: 0x00000032
0x0e52a0: 0x00000032
0x0e52a4: 0x00000032
0x0e52a8: 0x00000032
0x0e52ac: 0x00000032
0x0e52b0: 0x00000032
0x0e52b4: 0x00005421
0x0e52b8: 0x00005421
0x0e52bc: 0x00005421
0x0e52c0: 0x00005421
0x0e52c4: 0x00005421
0x0e52c8: 0x00005421
0x0e52cc: 0x00005421
0x0e52d0: 0x00005421
0x0e52d4: 0x00005421
0x0e52d8: 0x00005421
0x0e52dc: 0x00005421
0x0e52e0: 0x00005421
0x0e52e4: 0x00005421
0x0e52e8: 0x00005421
0x0e52ec: 0x00005421
0x0e52f0: 0x00005421
0x0e52f4: 0x00005421
0x0e52f8: 0x00005421
0x0e52fc: 0x00005421
0x0e5300: 0x00005421
0x0e5304: 0x00005421
0x0e5308: 0x00005421
0x0e530c: 0x00005421
0x0e5310: 0x00005421
0x0e5314: 0x00005421
0x0e5318: 0x00005421
0x0e531c: 0x00005421
0x0e5320: 0x00005421
0x0e5324: 0x00005421
0x0e5328: 0x00005421
0x0e532c: 0x00005421
0x0e5330: 0x00005421
0x0e5334: 0x00005421
0x0e5338: 0x00005421
0x0e533c: 0x00005421
0x0e5340: 0x00005421
0x0e5344: 0x00005421
0x0e5348: 0x00005421
0x0e534c: 0x00005421
0x0e5350: 0x00005421
0x0e5354: 0x00005421
0x0e5358: 0x00005421
0x0e535c: 0x00005421
0x0e5360: 0x00005421
0x0e5364: 0x00005421
0x0e5368: 0x00005421
0x0e536c: 0x00005421
0x0e5370: 0x00005421
0x0e5374: 0x00005421
0x0e5378: 0x00005421
0x0e537c: 0x00005421
0x0e5380: 0x00005421
0x0e5384: 0x00005421
0x0e5388: 0x00005421
0x0e538c: 0x00005421
0x0e5390: 0x00005421
0x0e5394: 0x00005421
0x0e5398: 0x00005421
0x0e539c: 0x00005421
0x0e53a0: 0x00005421
0x0e53a4: 0x00005421
0x0e53a8: 0x00005421
0x0e53ac: 0x00005421
0x0e53b0: 0x00005421
0x0e53b4: 0x00005421
0x0e53b8: 0x00005421
0x0e53bc: 0x00005421
0x0e53c0: 0x00005421
0x0e53c4: 0x00005421
0x0e53c8: 0x00005421
0x0e53cc: 0x00005421
0x0e53d0: 0x00005421
0x0e53d4: 0x00005421
0x0e53d8: 0x00005421
0x0e53dc: 0x00005421
0x0e53e0: 0x00005421
0x0e53e4: 0x00005421
0x0e53e8: 0x00005421
0x0e53ec: 0x00005421
0x0e53f0: 0x00005421
0x0e53f4: 0x00005421
0x0e53f8: 0x00005421
0x0e53fc: 0x00005421
0x0e5400: 0x00005421
0x0e5404: 0x00005421
0x0e5408: 0x00005421
0x0e540c: 0x00005421
0x0e5410: 0x00005421
0x0e5414: 0x00005421
0x0e5418: 0x00005421
0x0e541c: 0x00005421
0x0e5420: 0x00005421
0x0e5424: 0x00005421
0x0e5428: 0x00005421
0x0e542c: 0x00005421
0x0e5430: 0x00005421
0x0e5434: 0x00005421
0x0e5438: 0x00005421
0x0e543c: 0x00005421
0x0e5440: 0x00005421
0x0e5444: 0x00005421
0x0e5448: 0x00005421
0x0e544c: 0x00005421
0x0e5450: 0x00005421
0x0e5454: 0x00005421
0x0e5458: 0x00005421
0x0e545c: 0x00005421
0x0e5460: 0x00005421
0x0e5464: 0x00005421
0x0e5468: 0x00005421
0x0e546c: 0x00005421
0x0e5470: 0x00005421
0x0e5474: 0x00005421
0x0e5478: 0x00005421
0x0e547c: 0x00005421
0x0e5480: 0x00005421
0x0e5484: 0x00005421
0x0e5488: 0x00005421
0x0e548c: 0x00005421
0x0e5490: 0x00005421
0x0e5494: 0x00005421
0x0e5498: 0x00005421
0x0e549c: 0x00005421
0x0e54a0: 0x00005421
0x0e54a4: 0x00005421
0x0e54a8: 0x00005421
0x0e54ac: 0x00005421
0x0e54b0: 0x00005421
0x0e54b4: 0x00005421
0x0e54b8: 0x00005421
0x0e54bc: 0x00005421
0x0e54c0: 0x00005421
0x0e54c4: 0x00005421
0x0e54c8: 0x00005421
0x0e54cc: 0x00005421
0x0e54d0: 0x00005421
0x0e54d4: 0x00005421
0x0e54d8: 0x00005421
0x0e54dc: 0x00005421
0x0e54e0: 0x00005421
0x0e54e4: 0x00005421
0x0e54e8: 0x00005421
0x0e54ec: 0x00005421
0x0e54f0: 0x00005421
0x0e54f4: 0x00005421
0x0e54f8: 0x00005421
0x0e54fc: 0x00005421
0x0e5500: 0x00005421
0x0e5504: 0x00005421
0x0e5508: 0x00005421
0x0e550c: 0x00005421
0x0e5510: 0x00005421
0x0e5514: 0x00005421
0x0e5518: 0x00005421
0x0e551c: 0x00005421
0x0e5520: 0x00005421
0x0e5524: 0x00005421
0x0e5528: 0x00005421
0x0e552c: 0x00005421
0x0e5530: 0x00005421
0x0e5534: 0x00005421
0x0e5538: 0x00005421
0x0e553c: 0x00005421
0x0e5540: 0x00005421
0x0e5544: 0x00005421
0x0e5548: 0x00005421
0x0e554c: 0x00005421
0x0e5550: 0x00005421
0x0e5554: 0x00005421
0x0e5558: 0x00005421
0x0e555c: 0x00005421
0x0e5560: 0x00005421
0x0e5564: 0x00005421
0x0e5568: 0x00005421
0x0e556c: 0x00005421
0x0e5570: 0x00005421
0x0e5574: 0x00005421
0x0e5578: 0x00005421
0x0e557c: 0x00005421
0x0e5580: 0x00005421
0x0e5584: 0x00005421
0x0e5588: 0x00005421
0x0e558c: 0x00005421
0x0e5590: 0x00005421
0x0e5594: 0x00005421
0x0e5598: 0x00005421
0x0e559c: 0x00005421
0x0e55a0: 0x00005421
0x0e55a4: 0x00005421
0x0e55a8: 0x00005421
0x0e55ac: 0x00005421
0x0e55b0: 0x00005421
0x0e55b4: 0x00005421
0x0e55b8: 0x00005421
0x0e55bc: 0x00005421
0x0e55c0: 0x00005421
0x0e55c4: 0x00005421
0x0e55c8: 0x00005421
0x0e55cc: 0x00005421
0x0e55d0: 0x00005421
0x0e55d4: 0x00005421
0x0e55d8: 0x00005421
0x0e55dc: 0x00005421
0x0e55e0: 0x00005421
0x0e55e4: 0x00005421
0x0e55e8: 0x00005421
0x0e55ec: 0x00005421
0x0e55f0: 0x00005421
0x0e55f4: 0x00005421
0x0e55f8: 0x00005421
0x0e55fc: 0x00005421
0x0e5600: 0x00005421
0x0e5604: 0x00005421
0x0e5608: 0x00005421
0x0e560c: 0x00005421
0x0e5610: 0x00005421
0x0e5614: 0x00005421
0x0e5618: 0x00005421
0x0e561c: 0x00005421
0x0e5620: 0x00005421
0x0e5624: 0x00005421
0x0e5628: 0x00005421
0x0e562c: 0x00005421
0x0e5630: 0x00005421
0x0e5634: 0x00005421
0x0e5638: 0x00005421
0x0e563c: 0x00005421
0x0e5640: 0x00005421
0x0e5644: 0x00005421
0x0e5648: 0x00005421
0x0e564c: 0x00005421
0x0e5650: 0x00005421
0x0e5654: 0x00005421
0x0e5658: 0x00005421
0x0e565c: 0x00005421
0x0e5660: 0x00005421
0x0e5664: 0x00005421
0x0e5668: 0x00005421
0x0e566c: 0x00005421
0x0e5670: 0x00005421
0x0e5674: 0x00005421
0x0e5678: 0x00005421
0x0e567c: 0x00005421
0x0e5680: 0x00005421
0x0e5684: 0x00005421
0x0e5688: 0x00005421
0x0e568c: 0x00005421
0x0e5690: 0x00005421
0x0e5694: 0x00005421
0x0e5698: 0x00005421
0x0e569c: 0x00005421
0x0e56a0: 0x00005421
0x0e56a4: 0x00005421
0x0e56a8: 0x00005421
0x0e56ac: 0x00005421
0x0e56b0: 0x00005421
0x0e56b4: 0x00005421
0x0e56b8: 0x00005421
0x0e56bc: 0x00005421
0x0e56c0: 0x00005421
0x0e56c4: 0x00005421
0x0e56c8: 0x00005421
0x0e56cc: 0x00005421
0x0e56d0: 0x00005421
0x0e56d4: 0x00005421
0x0e56d8: 0x00005421
0x0e56dc: 0x00005421
0x0e56e0: 0x00005421
0x0e56e4: 0x00005421
0x0e56e8: 0x00005421
0x0e56ec: 0x00005421
0x0e56f0: 0x00005421
0x0e56f4: 0x00005421
0x0e56f8: 0x00005421
0x0e56fc: 0x00005421
0x0e5700: 0x00005421
0x0e5704: 0x00005421
0x0e5708: 0x00005421
0x0e570c: 0x00005421
0x0e5710: 0x00005421
0x0e5714: 0x00005421
0x0e5718: 0x00005421
0x0e571c: 0x00005421
0x0e5720: 0x00005421
0x0e5724: 0x00005421
0x0e5728: 0x00005421
0x0e572c: 0x00005421
0x0e5730: 0x00005421
0x0e5734: 0x00005421
0x0e5738: 0x00005421
0x0e573c: 0x00005421
0x0e5740: 0x00005421
0x0e5744: 0x00005421
0x0e5748: 0x00005421
0x0e574c: 0x00005421
0x0e5750: 0x00005421
0x0e5754: 0x00005421
0x0e5758: 0x00005421
0x0e575c: 0x00005421
0x0e5760: 0x00005421
0x0e5764: 0x00005421
0x0e5768: 0x00005421
0x0e576c: 0x00005421
0x0e5770: 0x00005421
0x0e5774: 0x00005421
0x0e5778: 0x00005421
0x0e577c: 0x00005421
0x0e5780: 0x00005421
0x0e5784: 0x00005421
0x0e5788: 0x00005421
0x0e578c: 0x00005421
0x0e5790: 0x00005421
0x0e5794: 0x00005421
0x0e5798: 0x00005421
0x0e579c: 0x00005421
0x0e57a0: 0x00005421
0x0e57a4: 0x00005421
0x0e57a8: 0x00005421
0x0e57ac: 0x00005421
0x0e57b0: 0x00005421
0x0e57b4: 0x00005421
0x0e57b8: 0x00005421
0x0e57bc: 0x00005421
0x0e57c0: 0x00005421
0x0e57c4: 0x00005421
0x0e57c8: 0x00005421
0x0e57cc: 0x00005421
0x0e57d0: 0x00005421
0x0e57d4: 0x00005421
0x0e57d8: 0x00005421
0x0e57dc: 0x00005421
0x0e57e0: 0x00005421
0x0e57e4: 0x00005421
0x0e57e8: 0x00005421
0x0e57ec: 0x00005421
0x0e57f0: 0x00005421
0x0e57f4: 0x00005421
0x0e57f8: 0x00005421
0x0e57fc: 0x00005421
0x0e5800: 0x00005421
0x0e5804: 0x00005421
0x0e5808: 0x00005421
0x0e580c: 0x00005421
0x0e5810: 0x00005421
0x0e5814: 0x00005421
0x0e5818: 0x00005421
0x0e581c: 0x00005421
0x0e5820: 0x00005421
0x0e5824: 0x00005421
0x0e5828: 0x00005421
0x0e582c: 0x00005421
0x0e5830: 0x00005421
0x0e5834: 0x00005421
0x0e5838: 0x00005421
0x0e583c: 0x00005421
0x0e5840: 0x00005421
0x0e5844: 0x00005421
0x0e5848: 0x00005421
0x0e584c: 0x00005421
0x0e5850: 0x00005421
0x0e5854: 0x00005421
0x0e5858: 0x00005421
0x0e585c: 0x00005421
0x0e5860: 0x00005421
0x0e5864: 0x00005421
0x0e5868: 0x00005421
0x0e586c: 0x00005421
0x0e5870: 0x00005421
0x0e5874: 0x00005421
0x0e5878: 0x00005421
0x0e587c: 0x00005421
0x0e5880: 0x00005421
0x0e5884: 0x00005421
0x0e5888: 0x00005421
0x0e588c: 0x00005421
0x0e5890: 0x00005421
0x0e5894: 0x00005421
0x0e5898: 0x00005421
0x0e589c: 0x00005421
0x0e58a0: 0x00005421
0x0e58a4: 0x00005421
0x0e58a8: 0x00005421
0x0e58ac: 0x00005421
0x0e58b0: 0x00005421
0x0e58b4: 0x00005421
0x0e58b8: 0x00005421
0x0e58bc: 0x00005421
0x0e58c0: 0x00005421
0x0e58c4: 0x00005421
0x0e58c8: 0x00005421
0x0e58cc: 0x00005421
0x0e58d0: 0x00005421
0x0e58d4: 0x00005421
0x0e58d8: 0x00005421
0x0e58dc: 0x00005421
0x0e58e0: 0x00005421
0x0e58e4: 0x00005421
0x0e58e8: 0x00005421
0x0e58ec: 0x00005421
0x0e58f0: 0x00005421
0x0e58f4: 0x00005421
0x0e58f8: 0x00005421
0x0e58fc: 0x00005421
0x0e5900: 0x00005421
0x0e5904: 0x00005421
0x0e5908: 0x00005421
0x0e590c: 0x00005421
0x0e5910: 0x00005421
0x0e5914: 0x00005421
0x0e5918: 0x00005421
0x0e591c: 0x00005421
0x0e5920: 0x00005421
0x0e5924: 0x00005421
0x0e5928: 0x00005421
0x0e592c: 0x00005421
0x0e5930: 0x00005421
0x0e5934: 0x00005421
0x0e5938: 0x00005421
0x0e593c: 0x00005421
0x0e5940: 0x00005421
0x0e5944: 0x00005421
0x0e5948: 0x00005421
0x0e594c: 0x00005421
0x0e5950: 0x00005421
0x0e5954: 0x00005421
0x0e5958: 0x00005421
0x0e595c: 0x00005421
0x0e5960: 0x00005421
0x0e5964: 0x00005421
0x0e5968: 0x00005421
0x0e596c: 0x00005421
0x0e5970: 0x00005421
0x0e5974: 0x00005421
0x0e5978: 0x00005421
0x0e597c: 0x00005421
0x0e5980: 0x00005421
0x0e5984: 0x00005421
0x0e5988: 0x00005421
0x0e598c: 0x00005421
0x0e5990: 0x00005421
0x0e5994: 0x00005421
0x0e5998: 0x00005421
0x0e599c: 0x00005421
0x0e59a0: 0x00005421
0x0e59a4: 0x00005421
0x0e59a8: 0x00005421
0x0e59ac: 0x00005421
0x0e59b0: 0x00005421
0x0e59b4: 0x00005421
0x0e59b8: 0x00005421
0x0e59bc: 0x00005421
0x0e59c0: 0x00005421
0x0e59c4: 0x00005421
0x0e59c8: 0x00005421
0x0e59cc: 0x00005421
0x0e59d0: 0x00005421
0x0e59d4: 0x00005421
0x0e59d8: 0x00005421
0x0e59dc: 0x00005421
0x0e59e0: 0x00005421
0x0e59e4: 0x00005421
0x0e59e8: 0x00005421
0x0e59ec: 0x00005421
0x0e59f0: 0x00005421
0x0e59f4: 0x00005421
0x0e59f8: 0x00005421
0x0e59fc: 0x00005421
0x0e5a00: 0x00005421
0x0e5a04: 0x00005421
0x0e5a08: 0x00005421
0x0e5a0c: 0x00005421
0x0e5a10: 0x00005421
0x0e5a14: 0x00005421
0x0e5a18: 0x00005421
0x0e5a1c: 0x00005421
0x0e5a20: 0x00005421
0x0e5a24: 0x00005421
0x0e5a28: 0x00005421
0x0e5a2c: 0x00005421
0x0e5a30: 0x00005421
0x0e5a34: 0x00005421
0x0e5a38: 0x00005421
0x0e5a3c: 0x00005421
0x0e5a40: 0x00005421
0x0e5a44: 0x00005421
0x0e5a48: 0x00005421
0x0e5a4c: 0x00005421
0x0e5a50: 0x00005421
0x0e5a54: 0x00005421
0x0e5a58: 0x00005421
0x0e5a5c: 0x00005421
0x0e5a60: 0x00005421
0x0e5a64: 0x00005421
0x0e5a68: 0x00005421
0x0e5a6c: 0x00005421
0x0e5a70: 0x00005421
0x0e5a74: 0x00005421
0x0e5a78: 0x00005421
0x0e5a7c: 0x00005421
0x0e5a80: 0x00005421
0x0e5a84: 0x00005421
0x0e5a88: 0x00005421
0x0e5a8c: 0x00005421
0x0e5a90: 0x00005421
0x0e5a94: 0x00005421
0x0e5a98: 0x00005421
0x0e5a9c: 0x00005421
0x0e5aa0: 0x00005421
0x0e5aa4: 0x00005421
0x0e5aa8: 0x00005421
0x0e5aac: 0x00005421
0x0e5ab0: 0x00005421
0x0e5ab4: 0x00005421
0x0e5ab8: 0x00005421
0x0e5abc: 0x00005421
0x0e5ac0: 0x00005421
0x0e5ac4: 0x00005421
0x0e5ac8: 0x00005421
0x0e5acc: 0x00005421
0x0e5ad0: 0x00005421
0x0e5ad4: 0x00005421
0x0e5ad8: 0x00005421
0x0e5adc: 0x00005421
0x0e5ae0: 0x00005421
0x0e5ae4: 0x00005421
0x0e5ae8: 0x00005421
0x0e5aec: 0x00005421
0x0e5af0: 0x00005421
0x0e5af4: 0x00005421
0x0e5af8: 0x00005421
0x0e5afc: 0x00005421
0x0e5b00: 0x00005421
0x0e5b04: 0x00005421
0x0e5b08: 0x00005421
0x0e5b0c: 0x00005421
0x0e5b10: 0x00005421
0x0e5b14: 0x00005421
0x0e5b18: 0x00005421
0x0e5b1c: 0x00005421
0x0e5b20: 0x00005421
0x0e5b24: 0x00005421
0x0e5b28: 0x00005421
0x0e5b2c: 0x00005421
0x0e5b30: 0x00005421
0x0e5b34: 0x00005421
0x0e5b38: 0x00005421
0x0e5b3c: 0x00005421
0x0e5b40: 0x00005421
0x0e5b44: 0x00005421
0x0e5b48: 0x00005421
0x0e5b4c: 0x00005421
0x0e5b50: 0x00005421
0x0e5b54: 0x00005421
0x0e5b58: 0x00005421
0x0e5b5c: 0x00005421
0x0e5b60: 0x00005421
0x0e5b64: 0x00005421
0x0e5b68: 0x00005421
0x0e5b6c: 0x00005421
0x0e5b70: 0x00005421
0x0e5b74: 0x00005421
0x0e5b78: 0x00005421
0x0e5b7c: 0x00005421
0x0e5b80: 0x00005421
0x0e5b84: 0x00005421
0x0e5b88: 0x00005421
0x0e5b8c: 0x00005421
0x0e5b90: 0x00005421
0x0e5b94: 0x00005421
0x0e5b98: 0x00005421
0x0e5b9c: 0x00005421
0x0e5ba0: 0x00005421
0x0e5ba4: 0x00005421
0x0e5ba8: 0x00005421
0x0e5bac: 0x00005421
0x0e5bb0: 0x00005421
0x0e5bb4: 0x00005421
0x0e5bb8: 0x00005421
0x0e5bbc: 0x00005421
0x0e5bc0: 0x00005421
0x0e5bc4: 0x00005421
0x0e5bc8: 0x00005421
0x0e5bcc: 0x00005421
0x0e5bd0: 0x00005421
0x0e5bd4: 0x00005421
0x0e5bd8: 0x00005421
0x0e5bdc: 0x00005421
0x0e5be0: 0x00005421
0x0e5be4: 0x00005421
0x0e5be8: 0x00005421
0x0e5bec: 0x00005421
0x0e5bf0: 0x00005421
0x0e5bf4: 0x00005421
0x0e5bf8: 0x00005421
0x0e5bfc: 0x00005421
0x0e5c00: 0x00005421
0x0e5c04: 0x00005421
0x0e5c08: 0x00005421
0x0e5c0c: 0x00005421
0x0e5c10: 0x00005421
0x0e5c14: 0x00005421
0x0e5c18: 0x00005421
0x0e5c1c: 0x00005421
0x0e5c20: 0x00005421
0x0e5c24: 0x00005421
0x0e5c28: 0x00005421
0x0e5c2c: 0x00005421
0x0e5c30: 0x00005421
0x0e5c34: 0x00005421
0x0e5c38: 0x00005421
0x0e5c3c: 0x00005421
0x0e5c40: 0x00005421
0x0e5c44: 0x00005421
0x0e5c48: 0x00005421
0x0e5c4c: 0x00005421
0x0e5c50: 0x00005421
0x0e5c54: 0x00005421
0x0e5c58: 0x00005421
0x0e5c5c: 0x00005421
0x0e5c60: 0x00005421
0x0e5c64: 0x00005421
0x0e5c68: 0x00005421
0x0e5c6c: 0x00005421
0x0e5c70: 0x00005421
0x0e5c74: 0x00005421
0x0e5c78: 0x00005421
0x0e5c7c: 0x00005421
0x0e5c80: 0x00005421
0x0e5c84: 0x00005421
0x0e5c88: 0x00005421
0x0e5c8c: 0x00005421
0x0e5c90: 0x00005421
0x0e5c94: 0x00005421
0x0e5c98: 0x00005421
0x0e5c9c: 0x00005421
0x0e5ca0: 0x00005421
0x0e5ca4: 0x00005421
0x0e5ca8: 0x00005421
0x0e5cac: 0x00005421
0x0e5cb0: 0x00005421
0x0e5cb4: 0x00005421
0x0e5cb8: 0x00005421
0x0e5cbc: 0x00005421
0x0e5cc0: 0x00005421
0x0e5cc4: 0x00005421
0x0e5cc8: 0x00005421
0x0e5ccc: 0x00005421
0x0e5cd0: 0x00005421
0x0e5cd4: 0x00005421
0x0e5cd8: 0x00005421
0x0e5cdc: 0x00005421
0x0e5ce0: 0x00005421
0x0e5ce4: 0x00005421
0x0e5ce8: 0x00005421
0x0e5cec: 0x00005421
0x0e5cf0: 0x00005421
0x0e5cf4: 0x00005421
0x0e5cf8: 0x00005421
0x0e5cfc: 0x00005421
0x0e5d00: 0x00005421
0x0e5d04: 0x00005421
0x0e5d08: 0x00005421
0x0e5d0c: 0x00005421
0x0e5d10: 0x00005421
0x0e5d14: 0x00005421
0x0e5d18: 0x00005421
0x0e5d1c: 0x00005421
0x0e5d20: 0x00005421
0x0e5d24: 0x00005421
0x0e5d28: 0x00005421
0x0e5d2c: 0x00005421
0x0e5d30: 0x00005421
0x0e5d34: 0x00005421
0x0e5d38: 0x00005421
0x0e5d3c: 0x00005421
0x0e5d40: 0x00005421
0x0e5d44: 0x00005421
0x0e5d48: 0x00005421
0x0e5d4c: 0x00005421
0x0e5d50: 0x00005421
0x0e5d54: 0x00005421
0x0e5d58: 0x00005421
0x0e5d5c: 0x00005421
0x0e5d60: 0x00005421
0x0e5d64: 0x00005421
0x0e5d68: 0x00005421
0x0e5d6c: 0x00005421
0x0e5d70: 0x00005421
0x0e5d74: 0x00005421
0x0e5d78: 0x00005421
0x0e5d7c: 0x00005421
0x0e5d80: 0x00005421
0x0e5d84: 0x00005421
0x0e5d88: 0x00005421
0x0e5d8c: 0x00005421
0x0e5d90: 0x00005421
0x0e5d94: 0x00005421
0x0e5d98: 0x00005421
0x0e5d9c: 0x00005421
0x0e5da0: 0x00005421
0x0e5da4: 0x00005421
0x0e5da8: 0x00005421
0x0e5dac: 0x00005421
0x0e5db0: 0x00005421
0x0e5db4: 0x00005421
0x0e5db8: 0x00005421
0x0e5dbc: 0x00005421
0x0e5dc0: 0x00005421
0x0e5dc4: 0x00005421
0x0e5dc8: 0x00005421
0x0e5dcc: 0x00005421
0x0e5dd0: 0x00005421
0x0e5dd4: 0x00005421
0x0e5dd8: 0x00005421
0x0e5ddc: 0x00005421
0x0e5de0: 0x00005421
0x0e5de4: 0x00005421
0x0e5de8: 0x00005421
0x0e5dec: 0x00005421
0x0e5df0: 0x00005421
0x0e5df4: 0x00005421
0x0e5df8: 0x00005421
0x0e5dfc: 0x00005421
0x0e5e00: 0x00005421
0x0e5e04: 0x00005421
0x0e5e08: 0x00005421
0x0e5e0c: 0x00005421
0x0e5e10: 0x00005421
0x0e5e14: 0x00005421
0x0e5e18: 0x00005421
0x0e5e1c: 0x00005421
0x0e5e20: 0x00005421
0x0e5e24: 0x00005421
0x0e5e28: 0x00005421
0x0e5e2c: 0x00005421
0x0e5e30: 0x00005421
0x0e5e34: 0x00005421
0x0e5e38: 0x00005421
0x0e5e3c: 0x00005421
0x0e5e40: 0x00005421
0x0e5e44: 0x00005421
0x0e5e48: 0x00005421
0x0e5e4c: 0x00005421
0x0e5e50: 0x00005421
0x0e5e54: 0x00005421
0x0e5e58: 0x00005421
0x0e5e5c: 0x00005421
0x0e5e60: 0x00005421
0x0e5e64: 0x00005421
0x0e5e68: 0x00005421
0x0e5e6c: 0x00005421
0x0e5e70: 0x00005421
0x0e5e74: 0x00005421
0x0e5e78: 0x00005421
0x0e5e7c: 0x00005421
0x0e5e80: 0x00005421
0x0e5e84: 0x00005421
0x0e5e88: 0x00005421
0x0e5e8c: 0x00005421
0x0e5e90: 0x00005421
0x0e5e94: 0x00005421
0x0e5e98: 0x00005421
0x0e5e9c: 0x00005421
0x0e5ea0: 0x00005421
0x0e5ea4: 0x00005421
0x0e5ea8: 0x00005421
0x0e5eac: 0x00005421
0x0e5eb0: 0x00005421
0x0e5eb4: 0x00005421
0x0e5eb8: 0x00005421
0x0e5ebc: 0x00005421
0x0e5ec0: 0x00005421
0x0e5ec4: 0x00005421
0x0e5ec8: 0x00005421
0x0e5ecc: 0x00005421
0x0e5ed0: 0x00005421
0x0e5ed4: 0x00005421
0x0e5ed8: 0x00005421
0x0e5edc: 0x00005421
0x0e5ee0: 0x00005421
0x0e5ee4: 0x00005421
0x0e5ee8: 0x00005421
0x0e5eec: 0x00005421
0x0e5ef0: 0x00005421
0x0e5ef4: 0x00005421
0x0e5ef8: 0x00005421
0x0e5efc: 0x00005421
0x0e5f20: 0x00004631
0x0e6018: 0x00000200
0x0e6118: 0x000003a0
0x0e6218: 0x00003459
0x0e6508: 0x25140520
0x0e650c: 0x02888020
0x0e6608: 0xc004920a
0x0e660c: 0x83819f00
0x0e6708: 0x02290640
0x0e670c: 0x2a59cb66
0x0e6808: 0x00185049
0x0e680c: 0x40161803
0x0e6c04: 0x00000004
0x0e6c08: 0x00000004
0x0e6c0c: 0x00000004
0x0ec004: 0x302e4120
0x0ec008: 0x2c010757
0x0ec00c: 0x00008000
0x0ec010: 0x00008400
0x0ec014: 0x00000010
0x0ec018: 0x00000010
0x0ec01c: 0x302e4120
0x0ec020: 0x2c010757
0x0ec024: 0x00008000
0x0ec028: 0x00008000
0x0ec02c: 0x00000010
0x0ec030: 0x00000010
0x0ec034: 0x302e4120
0x0ec038: 0x2c010757
0x0ec03c: 0x00008000
0x0ec040: 0x00008400
0x0ec044: 0x00000010
0x0ec048: 0x00000010
0x0ec04c: 0x302e4120
0x0ec050: 0x2c010757
0x0ec054: 0x00008000
0x0ec058: 0x00008400
0x0ec05c: 0x00000010
0x0ec060: 0x00000010
0x0ec064: 0x00000020
0x0ec404: 0x302e4120
0x0ec408: 0x2c010757
0x0ec40c: 0x00008000
0x0ec410: 0x00008400
0x0ec414: 0x00000010
0x0ec418: 0x00000010
0x0ec41c: 0x302e4120
0x0ec420: 0x2c010757
0x0ec424: 0x00008000
0x0ec428: 0x00008000
0x0ec42c: 0x00000010
0x0ec430: 0x00000010
0x0ec434: 0x302e4120
0x0ec438: 0x2c010757
0x0ec43c: 0x00008000
0x0ec440: 0x00008400
0x0ec444: 0x00000010
0x0ec448: 0x00000010
0x0ec44c: 0x302e4120
0x0ec450: 0x2c010757
0x0ec454: 0x00008000
0x0ec458: 0x00008000
0x0ec45c: 0x00000010
0x0ec460: 0x00000010
0x0ec464: 0x00000010
0x0ec468: 0x00000010
0x0ec46c: 0x00000010
0x0ec470: 0x00000010
0x0ec474: 0x00000010
0x0ec478: 0x00000010
0x0ec47c: 0x00000010
0x0ec480: 0x00000010
0x0ec484: 0x00000010
0x0ec488: 0x00000010
0x0ec48c: 0x00000010
0x0ec490: 0x00000010
0x0ec494: 0x00000010
0x0ec498: 0x00000010
0x0ec49c: 0x00000010
0x0ec4a0: 0x00000010
0x0ec4a4: 0x00000010
0x0ec4a8: 0x00000010
0x0ec4ac: 0x00000010
0x0ec4b0: 0x00000010
0x0ec4b4: 0x00000010
0x0ec4b8: 0x00000010
0x0ec4bc: 0x00000010
0x0ec4c0: 0x00000010
0x0ec4c4: 0x00000010
0x0ec4c8: 0x00000010
0x0ec4cc: 0x00000010
0x0ec4d0: 0x00000010
0x0ec4d4: 0x00000010
0x0ec4d8: 0x00000010
0x0ec4dc: 0x00000010
0x0ec4e0: 0x00000010
0x0ec4e4: 0x00000010
0x0ec4e8: 0x00000010
0x0ec4ec: 0x00000010
0x0ec4f0: 0x00000010
0x0ec4f4: 0x00000010
0x0ec4f8: 0x00000010
0x0ec4fc: 0x00000010
0x0ec500: 0x00000010
0x0ec504: 0x00000010
0x0ec508: 0x00000010
0x0ec50c: 0x00000010
0x0ec510: 0x00000010
0x0ec514: 0x00000010
0x0ec518: 0x00000010
0x0ec51c: 0x00000010
0x0ec520: 0x00000010
0x0ec524: 0x00000010
0x0ec528: 0x00000010
0x0ec52c: 0x00000010
0x0ec530: 0x00000010
0x0ec534: 0x00000010
0x0ec538: 0x00000010
0x0ec53c: 0x00000010
0x0ec540: 0x00000010
0x0ec544: 0x00000010
0x0ec548: 0x00000010
0x0ec54c: 0x00000010
0x0ec550: 0x00000010
0x0ec554: 0x00000010
0x0ec558: 0x00000010
0x0ec55c: 0x00000010
0x0ec560: 0x00000010
0x0ec564: 0x00000010
0x0ec568: 0x00000010
0x0ec56c: 0x00000010
0x0ec570: 0x00000010
0x0ec574: 0x00000010
0x0ec578: 0x00000010
0x0ec57c: 0x00000010
0x0ec580: 0x00000010
0x0ec584: 0x00000010
0x0ec588: 0x00000010
0x0ec58c: 0x00000010
0x0ec590: 0x00000010
0x0ec594: 0x00000010
0x0ec598: 0x00000010
0x0ec59c: 0x00000010
0x0ec5a0: 0x00000010
0x0ec5a4: 0x00000010
0x0ec5a8: 0x00000010
0x0ec5ac: 0x00000010
0x0ec5b0: 0x00000010
0x0ec5b4: 0x00000010
0x0ec5b8: 0x00000010
0x0ec5bc: 0x00000010
0x0ec5c0: 0x00000010
0x0ec5c4: 0x00000010
0x0ec5c8: 0x00000010
0x0ec5cc: 0x00000010
0x0ec5d0: 0x00000010
0x0ec5d4: 0x00000010
0x0ec5d8: 0x00000010
0x0ec5dc: 0x00000010
0x0ec5e0: 0x00000010
0x0ec5e4: 0x00000010
0x0ec5e8: 0x00000010
0x0ec5ec: 0x00000010
0x0ec5f0: 0x00000010
0x0ec5f4: 0x00000010
0x0ec5f8: 0x00000010
0x0ec5fc: 0x00000010
0x0ec600: 0x00000010
0x0ec604: 0x00000010
0x0ec608: 0x00000010
0x0ec60c: 0x00000010
0x0ec610: 0x00000010
0x0ec614: 0x00000010
0x0ec618: 0x00000010
0x0ec61c: 0x00000010
0x0ec620: 0x00000010
0x0ec624: 0x00000010
0x0ec628: 0x00000010
0x0ec62c: 0x00000010
0x0ec630: 0x00000010
0x0ec634: 0x00000010
0x0ec638: 0x00000010
0x0ec63c: 0x00000010
0x0ec640: 0x00000010
0x0ec644: 0x00000010
0x0ec648: 0x00000010
0x0ec64c: 0x00000010
0x0ec650: 0x00000010
0x0ec654: 0x00000010
0x0ec658: 0x00000010
0x0ec65c: 0x00000010
0x0ec660: 0x00000010
0x0ec664: 0x00000010
0x0ec668: 0x00000010
0x0ec66c: 0x00000010
0x0ec670: 0x00000010
0x0ec674: 0x00000010
0x0ec678: 0x00000010
0x0ec67c: 0x00000010
0x0ec680: 0x00000010
0x0ec684: 0x00000010
0x0ec688: 0x00000010
0x0ec68c: 0x00000010
0x0ec690: 0x00000010
0x0ec694: 0x00000010
0x0ec698: 0x00000010
0x0ec69c: 0x00000010
0x0ec6a0: 0x00000010
0x0ec6a4: 0x00000010
0x0ec6a8: 0x00000010
0x0ec6ac: 0x00000010
0x0ec6b0: 0x00000010
0x0ec6b4: 0x00000010
0x0ec6b8: 0x00000010
0x0ec6bc: 0x00000010
0x0ec6c0: 0x00000010
0x0ec6c4: 0x00000010
0x0ec6c8: 0x00000010
0x0ec6cc: 0x00000010
0x0ec6d0: 0x00000010
0x0ec6d4: 0x00000010
0x0ec6d8: 0x00000010
0x0ec6dc: 0x00000010
0x0ec6e0: 0x00000010
0x0ec6e4: 0x00000010
0x0ec6e8: 0x00000010
0x0ec6ec: 0x00000010
0x0ec6f0: 0x00000010
0x0ec6f4: 0x00000010
0x0ec6f8: 0x00000010
0x0ec6fc: 0x00000010
0x0ec700: 0x00000010
0x0ec704: 0x00000010
0x0ec708: 0x00000010
0x0ec70c: 0x00000010
0x0ec710: 0x00000010
0x0ec714: 0x00000010
0x0ec718: 0x00000010
0x0ec71c: 0x00000010
0x0ec720: 0x00000010
0x0ec724: 0x00000010
0x0ec728: 0x00000010
0x0ec72c: 0x00000010
0x0ec730: 0x00000010
0x0ec734: 0x00000010
0x0ec738: 0x00000010
0x0ec73c: 0x00000010
0x0ec740: 0x00000010
0x0ec744: 0x00000010
0x0ec748: 0x00000010
0x0ec74c: 0x00000010
0x0ec750: 0x00000010
0x0ec754: 0x00000010
0x0ec758: 0x00000010
0x0ec75c: 0x00000010
0x0ec760: 0x00000010
0x0ec764: 0x00000010
0x0ec768: 0x00000010
0x0ec76c: 0x00000010
0x0ec770: 0x00000010
0x0ec774: 0x00000010
0x0ec778: 0x00000010
0x0ec77c: 0x00000010
0x0ec780: 0x00000010
0x0ec784: 0x00000010
0x0ec788: 0x00000010
0x0ec78c: 0x00000010
0x0ec790: 0x00000010
0x0ec794: 0x00000010
0x0ec798: 0x00000010
0x0ec79c: 0x00000010
0x0ec7a0: 0x00000010
0x0ec7a4: 0x00000010
0x0ec7a8: 0x00000010
0x0ec7ac: 0x00000010
0x0ec7b0: 0x00000010
0x0ec7b4: 0x00000010
0x0ec7b8: 0x00000010
0x0ec7bc: 0x00000010
0x0ec7c0: 0x00000010
0x0ec7c4: 0x00000010
0x0ec7c8: 0x00000010
0x0ec7cc: 0x00000010
0x0ec7d0: 0x00000010
0x0ec7d4: 0x00000010
0x0ec7d8: 0x00000010
0x0ec7dc: 0x00000010
0x0ec7e0: 0x00000010
0x0ec7e4: 0x00000010
0x0ec7e8: 0x00000010
0x0ec7ec: 0x00000010
0x0ec7f0: 0x00000010
0x0ec7f4: 0x00000010
0x0ec7f8: 0x00000010
0x0ec7fc: 0x00000010
0x0ec800: 0x00000010
0x0ec804: 0x00000010
0x0ec808: 0x00000010
0x0ec80c: 0x00000010
0x0ec810: 0x00000010
0x0ec814: 0x00000010
0x0ec818: 0x00000010
0x0ec81c: 0x00000010
0x0ec820: 0x00000010
0x0ec824: 0x00000010
0x0ec828: 0x00000010
0x0ec82c: 0x00000010
0x0ec830: 0x00000010
0x0ec834: 0x00000010
0x0ec838: 0x00000010
0x0ec83c: 0x00000010
0x0ec840: 0x00000010
0x0ec844: 0x00000010
0x0ec848: 0x00000010
0x0ec84c: 0x00000010
0x0ec850: 0x00000010
0x0ec854: 0x00000010
0x0ec858: 0x00000010
0x0ec85c: 0x00000010
0x0ec860: 0x00000010
0x0ec864: 0x00000010
0x0ec868: 0x00000010
0x0ec86c: 0x00000010
0x0ec870: 0x00000010
0x0ec874: 0x00000010
0x0ec878: 0x00000010
0x0ec87c: 0x00000010
0x0ec880: 0x00000010
0x0ec884: 0x00000010
0x0ec888: 0x00000010
0x0ec88c: 0x00000010
0x0ec890: 0x00000010
0x0ec894: 0x00000010
0x0ec898: 0x00000010
0x0ec89c: 0x00000010
0x0ec8a0: 0x00000010
0x0ec8a4: 0x00000010
0x0ec8a8: 0x00000010
0x0ec8ac: 0x00000010
0x0ec8b0: 0x00000010
0x0ec8b4: 0x00000010
0x0ec8b8: 0x00000010
0x0ec8bc: 0x00000010
0x0ec8c0: 0x00000010
0x0ec8c4: 0x00000010
0x0ec8c8: 0x00000010
0x0ec8cc: 0x00000010
0x0ec8d0: 0x00000010
0x0ec8d4: 0x00000010
0x0ec8d8: 0x00000010
0x0ec8dc: 0x00000010
0x0ec8e0: 0x00000010
0x0ec8e4: 0x00000010
0x0ec8e8: 0x00000010
0x0ec8ec: 0x00000010
0x0ec8f0: 0x00000010
0x0ec8f4: 0x00000010
0x0ec8f8: 0x00000010
0x0ec8fc: 0x00000010
0x0ec900: 0x00000010
0x0ec904: 0x00000010
0x0ec908: 0x00000010
0x0ec90c: 0x00000010
0x0ec910: 0x00000010
0x0ec914: 0x00000010
0x0ec918: 0x00000010
0x0ec91c: 0x00000010
0x0ec920: 0x00000010
0x0ec924: 0x00000010
0x0ec928: 0x00000010
0x0ec92c: 0x00000010
0x0ec930: 0x00000010
0x0ec934: 0x00000010
0x0ec938: 0x00000010
0x0ec93c: 0x00000010
0x0ec940: 0x00000010
0x0ec944: 0x00000010
0x0ec948: 0x00000010
0x0ec94c: 0x00000010
0x0ec950: 0x00000010
0x0ec954: 0x00000010
0x0ec958: 0x00000010
0x0ec95c: 0x00000010
0x0ec960: 0x00000010
0x0ec964: 0x00000010
0x0ec968: 0x00000010
0x0ec96c: 0x00000010
0x0ec970: 0x00000010
0x0ec974: 0x00000010
0x0ec978: 0x00000010
0x0ec97c: 0x00000010
0x0ec980: 0x00000010
0x0ec984: 0x00000010
0x0ec988: 0x00000010
0x0ec98c: 0x00000010
0x0ec990: 0x00000010
0x0ec994: 0x00000010
0x0ec998: 0x00000010
0x0ec99c: 0x00000010
0x0ec9a0: 0x00000010
0x0ec9a4: 0x00000010
0x0ec9a8: 0x00000010
0x0ec9ac: 0x00000010
0x0ec9b0: 0x00000010
0x0ec9b4: 0x00000010
0x0ec9b8: 0x00000010
0x0ec9bc: 0x00000010
0x0ec9c0: 0x00000010
0x0ec9c4: 0x00000010
0x0ec9c8: 0x00000010
0x0ec9cc: 0x00000010
0x0ec9d0: 0x00000010
0x0ec9d4: 0x00000010
0x0ec9d8: 0x00000010
0x0ec9dc: 0x00000010
0x0ec9e0: 0x00000010
0x0ec9e4: 0x00000010
0x0ec9e8: 0x00000010
0x0ec9ec: 0x00000010
0x0ec9f0: 0x00000010
0x0ec9f4: 0x00000010
0x0ec9f8: 0x00000010
0x0ec9fc: 0x00000010
0x0eca00: 0x00000010
0x0eca04: 0x00000010
0x0eca08: 0x00000010
0x0eca0c: 0x00000010
0x0eca10: 0x00000010
0x0eca14: 0x00000010
0x0eca18: 0x00000010
0x0eca1c: 0x00000010
0x0eca20: 0x00000010
0x0eca24: 0x00000010
0x0eca28: 0x00000010
0x0eca2c: 0x00000010
0x0eca30: 0x00000010
0x0eca34: 0x00000010
0x0eca38: 0x00000010
0x0eca3c: 0x00000010
0x0eca40: 0x00000010
0x0eca44: 0x00000010
0x0eca48: 0x00000010
0x0eca4c: 0x00000010
0x0eca50: 0x00000010
0x0eca54: 0x00000010
0x0eca58: 0x00000010
0x0eca5c: 0x00000010
0x0eca60: 0x00000010
0x0eca64: 0x00000010
0x0eca68: 0x00000010
0x0eca6c: 0x00000010
0x0eca70: 0x00000010
0x0eca74: 0x00000010
0x0eca78: 0x00000010
0x0eca7c: 0x00000010
0x0eca80: 0x00000010
0x0eca84: 0x00000010
0x0eca88: 0x00000010
0x0eca8c: 0x00000010
0x0eca90: 0x00000010
0x0eca94: 0x00000010
0x0eca98: 0x00000010
0x0eca9c: 0x00000010
0x0ecaa0: 0x00000010
0x0ecaa4: 0x00000010
0x0ecaa8: 0x00000010
0x0ecaac: 0x00000010
0x0ecab0: 0x00000010
0x0ecab4: 0x00000010
0x0ecab8: 0x00000010
0x0ecabc: 0x00000010
0x0ecac0: 0x00000010
0x0ecac4: 0x00000010
0x0ecac8: 0x00000010
0x0ecacc: 0x00000010
0x0ecad0: 0x00000010
0x0ecad4: 0x00000010
0x0ecad8: 0x00000010
0x0ecadc: 0x00000010
0x0ecae0: 0x00000010
0x0ecae4: 0x00000010
0x0ecae8: 0x00000010
0x0ecaec: 0x00000010
0x0ecaf0: 0x00000010
0x0ecaf4: 0x00000010
0x0ecaf8: 0x00000010
0x0ecafc: 0x00000010
0x0ecb00: 0x00000010
0x0ecb04: 0x00000010
0x0ecb08: 0x00000010
0x0ecb0c: 0x00000010
0x0ecb10: 0x00000010
0x0ecb14: 0x00000010
0x0ecb18: 0x00000010
0x0ecb1c: 0x00000010
0x0ecb20: 0x00000010
0x0ecb24: 0x00000010
0x0ecb28: 0x00000010
0x0ecb2c: 0x00000010
0x0ecb30: 0x00000010
0x0ecb34: 0x00000010
0x0ecb38: 0x00000010
0x0ecb3c: 0x00000010
0x0ecb40: 0x00000010
0x0ecb44: 0x00000010
0x0ecb48: 0x00000010
0x0ecb4c: 0x00000010
0x0ecb50: 0x00000010
0x0ecb54: 0x00000010
0x0ecb58: 0x00000010
0x0ecb5c: 0x00000010
0x0ecb60: 0x00000010
0x0ecb64: 0x00000010
0x0ecb68: 0x00000010
0x0ecb6c: 0x00000010
0x0ecb70: 0x00000010
0x0ecb74: 0x00000010
0x0ecb78: 0x00000010
0x0ecb7c: 0x00000010
0x0ecb80: 0x00000010
0x0ecb84: 0x00000010
0x0ecb88: 0x00000010
0x0ecb8c: 0x00000010
0x0ecb90: 0x00000010
0x0ecb94: 0x00000010
0x0ecb98: 0x00000010
0x0ecb9c: 0x00000010
0x0ecba0: 0x00000010
0x0ecba4: 0x00000010
0x0ecba8: 0x00000010
0x0ecbac: 0x00000010
0x0ecbb0: 0x00000010
0x0ecbb4: 0x00000010
0x0ecbb8: 0x00000010
0x0ecbbc: 0x00000010
0x0ecbc0: 0x00000010
0x0ecbc4: 0x00000010
0x0ecbc8: 0x00000010
0x0ecbcc: 0x00000010
0x0ecbd0: 0x00000010
0x0ecbd4: 0x00000010
0x0ecbd8: 0x00000010
0x0ecbdc: 0x00000010
0x0ecbe0: 0x00000010
0x0ecbe4: 0x00000010
0x0ecbe8: 0x00000010
0x0ecbec: 0x00000010
0x0ecbf0: 0x00000010
0x0ecbf4: 0x00000010
0x0ecbf8: 0x00000010
0x0ecbfc: 0x00000010
0x0ecc00: 0x00000010
0x0ecc04: 0x00000010
0x0ecc08: 0x00000010
0x0ecc0c: 0x00000010
0x0ecc10: 0x00000010
0x0ecc14: 0x00000010
0x0ecc18: 0x00000010
0x0ecc1c: 0x00000010
0x0ecc20: 0x00000010
0x0ecc24: 0x00000010
0x0ecc28: 0x00000010
0x0ecc2c: 0x00000010
0x0ecc30: 0x00000010
0x0ecc34: 0x00000010
0x0ecc38: 0x00000010
0x0ecc3c: 0x00000010
0x0ecc40: 0x00000010
0x0ecc44: 0x00000010
0x0ecc48: 0x00000010
0x0ecc4c: 0x00000010
0x0ecc50: 0x00000010
0x0ecc54: 0x00000010
0x0ecc58: 0x00000010
0x0ecc5c: 0x00000010
0x0ecc60: 0x00000010
0x0ecc64: 0x00000010
0x0ecc68: 0x00000010
0x0ecc6c: 0x00000010
0x0ecc70: 0x00000010
0x0ecc74: 0x00000010
0x0ecc78: 0x00000010
0x0ecc7c: 0x00000010
0x0ecc80: 0x00000010
0x0ecc84: 0x00000010
0x0ecc88: 0x00000010
0x0ecc8c: 0x00000010
0x0ecc90: 0x00000010
0x0ecc94: 0x00000010
0x0ecc98: 0x00000010
0x0ecc9c: 0x00000010
0x0ecca0: 0x00000010
0x0ecca4: 0x00000010
0x0ecca8: 0x00000010
0x0eccac: 0x00000010
0x0eccb0: 0x00000010
0x0eccb4: 0x00000010
0x0eccb8: 0x00000010
0x0eccbc: 0x00000010
0x0eccc0: 0x00000010
0x0eccc4: 0x00000010
0x0eccc8: 0x00000010
0x0ecccc: 0x00000010
0x0eccd0: 0x00000010
0x0eccd4: 0x00000010
0x0eccd8: 0x00000010
0x0eccdc: 0x00000010
0x0ecce0: 0x00000010
0x0ecce4: 0x00000010
0x0ecce8: 0x00000010
0x0eccec: 0x00000010
0x0eccf0: 0x00000010
0x0eccf4: 0x00000010
0x0eccf8: 0x00000010
0x0eccfc: 0x00000010
0x0ecd00: 0x00000010
0x0ecd04: 0x00000010
0x0ecd08: 0x00000010
0x0ecd0c: 0x00000010
0x0ecd10: 0x00000010
0x0ecd14: 0x00000010
0x0ecd18: 0x00000010
0x0ecd1c: 0x00000010
0x0ecd20: 0x00000010
0x0ecd24: 0x00000010
0x0ecd28: 0x00000010
0x0ecd2c: 0x00000010
0x0ecd30: 0x00000010
0x0ecd34: 0x00000010
0x0ecd38: 0x00000010
0x0ecd3c: 0x00000010
0x0ecd40: 0x00000010
0x0ecd44: 0x00000010
0x0ecd48: 0x00000010
0x0ecd4c: 0x00000010
0x0ecd50: 0x00000010
0x0ecd54: 0x00000010
0x0ecd58: 0x00000010
0x0ecd5c: 0x00000010
0x0ecd60: 0x00000010
0x0ecd64: 0x00000010
0x0ecd68: 0x00000010
0x0ecd6c: 0x00000010
0x0ecd70: 0x00000010
0x0ecd74: 0x00000010
0x0ecd78: 0x00000010
0x0ecd7c: 0x00000010
0x0ecd80: 0x00000010
0x0ecd84: 0x00000010
0x0ecd88: 0x00000010
0x0ecd8c: 0x00000010
0x0ecd90: 0x00000010
0x0ecd94: 0x00000010
0x0ecd98: 0x00000010
0x0ecd9c: 0x00000010
0x0ecda0: 0x00000010
0x0ecda4: 0x00000010
0x0ecda8: 0x00000010
0x0ecdac: 0x00000010
0x0ecdb0: 0x00000010
0x0ecdb4: 0x00000010
0x0ecdb8: 0x00000010
0x0ecdbc: 0x00000010
0x0ecdc0: 0x00000010
0x0ecdc4: 0x00000010
0x0ecdc8: 0x00000010
0x0ecdcc: 0x00000010
0x0ecdd0: 0x00000010
0x0ecdd4: 0x00000010
0x0ecdd8: 0x00000010
0x0ecddc: 0x00000010
0x0ecde0: 0x00000010
0x0ecde4: 0x00000010
0x0ecde8: 0x00000010
0x0ecdec: 0x00000010
0x0ecdf0: 0x00000010
0x0ecdf4: 0x00000010
0x0ecdf8: 0x00000010
0x0ecdfc: 0x00000010
0x0ece00: 0x00000010
0x0ece04: 0x00000010
0x0ece08: 0x00000010
0x0ece0c: 0x00000010
0x0ece10: 0x00000010
0x0ece14: 0x00000010
0x0ece18: 0x00000010
0x0ece1c: 0x00000010
0x0ece20: 0x00000010
0x0ece24: 0x00000010
0x0ece28: 0x00000010
0x0ece2c: 0x00000010
0x0ece30: 0x00000010
0x0ece34: 0x00000010
0x0ece38: 0x00000010
0x0ece3c: 0x00000010
0x0ece40: 0x00000010
0x0ece44: 0x00000010
0x0ece48: 0x00000010
0x0ece4c: 0x00000010
0x0ece50: 0x00000010
0x0ece54: 0x00000010
0x0ece58: 0x00000010
0x0ece5c: 0x00000010
0x0ece60: 0x00000010
0x0ece64: 0x00000010
0x0ece68: 0x00000010
0x0ece6c: 0x00000010
0x0ece70: 0x00000010
0x0ece74: 0x00000010
0x0ece78: 0x00000010
0x0ece7c: 0x00000010
0x0ece80: 0x00000010
0x0ece84: 0x00000010
0x0ece88: 0x00000010
0x0ece8c: 0x00000010
0x0ece90: 0x00000010
0x0ece94: 0x00000010
0x0ece98: 0x00000010
0x0ece9c: 0x00000010
0x0ecea0: 0x00000010
0x0ecea4: 0x00000010
0x0ecea8: 0x00000010
0x0eceac: 0x00000010
0x0eceb0: 0x00000010
0x0eceb4: 0x00000010
0x0eceb8: 0x00000010
0x0ecebc: 0x00000010
0x0ecec0: 0x00000010
0x0ecec4: 0x00000010
0x0ecec8: 0x00000010
0x0ececc: 0x00000010
0x0eced0: 0x00000010
0x0eced4: 0x00000010
0x0eced8: 0x00000010
0x0ecedc: 0x00000010
0x0ecee0: 0x00000010
0x0ecee4: 0x00000010
0x0ecee8: 0x00000010
0x0eceec: 0x00000010
0x0ecef0: 0x00000010
0x0ecef4: 0x00000010
0x0ecef8: 0x00000010
0x0ecefc: 0x00000010
0x0ecf00: 0x00000010
0x0ecf04: 0x00000010
0x0ecf08: 0x00000010
0x0ecf0c: 0x00000010
0x0ecf10: 0x00000010
0x0ecf14: 0x00000010
0x0ecf18: 0x00000010
0x0ecf1c: 0x00000010
0x0ecf20: 0x00000010
0x0ecf24: 0x00000010
0x0ecf28: 0x00000010
0x0ecf2c: 0x00000010
0x0ecf30: 0x00000010
0x0ecf34: 0x00000010
0x0ecf38: 0x00000010
0x0ecf3c: 0x00000010
0x0ecf40: 0x00000010
0x0ecf44: 0x00000010
0x0ecf48: 0x00000010
0x0ecf4c: 0x00000010
0x0ecf50: 0x00000010
0x0ecf54: 0x00000010
0x0ecf58: 0x00000010
0x0ecf5c: 0x00000010
0x0ecf60: 0x00000010
0x0ecf64: 0x00000010
0x0ecf68: 0x00000010
0x0ecf6c: 0x00000010
0x0ecf70: 0x00000010
0x0ecf74: 0x00000010
0x0ecf78: 0x00000010
0x0ecf7c: 0x00000010
0x0ecf80: 0x00000010
0x0ecf84: 0x00000010
0x0ecf88: 0x00000010
0x0ecf8c: 0x00000010
0x0ecf90: 0x00000010
0x0ecf94: 0x00000010
0x0ecf98: 0x00000010
0x0ecf9c: 0x00000010
0x0ecfa0: 0x00000010
0x0ecfa4: 0x00000010
0x0ecfa8: 0x00000010
0x0ecfac: 0x00000010
0x0ecfb0: 0x00000010
0x0ecfb4: 0x00000010
0x0ecfb8: 0x00000010
0x0ecfbc: 0x00000010
0x0ecfc0: 0x00000010
0x0ecfc4: 0x00000010
0x0ecfc8: 0x00000010
0x0ecfcc: 0x00000010
0x0ecfd0: 0x00000010
0x0ecfd4: 0x00000010
0x0ecfd8: 0x00000010
0x0ecfdc: 0x00000010
0x0ecfe0: 0x00000010
0x0ecfe4: 0x00000010
0x0ecfe8: 0x00000010
0x0ecfec: 0x00000010
0x0ecff0: 0x00000010
0x0ecff4: 0x00000010
0x0ecff8: 0x00000010
0x0ecffc: 0x00000010
0x0ed000: 0x00000010
0x0ed004: 0x00000010
0x0ed008: 0x00000010
0x0ed00c: 0x00000010
0x0ed010: 0x00000010
0x0ed014: 0x00000010
0x0ed018: 0x00000010
0x0ed01c: 0x00000010
0x0ed020: 0x00000010
0x0ed024: 0x00000010
0x0ed028: 0x00000010
0x0ed02c: 0x00000010
0x0ed030: 0x00000010
0x0ed034: 0x00000010
0x0ed038: 0x00000010
0x0ed03c: 0x00000010
0x0ed040: 0x00000010
0x0ed044: 0x00000010
0x0ed048: 0x00000010
0x0ed04c: 0x00000010
0x0ed050: 0x00000010
0x0ed054: 0x00000010
0x0ed058: 0x00000010
0x0ed05c: 0x00000010
0x0ed060: 0x00000010
0x0ed064: 0x00000010
0x0ed068: 0x00000010
0x0ed06c: 0x00000010
0x0ed070: 0x00000010
0x0ed074: 0x00000010
0x0ed078: 0x00000010
0x0ed07c: 0x00000010
0x0ed080: 0x00000010
0x0ed084: 0x00000010
0x0ed088: 0x00000010
0x0ed08c: 0x00000010
0x0ed090: 0x00000010
0x0ed094: 0x00000010
0x0ed098: 0x00000010
0x0ed09c: 0x00000010
0x0ed0a0: 0x00000010
0x0ed0a4: 0x00000010
0x0ed0a8: 0x00000010
0x0ed0ac: 0x00000010
0x0ed0b0: 0x00000010
0x0ed0b4: 0x00000010
0x0ed0b8: 0x00000010
0x0ed0bc: 0x00000010
0x0ed0c0: 0x00000010
0x0ed0c4: 0x00000010
0x0ed0c8: 0x00000010
0x0ed0cc: 0x00000010
0x0ed0d0: 0x00000010
0x0ed0d4: 0x00000010
0x0ed0d8: 0x00000010
0x0ed0dc: 0x00000010
0x0ed0e0: 0x00000010
0x0ed0e4: 0x00000010
0x0ed0e8: 0x00000010
0x0ed0ec: 0x00000010
0x0ed0f0: 0x00000010
0x0ed0f4: 0x00000010
0x0ed0f8: 0x00000010
0x0ed0fc: 0x00000010
0x0ed100: 0x00000010
0x0ed104: 0x00000010
0x0ed108: 0x00000010
0x0ed10c: 0x00000010
0x0ed110: 0x00000010
0x0ed114: 0x00000010
0x0ed118: 0x00000010
0x0ed11c: 0x00000010
0x0ed120: 0x00000010
0x0ed124: 0x00000010
0x0ed128: 0x00000010
0x0ed12c: 0x00000010
0x0ed130: 0x00000010
0x0ed134: 0x00000010
0x0ed138: 0x00000010
0x0ed13c: 0x00000010
0x0ed140: 0x00000010
0x0ed144: 0x00000010
0x0ed148: 0x00000010
0x0ed14c: 0x00000010
0x0ed150: 0x00000010
0x0ed154: 0x00000010
0x0ed158: 0x00000010
0x0ed15c: 0x00000010
0x0ed160: 0x00000010
0x0ed164: 0x00000010
0x0ed168: 0x00000010
0x0ed16c: 0x00000010
0x0ed170: 0x00000010
0x0ed174: 0x00000010
0x0ed178: 0x00000010
0x0ed17c: 0x00000010
0x0ed180: 0x00000010
0x0ed184: 0x00000010
0x0ed188: 0x00000010
0x0ed18c: 0x00000010
0x0ed190: 0x00000010
0x0ed194: 0x00000010
0x0ed198: 0x00000010
0x0ed19c: 0x00000010
0x0ed1a0: 0x00000010
0x0ed1a4: 0x00000010
0x0ed1a8: 0x00000010
0x0ed1ac: 0x00000010
0x0ed1b0: 0x00000010
0x0ed1b4: 0x00000010
0x0ed1b8: 0x00000010
0x0ed1bc: 0x00000010
0x0ed1c0: 0x00000010
0x0ed1c4: 0x00000010
0x0ed1c8: 0x00000010
0x0ed1cc: 0x00000010
0x0ed1d0: 0x00000010
0x0ed1d4: 0x00000010
0x0ed1d8: 0x00000010
0x0ed1dc: 0x00000010
0x0ed1e0: 0x00000010
0x0ed1e4: 0x00000010
0x0ed1e8: 0x00000010
0x0ed1ec: 0x00000010
0x0ed1f0: 0x00000010
0x0ed1f4: 0x00000010
0x0ed1f8: 0x00000010
0x0ed1fc: 0x00000010
0x0ed200: 0x00000010
0x0ed204: 0x00000010
0x0ed208: 0x00000010
0x0ed20c: 0x00000010
0x0ed210: 0x00000010
0x0ed214: 0x00000010
0x0ed218: 0x00000010
0x0ed21c: 0x00000010
0x0ed220: 0x00000010
0x0ed224: 0x00000010
0x0ed228: 0x00000010
0x0ed22c: 0x00000010
0x0ed230: 0x00000010
0x0ed234: 0x00000010
0x0ed238: 0x00000010
0x0ed23c: 0x00000010
0x0ed240: 0x00000010
0x0ed244: 0x00000010
0x0ed248: 0x00000010
0x0ed24c: 0x00000010
0x0ed250: 0x00000010
0x0ed254: 0x00000010
0x0ed258: 0x00000010
0x0ed25c: 0x00000010
0x0ed260: 0x00000010
0x0ed264: 0x00000010
0x0ed268: 0x00000010
0x0ed26c: 0x00000010
0x0ed270: 0x00000010
0x0ed274: 0x00000010
0x0ed278: 0x00000010
0x0ed27c: 0x00000010
0x0ed280: 0x00000010
0x0ed284: 0x00000010
0x0ed288: 0x00000010
0x0ed28c: 0x00000010
0x0ed290: 0x00000010
0x0ed294: 0x00000010
0x0ed298: 0x00000010
0x0ed29c: 0x00000010
0x0ed2a0: 0x00000010
0x0ed2a4: 0x00000010
0x0ed2a8: 0x00000010
0x0ed2ac: 0x00000010
0x0ed2b0: 0x00000010
0x0ed2b4: 0x00000010
0x0ed2b8: 0x00000010
0x0ed2bc: 0x00000010
0x0ed2c0: 0x00000010
0x0ed2c4: 0x00000010
0x0ed2c8: 0x00000010
0x0ed2cc: 0x00000010
0x0ed2d0: 0x00000010
0x0ed2d4: 0x00000010
0x0ed2d8: 0x00000010
0x0ed2dc: 0x00000010
0x0ed2e0: 0x00000010
0x0ed2e4: 0x00000010
0x0ed2e8: 0x00000010
0x0ed2ec: 0x00000010
0x0ed2f0: 0x00000010
0x0ed2f4: 0x00000010
0x0ed2f8: 0x00000010
0x0ed2fc: 0x00000010
0x0ed300: 0x00000010
0x0ed304: 0x00000010
0x0ed308: 0x00000010
0x0ed30c: 0x00000010
0x0ed310: 0x00000010
0x0ed314: 0x00000010
0x0ed318: 0x00000010
0x0ed31c: 0x00000010
0x0ed320: 0x00000010
0x0ed324: 0x00000010
0x0ed328: 0x00000010
0x0ed32c: 0x00000010
0x0ed330: 0x00000010
0x0ed334: 0x00000010
0x0ed338: 0x00000010
0x0ed33c: 0x00000010
0x0ed340: 0x00000010
0x0ed344: 0x00000010
0x0ed348: 0x00000010
0x0ed34c: 0x00000010
0x0ed350: 0x00000010
0x0ed354: 0x00000010
0x0ed358: 0x00000010
0x0ed35c: 0x00000010
0x0ed360: 0x00000010
0x0ed364: 0x00000010
0x0ed368: 0x00000010
0x0ed36c: 0x00000010
0x0ed370: 0x00000010
0x0ed374: 0x00000010
0x0ed378: 0x00000010
0x0ed37c: 0x00000010
0x0ed380: 0x00000010
0x0ed384: 0x00000010
0x0ed388: 0x00000010
0x0ed38c: 0x00000010
0x0ed390: 0x00000010
0x0ed394: 0x00000010
0x0ed398: 0x00000010
0x0ed39c: 0x00000010
0x0ed3a0: 0x00000010
0x0ed3a4: 0x00000010
0x0ed3a8: 0x00000010
0x0ed3ac: 0x00000010
0x0ed3b0: 0x00000010
0x0ed3b4: 0x00000010
0x0ed3b8: 0x00000010
0x0ed3bc: 0x00000010
0x0ed3c0: 0x00000010
0x0ed3c4: 0x00000010
0x0ed3c8: 0x00000010
0x0ed3cc: 0x00000010
0x0ed3d0: 0x00000010
0x0ed3d4: 0x00000010
0x0ed3d8: 0x00000010
0x0ed3dc: 0x00000010
0x0ed3e0: 0x00000010
0x0ed3e4: 0x00000010
0x0ed3e8: 0x00000010
0x0ed3ec: 0x00000010
0x0ed3f0: 0x00000010
0x0ed3f4: 0x00000010
0x0ed3f8: 0x00000010
0x0ed3fc: 0x00000010
0x0ed400: 0x00000010
0x0ed404: 0x00000010
0x0ed408: 0x00000010
0x0ed40c: 0x00000010
0x0ed410: 0x00000010
0x0ed414: 0x00000010
0x0ed418: 0x00000010
0x0ed41c: 0x00000010
0x0ed420: 0x00000010
0x0ed424: 0x00000010
0x0ed428: 0x00000010
0x0ed42c: 0x00000010
0x0ed430: 0x00000010
0x0ed434: 0x00000010
0x0ed438: 0x00000010
0x0ed43c: 0x00000010
0x0ed440: 0x00000010
0x0ed444: 0x00000010
0x0ed448: 0x00000010
0x0ed44c: 0x00000010
0x0ed450: 0x00000010
0x0ed454: 0x00000010
0x0ed458: 0x00000010
0x0ed45c: 0x00000010
0x0ed460: 0x00000010
0x0ed464: 0x00000010
0x0ed468: 0x00000010
0x0ed46c: 0x00000010
0x0ed470: 0x00000010
0x0ed474: 0x00000010
0x0ed478: 0x00000010
0x0ed47c: 0x00000010
0x0ed480: 0x00000010
0x0ed484: 0x00000010
0x0ed488: 0x00000010
0x0ed48c: 0x00000010
0x0ed490: 0x00000010
0x0ed494: 0x00000010
0x0ed498: 0x00000010
0x0ed49c: 0x00000010
0x0ed4a0: 0x00000010
0x0ed4a4: 0x00000010
0x0ed4a8: 0x00000010
0x0ed4ac: 0x00000010
0x0ed4b0: 0x00000010
0x0ed4b4: 0x00000010
0x0ed4b8: 0x00000010
0x0ed4bc: 0x00000010
0x0ed4c0: 0x00000010
0x0ed4c4: 0x00000010
0x0ed4c8: 0x00000010
0x0ed4cc: 0x00000010
0x0ed4d0: 0x00000010
0x0ed4d4: 0x00000010
0x0ed4d8: 0x00000010
0x0ed4dc: 0x00000010
0x0ed4e0: 0x00000010
0x0ed4e4: 0x00000010
0x0ed4e8: 0x00000010
0x0ed4ec: 0x00000010
0x0ed4f0: 0x00000010
0x0ed4f4: 0x00000010
0x0ed4f8: 0x00000010
0x0ed4fc: 0x00000010
0x0ed500: 0x00000010
0x0ed504: 0x00000010
0x0ed508: 0x00000010
0x0ed50c: 0x00000010
0x0ed510: 0x00000010
0x0ed514: 0x00000010
0x0ed518: 0x00000010
0x0ed51c: 0x00000010
0x0ed520: 0x00000010
0x0ed524: 0x00000010
0x0ed528: 0x00000010
0x0ed52c: 0x00000010
0x0ed530: 0x00000010
0x0ed534: 0x00000010
0x0ed538: 0x00000010
0x0ed53c: 0x00000010
0x0ed540: 0x00000010
0x0ed544: 0x00000010
0x0ed548: 0x00000010
0x0ed54c: 0x00000010
0x0ed550: 0x00000010
0x0ed554: 0x00000010
0x0ed558: 0x00000010
0x0ed55c: 0x00000010
0x0ed560: 0x00000010
0x0ed564: 0x00000010
0x0ed568: 0x00000010
0x0ed56c: 0x00000010
0x0ed570: 0x00000010
0x0ed574: 0x00000010
0x0ed578: 0x00000010
0x0ed57c: 0x00000010
0x0ed580: 0x00000010
0x0ed584: 0x00000010
0x0ed588: 0x00000010
0x0ed58c: 0x00000010
0x0ed590: 0x00000010
0x0ed594: 0x00000010
0x0ed598: 0x00000010
0x0ed59c: 0x00000010
0x0ed5a0: 0x00000010
0x0ed5a4: 0x00000010
0x0ed5a8: 0x00000010
0x0ed5ac: 0x00000010
0x0ed5b0: 0x00000010
0x0ed5b4: 0x00000010
0x0ed5b8: 0x00000010
0x0ed5bc: 0x00000010
0x0ed5c0: 0x00000010
0x0ed5c4: 0x00000010
0x0ed5c8: 0x00000010
0x0ed5cc: 0x00000010
0x0ed5d0: 0x00000010
0x0ed5d4: 0x00000010
0x0ed5d8: 0x00000010
0x0ed5dc: 0x00000010
0x0ed5e0: 0x00000010
0x0ed5e4: 0x00000010
0x0ed5e8: 0x00000010
0x0ed5ec: 0x00000010
0x0ed5f0: 0x00000010
0x0ed5f4: 0x00000010
0x0ed5f8: 0x00000010
0x0ed5fc: 0x00000010
0x0ed600: 0x00000010
0x0ed604: 0x00000010
0x0ed608: 0x00000010
0x0ed60c: 0x00000010
0x0ed610: 0x00000010
0x0ed614: 0x00000010
0x0ed618: 0x00000010
0x0ed61c: 0x00000010
0x0ed620: 0x00000010
0x0ed624: 0x00000010
0x0ed628: 0x00000010
0x0ed62c: 0x00000010
0x0ed630: 0x00000010
0x0ed634: 0x00000010
0x0ed638: 0x00000010
0x0ed63c: 0x00000010
0x0ed640: 0x00000010
0x0ed644: 0x00000010
0x0ed648: 0x00000010
0x0ed64c: 0x00000010
0x0ed650: 0x00000010
0x0ed654: 0x00000010
0x0ed658: 0x00000010
0x0ed65c: 0x00000010
0x0ed660: 0x00000010
0x0ed664: 0x00000010
0x0ed668: 0x00000010
0x0ed66c: 0x00000010
0x0ed670: 0x00000010
0x0ed674: 0x00000010
0x0ed678: 0x00000010
0x0ed67c: 0x00000010
0x0ed680: 0x00000010
0x0ed684: 0x00000010
0x0ed688: 0x00000010
0x0ed68c: 0x00000010
0x0ed690: 0x00000010
0x0ed694: 0x00000010
0x0ed698: 0x00000010
0x0ed69c: 0x00000010
0x0ed6a0: 0x00000010
0x0ed6a4: 0x00000010
0x0ed6a8: 0x00000010
0x0ed6ac: 0x00000010
0x0ed6b0: 0x00000010
0x0ed6b4: 0x00000010
0x0ed6b8: 0x00000010
0x0ed6bc: 0x00000010
0x0ed6c0: 0x00000010
0x0ed6c4: 0x00000010
0x0ed6c8: 0x00000010
0x0ed6cc: 0x00000010
0x0ed6d0: 0x00000010
0x0ed6d4: 0x00000010
0x0ed6d8: 0x00000010
0x0ed6dc: 0x00000010
0x0ed6e0: 0x00000010
0x0ed6e4: 0x00000010
0x0ed6e8: 0x00000010
0x0ed6ec: 0x00000010
0x0ed6f0: 0x00000010
0x0ed6f4: 0x00000010
0x0ed6f8: 0x00000010
0x0ed6fc: 0x00000010
0x0ed700: 0x00000010
0x0ed704: 0x00000010
0x0ed708: 0x00000010
0x0ed70c: 0x00000010
0x0ed710: 0x00000010
0x0ed714: 0x00000010
0x0ed718: 0x00000010
0x0ed71c: 0x00000010
0x0ed720: 0x00000010
0x0ed724: 0x00000010
0x0ed728: 0x00000010
0x0ed72c: 0x00000010
0x0ed730: 0x00000010
0x0ed734: 0x00000010
0x0ed738: 0x00000010
0x0ed73c: 0x00000010
0x0ed740: 0x00000010
0x0ed744: 0x00000010
0x0ed748: 0x00000010
0x0ed74c: 0x00000010
0x0ed750: 0x00000010
0x0ed754: 0x00000010
0x0ed758: 0x00000010
0x0ed75c: 0x00000010
0x0ed760: 0x00000010
0x0ed764: 0x00000010
0x0ed768: 0x00000010
0x0ed76c: 0x00000010
0x0ed770: 0x00000010
0x0ed774: 0x00000010
0x0ed778: 0x00000010
0x0ed77c: 0x00000010
0x0ed780: 0x00000010
0x0ed784: 0x00000010
0x0ed788: 0x00000010
0x0ed78c: 0x00000010
0x0ed790: 0x00000010
0x0ed794: 0x00000010
0x0ed798: 0x00000010
0x0ed79c: 0x00000010
0x0ed7a0: 0x00000010
0x0ed7a4: 0x00000010
0x0ed7a8: 0x00000010
0x0ed7ac: 0x00000010
0x0ed7b0: 0x00000010
0x0ed7b4: 0x00000010
0x0ed7b8: 0x00000010
0x0ed7bc: 0x00000010
0x0ed7c0: 0x00000010
0x0ed7c4: 0x00000010
0x0ed7c8: 0x00000010
0x0ed7cc: 0x00000010
0x0ed7d0: 0x00000010
0x0ed7d4: 0x00000010
0x0ed7d8: 0x00000010
0x0ed7dc: 0x00000010
0x0ed7e0: 0x00000010
0x0ed7e4: 0x00000010
0x0ed7e8: 0x00000010
0x0ed7ec: 0x00000010
0x0ed7f0: 0x00000010
0x0ed7f4: 0x00000010
0x0ed7f8: 0x00000010
0x0ed7fc: 0x00000010
0x0ed800: 0x00000010
0x0ed804: 0x00000010
0x0ed808: 0x00000010
0x0ed80c: 0x00000010
0x0ed810: 0x00000010
0x0ed814: 0x00000010
0x0ed818: 0x00000010
0x0ed81c: 0x00000010
0x0ed820: 0x00000010
0x0ed824: 0x00000010
0x0ed828: 0x00000010
0x0ed82c: 0x00000010
0x0ed830: 0x00000010
0x0ed834: 0x00000010
0x0ed838: 0x00000010
0x0ed83c: 0x00000010
0x0ed840: 0x00000010
0x0ed844: 0x00000010
0x0ed848: 0x00000010
0x0ed84c: 0x00000010
0x0ed850: 0x00000010
0x0ed854: 0x00000010
0x0ed858: 0x00000010
0x0ed85c: 0x00000010
0x0ed860: 0x00000010
0x0ed864: 0x00000010
0x0ed868: 0x00000010
0x0ed86c: 0x00000010
0x0ed870: 0x00000010
0x0ed874: 0x00000010
0x0ed878: 0x00000010
0x0ed87c: 0x00000010
0x0ed880: 0x00000010
0x0ed884: 0x00000010
0x0ed888: 0x00000010
0x0ed88c: 0x00000010
0x0ed890: 0x00000010
0x0ed894: 0x00000010
0x0ed898: 0x00000010
0x0ed89c: 0x00000010
0x0ed8a0: 0x00000010
0x0ed8a4: 0x00000010
0x0ed8a8: 0x00000010
0x0ed8ac: 0x00000010
0x0ed8b0: 0x00000010
0x0ed8b4: 0x00000010
0x0ed8b8: 0x00000010
0x0ed8bc: 0x00000010
0x0ed8c0: 0x00000010
0x0ed8c4: 0x00000010
0x0ed8c8: 0x00000010
0x0ed8cc: 0x00000010
0x0ed8d0: 0x00000010
0x0ed8d4: 0x00000010
0x0ed8d8: 0x00000010
0x0ed8dc: 0x00000010
0x0ed8e0: 0x00000010
0x0ed8e4: 0x00000010
0x0ed8e8: 0x00000010
0x0ed8ec: 0x00000010
0x0ed8f0: 0x00000010
0x0ed8f4: 0x00000010
0x0ed8f8: 0x00000010
0x0ed8fc: 0x00000010
0x0ed900: 0x00000010
0x0ed904: 0x00000010
0x0ed908: 0x00000010
0x0ed90c: 0x00000010
0x0ed910: 0x00000010
0x0ed914: 0x00000010
0x0ed918: 0x00000010
0x0ed91c: 0x00000010
0x0ed920: 0x00000010
0x0ed924: 0x00000010
0x0ed928: 0x00000010
0x0ed92c: 0x00000010
0x0ed930: 0x00000010
0x0ed934: 0x00000010
0x0ed938: 0x00000010
0x0ed93c: 0x00000010
0x0ed940: 0x00000010
0x0ed944: 0x00000010
0x0ed948: 0x00000010
0x0ed94c: 0x00000010
0x0ed950: 0x00000010
0x0ed954: 0x00000010
0x0ed958: 0x00000010
0x0ed95c: 0x00000010
0x0ed960: 0x00000010
0x0ed964: 0x00000010
0x0ed968: 0x00000010
0x0ed96c: 0x00000010
0x0ed970: 0x00000010
0x0ed974: 0x00000010
0x0ed978: 0x00000010
0x0ed97c: 0x00000010
0x0ed980: 0x00000010
0x0ed984: 0x00000010
0x0ed988: 0x00000010
0x0ed98c: 0x00000010
0x0ed990: 0x00000010
0x0ed994: 0x00000010
0x0ed998: 0x00000010
0x0ed99c: 0x00000010
0x0ed9a0: 0x00000010
0x0ed9a4: 0x00000010
0x0ed9a8: 0x00000010
0x0ed9ac: 0x00000010
0x0ed9b0: 0x00000010
0x0ed9b4: 0x00000010
0x0ed9b8: 0x00000010
0x0ed9bc: 0x00000010
0x0ed9c0: 0x00000010
0x0ed9c4: 0x00000010
0x0ed9c8: 0x00000010
0x0ed9cc: 0x00000010
0x0ed9d0: 0x00000010
0x0ed9d4: 0x00000010
0x0ed9d8: 0x00000010
0x0ed9dc: 0x00000010
0x0ed9e0: 0x00000010
0x0ed9e4: 0x00000010
0x0ed9e8: 0x00000010
0x0ed9ec: 0x00000010
0x0ed9f0: 0x00000010
0x0ed9f4: 0x00000010
0x0ed9f8: 0x00000010
0x0ed9fc: 0x00000010
0x0eda00: 0x00000010
0x0eda04: 0x00000010
0x0eda08: 0x00000010
0x0eda0c: 0x00000010
0x0eda10: 0x00000010
0x0eda14: 0x00000010
0x0eda18: 0x00000010
0x0eda1c: 0x00000010
0x0eda20: 0x00000010
0x0eda24: 0x00000010
0x0eda28: 0x00000010
0x0eda2c: 0x00000010
0x0eda30: 0x00000010
0x0eda34: 0x00000010
0x0eda38: 0x00000010
0x0eda3c: 0x00000010
0x0eda40: 0x00000010
0x0eda44: 0x00000010
0x0eda48: 0x00000010
0x0eda4c: 0x00000010
0x0eda50: 0x00000010
0x0eda54: 0x00000010
0x0eda58: 0x00000010
0x0eda5c: 0x00000010
0x0eda60: 0x00000010
0x0eda64: 0x00000010
0x0eda68: 0x00000010
0x0eda6c: 0x00000010
0x0eda70: 0x00000010
0x0eda74: 0x00000010
0x0eda78: 0x00000010
0x0eda7c: 0x00000010
0x0eda80: 0x00000010
0x0eda84: 0x00000010
0x0eda88: 0x00000010
0x0eda8c: 0x00000010
0x0eda90: 0x00000010
0x0eda94: 0x00000010
0x0eda98: 0x00000010
0x0eda9c: 0x00000010
0x0edaa0: 0x00000010
0x0edaa4: 0x00000010
0x0edaa8: 0x00000010
0x0edaac: 0x00000010
0x0edab0: 0x00000010
0x0edab4: 0x00000010
0x0edab8: 0x00000010
0x0edabc: 0x00000010
0x0edac0: 0x00000010
0x0edac4: 0x00000010
0x0edac8: 0x00000010
0x0edacc: 0x00000010
0x0edad0: 0x00000010
0x0edad4: 0x00000010
0x0edad8: 0x00000010
0x0edadc: 0x00000010
0x0edae0: 0x00000010
0x0edae4: 0x00000010
0x0edae8: 0x00000010
0x0edaec: 0x00000010
0x0edaf0: 0x00000010
0x0edaf4: 0x00000010
0x0edaf8: 0x00000010
0x0edafc: 0x00000010
0x0edb00: 0x00000010
0x0edb04: 0x00000010
0x0edb08: 0x00000010
0x0edb0c: 0x00000010
0x0edb10: 0x00000010
0x0edb14: 0x00000010
0x0edb18: 0x00000010
0x0edb1c: 0x00000010
0x0edb20: 0x00000010
0x0edb24: 0x00000010
0x0edb28: 0x00000010
0x0edb2c: 0x00000010
0x0edb30: 0x00000010
0x0edb34: 0x00000010
0x0edb38: 0x00000010
0x0edb3c: 0x00000010
0x0edb40: 0x00000010
0x0edb44: 0x00000010
0x0edb48: 0x00000010
0x0edb4c: 0x00000010
0x0edb50: 0x00000010
0x0edb54: 0x00000010
0x0edb58: 0x00000010
0x0edb5c: 0x00000010
0x0edb60: 0x00000010
0x0edb64: 0x00000010
0x0edb68: 0x00000010
0x0edb6c: 0x00000010
0x0edb70: 0x00000010
0x0edb74: 0x00000010
0x0edb78: 0x00000010
0x0edb7c: 0x00000010
0x0edb80: 0x00000010
0x0edb84: 0x00000010
0x0edb88: 0x00000010
0x0edb8c: 0x00000010
0x0edb90: 0x00000010
0x0edb94: 0x00000010
0x0edb98: 0x00000010
0x0edb9c: 0x00000010
0x0edba0: 0x00000010
0x0edba4: 0x00000010
0x0edba8: 0x00000010
0x0edbac: 0x00000010
0x0edbb0: 0x00000010
0x0edbb4: 0x00000010
0x0edbb8: 0x00000010
0x0edbbc: 0x00000010
0x0edbc0: 0x00000010
0x0edbc4: 0x00000010
0x0edbc8: 0x00000010
0x0edbcc: 0x00000010
0x0edbd0: 0x00000010
0x0edbd4: 0x00000010
0x0edbd8: 0x00000010
0x0edbdc: 0x00000010
0x0edbe0: 0x00000010
0x0edbe4: 0x00000010
0x0edbe8: 0x00000010
0x0edbec: 0x00000010
0x0edbf0: 0x00000010
0x0edbf4: 0x00000010
0x0edbf8: 0x00000010
0x0edbfc: 0x00000010
0x0edc00: 0x00000010
0x0edc04: 0x00000010
0x0edc08: 0x00000010
0x0edc0c: 0x00000010
0x0edc10: 0x00000010
0x0edc14: 0x00000010
0x0edc18: 0x00000010
0x0edc1c: 0x00000010
0x0edc20: 0x00000010
0x0edc24: 0x00000010
0x0edc28: 0x00000010
0x0edc2c: 0x00000010
0x0edc30: 0x00000010
0x0edc34: 0x00000010
0x0edc38: 0x00000010
0x0edc3c: 0x00000010
0x0edc40: 0x00000010
0x0edc44: 0x00000010
0x0edc48: 0x00000010
0x0edc4c: 0x00000010
0x0edc50: 0x00000010
0x0edc54: 0x00000010
0x0edc58: 0x00000010
0x0edc5c: 0x00000010
0x0edc60: 0x00000010
0x0edc64: 0x00000010
0x0edc68: 0x00000010
0x0edc6c: 0x00000010
0x0edc70: 0x00000010
0x0edc74: 0x00000010
0x0edc78: 0x00000010
0x0edc7c: 0x00000010
0x0edc80: 0x00000010
0x0edc84: 0x00000010
0x0edc88: 0x00000010
0x0edc8c: 0x00000010
0x0edc90: 0x00000010
0x0edc94: 0x00000010
0x0edc98: 0x00000010
0x0edc9c: 0x00000010
0x0edca0: 0x00000010
0x0edca4: 0x00000010
0x0edca8: 0x00000010
0x0edcac: 0x00000010
0x0edcb0: 0x00000010
0x0edcb4: 0x00000010
0x0edcb8: 0x00000010
0x0edcbc: 0x00000010
0x0edcc0: 0x00000010
0x0edcc4: 0x00000010
0x0edcc8: 0x00000010
0x0edccc: 0x00000010
0x0edcd0: 0x00000010
0x0edcd4: 0x00000010
0x0edcd8: 0x00000010
0x0edcdc: 0x00000010
0x0edce0: 0x00000010
0x0edce4: 0x00000010
0x0edce8: 0x00000010
0x0edcec: 0x00000010
0x0edcf0: 0x00000010
0x0edcf4: 0x00000010
0x0edcf8: 0x00000010
0x0edcfc: 0x00000010
0x0edd00: 0x00000010
0x0edd04: 0x00000010
0x0edd08: 0x00000010
0x0edd0c: 0x00000010
0x0edd10: 0x00000010
0x0edd14: 0x00000010
0x0edd18: 0x00000010
0x0edd1c: 0x00000010
0x0edd20: 0x00000010
0x0edd24: 0x00000010
0x0edd28: 0x00000010
0x0edd2c: 0x00000010
0x0edd30: 0x00000010
0x0edd34: 0x00000010
0x0edd38: 0x00000010
0x0edd3c: 0x00000010
0x0edd40: 0x00000010
0x0edd44: 0x00000010
0x0edd48: 0x00000010
0x0edd4c: 0x00000010
0x0edd50: 0x00000010
0x0edd54: 0x00000010
0x0edd58: 0x00000010
0x0edd5c: 0x00000010
0x0edd60: 0x00000010
0x0edd64: 0x00000010
0x0edd68: 0x00000010
0x0edd6c: 0x00000010
0x0edd70: 0x00000010
0x0edd74: 0x00000010
0x0edd78: 0x00000010
0x0edd7c: 0x00000010
0x0edd80: 0x00000010
0x0edd84: 0x00000010
0x0edd88: 0x00000010
0x0edd8c: 0x00000010
0x0edd90: 0x00000010
0x0edd94: 0x00000010
0x0edd98: 0x00000010
0x0edd9c: 0x00000010
0x0edda0: 0x00000010
0x0edda4: 0x00000010
0x0edda8: 0x00000010
0x0eddac: 0x00000010
0x0eddb0: 0x00000010
0x0eddb4: 0x00000010
0x0eddb8: 0x00000010
0x0eddbc: 0x00000010
0x0eddc0: 0x00000010
0x0eddc4: 0x00000010
0x0eddc8: 0x00000010
0x0eddcc: 0x00000010
0x0eddd0: 0x00000010
0x0eddd4: 0x00000010
0x0eddd8: 0x00000010
0x0edddc: 0x00000010
0x0edde0: 0x00000010
0x0edde4: 0x00000010
0x0edde8: 0x00000010
0x0eddec: 0x00000010
0x0eddf0: 0x00000010
0x0eddf4: 0x00000010
0x0eddf8: 0x00000010
0x0eddfc: 0x00000010
0x0ede00: 0x00000010
0x0ede04: 0x00000010
0x0ede08: 0x00000010
0x0ede0c: 0x00000010
0x0ede10: 0x00000010
0x0ede14: 0x00000010
0x0ede18: 0x00000010
0x0ede1c: 0x00000010
0x0ede20: 0x00000010
0x0ede24: 0x00000010
0x0ede28: 0x00000010
0x0ede2c: 0x00000010
0x0ede30: 0x00000010
0x0ede34: 0x00000010
0x0ede38: 0x00000010
0x0ede3c: 0x00000010
0x0ede40: 0x00000010
0x0ede44: 0x00000010
0x0ede48: 0x00000010
0x0ede4c: 0x00000010
0x0ede50: 0x00000010
0x0ede54: 0x00000010
0x0ede58: 0x00000010
0x0ede5c: 0x00000010
0x0ede60: 0x00000010
0x0ede64: 0x00000010
0x0ede68: 0x00000010
0x0ede6c: 0x00000010
0x0ede70: 0x00000010
0x0ede74: 0x00000010
0x0ede78: 0x00000010
0x0ede7c: 0x00000010
0x0ede80: 0x00000010
0x0ede84: 0x00000010
0x0ede88: 0x00000010
0x0ede8c: 0x00000010
0x0ede90: 0x00000010
0x0ede94: 0x00000010
0x0ede98: 0x00000010
0x0ede9c: 0x00000010
0x0edea0: 0x00000010
0x0edea4: 0x00000010
0x0edea8: 0x00000010
0x0edeac: 0x00000010
0x0edeb0: 0x00000010
0x0edeb4: 0x00000010
0x0edeb8: 0x00000010
0x0edebc: 0x00000010
0x0edec0: 0x00000010
0x0edec4: 0x00000010
0x0edec8: 0x00000010
0x0edecc: 0x00000010
0x0eded0: 0x00000010
0x0eded4: 0x00000010
0x0eded8: 0x00000010
0x0ededc: 0x00000010
0x0edee0: 0x00000010
0x0edee4: 0x00000010
0x0edee8: 0x00000010
0x0edeec: 0x00000010
0x0edef0: 0x00000010
0x0edef4: 0x00000010
0x0edef8: 0x00000010
0x0edefc: 0x00000010
0x0edf00: 0x00000010
0x0edf04: 0x00000010
0x0edf08: 0x00000010
0x0edf0c: 0x00000010
0x0edf10: 0x00000010
0x0edf14: 0x00000010
0x0edf18: 0x00000010
0x0edf1c: 0x00000010
0x0edf20: 0x00000010
0x0edf24: 0x00000010
0x0edf28: 0x00000010
0x0edf2c: 0x00000010
0x0edf30: 0x00000010
0x0edf34: 0x00000010
0x0edf38: 0x00000010
0x0edf3c: 0x00000010
0x0edf40: 0x00000010
0x0edf44: 0x00000010
0x0edf48: 0x00000010
0x0edf4c: 0x00000010
0x0edf50: 0x00000010
0x0edf54: 0x00000010
0x0edf58: 0x00000010
0x0edf5c: 0x00000010
0x0edf60: 0x00000010
0x0edf64: 0x00000010
0x0edf68: 0x00000010
0x0edf6c: 0x00000010
0x0edf70: 0x00000010
0x0edf74: 0x00000010
0x0edf78: 0x00000010
0x0edf7c: 0x00000010
0x0edf80: 0x00000010
0x0edf84: 0x00000010
0x0edf88: 0x00000010
0x0edf8c: 0x00000010
0x0edf90: 0x00000010
0x0edf94: 0x00000010
0x0edf98: 0x00000010
0x0edf9c: 0x00000010
0x0edfa0: 0x00000010
0x0edfa4: 0x00000010
0x0edfa8: 0x00000010
0x0edfac: 0x00000010
0x0edfb0: 0x00000010
0x0edfb4: 0x00000010
0x0edfb8: 0x00000010
0x0edfbc: 0x00000010
0x0edfc0: 0x00000010
0x0edfc4: 0x00000010
0x0edfc8: 0x00000010
0x0edfcc: 0x00000010
0x0edfd0: 0x00000010
0x0edfd4: 0x00000010
0x0edfd8: 0x00000010
0x0edfdc: 0x00000010
0x0edfe0: 0x00000010
0x0edfe4: 0x00000010
0x0edfe8: 0x00000010
0x0edfec: 0x00000010
0x0edff0: 0x00000010
0x0edff4: 0x00000010
0x0edff8: 0x00000010
0x0edffc: 0x00000010
0x0ee000: 0x33505248
0x0f000c: 0x00000040
0x0f0010: 0x00200090
0x0f0018: 0x00000fff
0x0f001c: 0x00000fff
0x0f0030: 0x7e000000
0x0f0034: 0x7e000000
0x0f0038: 0x7e000000
0x0f003c: 0x7e000000
0x0f0040: 0x7e000000
0x0f0044: 0x7e000000
0x0f0048: 0x7e000000
0x0f004c: 0x7e000000
0x0f0050: 0x7e000000
0x0f0054: 0x7e000000
0x0f0058: 0x7e000000
0x0f005c: 0x7e000000
0x0f0060: 0x00000010
0x0f0064: 0x80000000
0x0f100c: 0x00000040
0x0f1010: 0x00200090
0x0f1018: 0x00000fff
0x0f101c: 0x00000fff
0x0f1030: 0x7e000000
0x0f1034: 0x7e000000
0x0f1038: 0x7e000000
0x0f103c: 0x7e000000
0x0f1040: 0x7e000000
0x0f1044: 0x7e000000
0x0f1048: 0x7e000000
0x0f104c: 0x7e000000
0x0f1050: 0x7e000000
0x0f1054: 0x7e000000
0x0f1058: 0x7e000000
0x0f105c: 0x7e000000
0x0f1060: 0x00000010
0x0f1064: 0x80000000
0x0f200c: 0x00000040
0x0f2010: 0x00200090
0x0f2018: 0x00000fff
0x0f201c: 0x00000fff
0x0f2030: 0x7e000000
0x0f2034: 0x7e000000
0x0f2038: 0x7e000000
0x0f203c: 0x7e000000
0x0f2040: 0x7e000000
0x0f2044: 0x7e000000
0x0f2048: 0x7e000000
0x0f204c: 0x7e000000
0x0f2050: 0x7e000000
0x0f2054: 0x7e000000
0x0f2058: 0x7e000000
0x0f205c: 0x7e000000
0x0f2060: 0x00000010
0x0f2064: 0x80000000
0x0fc80c: 0x0fff0000
0x0fc810: 0x01773f30
0x0fc814: 0x01773f30
0x0fc81c: 0x01773f30
0x0fc820: 0x01773f30
0x0fc828: 0x01773f30
0x0fc82c: 0x01773f30
0x0fc834: 0x01773f30
0x0fc838: 0x01773f30
0x0fcc00: 0x01773f30
0x0fcc04: 0x01773f30
0x0fcc0c: 0x01773f30
0x0fcc10: 0x01773f30
0x0fcc18: 0x01773f30
0x0fcc1c: 0x01773f30
0x0fcc24: 0x01773f30
0x0fcc28: 0x01773f30
0x0fd000: 0x01773f30
0x0fd004: 0x01773f30
0x0fd00c: 0x01773f30
0x0fd010: 0x01773f30
0x0fd018: 0x01773f30
0x0fd01c: 0x01773f30
0x0fd024: 0x01773f30
0x0fd028: 0x01773f30
0x0fd030: 0x00111000
0x0fd034: 0x84200000
0x0fd038: 0x46464600
0x0fd03c: 0x518bc000
0x0fd040: 0x518bc000
0x0fd044: 0x018b8000
0x0fd04c: 0x66600000
0x0fd050: 0xfff00005
0x0fd054: 0x4c2b5100
0x0fd058: 0x4c2b5100
0x0fd05c: 0x4c2b5100
0x0fd060: 0x4c2b5100
0x0fd064: 0x4c2b5100
0x0fd068: 0x4c2b5100
0x0fd06c: 0x4c2b5100
0x0fd070: 0x4c2b5100
0x0fd074: 0x4c2b5100
0x0fd078: 0x4c2b5100
0x0fd07c: 0x4c2b5100
0x0fd080: 0x4c2b5100
0x0fd084: 0x4c2b5100
0x0fd088: 0x4c2b5100
0x0fd08c: 0x4c2b5100
0x0fd090: 0x4c2b5100
0x0fd094: 0x4c2b5100
0x0fd098: 0x4c2b5100
0x0fd09c: 0x4c2b5100
0x0fd0a0: 0x4c2b5100
0x0fd0a4: 0x4c2b5100
0x0fd0a8: 0x4c2b5100
0x0fd0ac: 0x4c2b5100
0x0fd0b0: 0x4c2b5100
0x0fd0b4: 0x4c2b5100
0x0fd0b8: 0x4c2b5100
0x0fd0bc: 0x4c2b5100
0x0fd0c0: 0x4c2b5100
0x0fd0c4: 0x4c2b5100
0x0fd0c8: 0x4c2b5100
0x0fd0cc: 0x4c2b5100
0x0fd0d0: 0x4c2b5100
0x0fd0d4: 0x4c2b5100
0x0fd0d8: 0x4c2b5100
0x0fd0dc: 0x4c2b5100
0x0fd0e0: 0x4c2b5100
0x0fd0e4: 0x4c2b5100
0x0fd0e8: 0x4c2b5100
0x0fd0ec: 0x4c2b5100
0x0fd0f0: 0x4c2b5100
0x0fd0f4: 0x4c2b5100
0x0fd0f8: 0x4c2b5100
0x0fd0fc: 0x4c2b5100
0x0fd100: 0x4c2b5100
0x0fd104: 0x4c2b5100
0x0fd108: 0x4c2b5100
0x0fd10c: 0x4c2b5100
0x0fd110: 0x4c2b5100
0x0fd114: 0x4c2b5100
0x0fd118: 0x4c2b5100
0x0fd11c: 0x4c2b5100
0x0fd120: 0x4c2b5100
0x0fd124: 0x4c2b5100
0x0fd128: 0x4c2b5100
0x0fd12c: 0x4c2b5100
0x0fd130: 0x4c2b5100
0x0fd134: 0x4c2b5100
0x0fd138: 0x4c2b5100
0x0fd13c: 0x4c2b5100
0x0fd140: 0x4c2b5100
0x0fd144: 0x4c2b5100
0x0fd148: 0x4c2b5100
0x0fd14c: 0x4c2b5100
0x0fd150: 0x4c2b5100
0x0fd154: 0x4c2b5100
0x0fd158: 0x4c2b5100
0x0fd15c: 0x4c2b5100
0x0fd160: 0x4c2b5100
0x0fd164: 0x4c2b5100
0x0fd168: 0x4c2b5100
0x0fd16c: 0x4c2b5100
0x0fd170: 0x4c2b5100
0x0fd174: 0x4c2b5100
0x0fd178: 0x4c2b5100
0x0fd17c: 0x4c2b5100
0x0fd180: 0x4c2b5100
0x0fd184: 0x4c2b5100
0x0fd188: 0x4c2b5100
0x0fd18c: 0x4c2b5100
0x0fd190: 0x4c2b5100
0x0fd194: 0x4c2b5100
0x0fd198: 0x4c2b5100
0x0fd19c: 0x4c2b5100
0x0fd1a0: 0x4c2b5100
0x0fd1a4: 0x4c2b5100
0x0fd1a8: 0x4c2b5100
0x0fd1ac: 0x4c2b5100
0x0fd1b0: 0x4c2b5100
0x0fd1b4: 0x4c2b5100
0x0fd1b8: 0x4c2b5100
0x0fd1bc: 0x4c2b5100
0x0fd1c0: 0x4c2b5100
0x0fd1c4: 0x4c2b5100
0x0fd1c8: 0x4c2b5100
0x0fd1cc: 0x4c2b5100
0x0fd1d0: 0x4c2b5100
0x0fd1d4: 0x4c2b5100
0x0fd1d8: 0x4c2b5100
0x0fd1dc: 0x4c2b5100
0x0fd1e0: 0x4c2b5100
0x0fd1e4: 0x4c2b5100
0x0fd1e8: 0x4c2b5100
0x0fd1ec: 0x4c2b5100
0x0fd1f0: 0x4c2b5100
0x0fd1f4: 0x4c2b5100
0x0fd1f8: 0x4c2b5100
0x0fd1fc: 0x4c2b5100
0x0fd200: 0x4c2b5100
0x0fd204: 0x4c2b5100
0x0fd208: 0x4c2b5100
0x0fd20c: 0x4c2b5100
0x0fd210: 0x4c2b5100
0x0fd214: 0x4c2b5100
0x0fd218: 0x4c2b5100
0x0fd21c: 0x4c2b5100
0x0fd220: 0x4c2b5100
0x0fd224: 0x4c2b5100
0x0fd228: 0x4c2b5100
0x0fd22c: 0x4c2b5100
0x0fd230: 0x4c2b5100
0x0fd234: 0x4c2b5100
0x0fd238: 0x4c2b5100
0x0fd23c: 0x4c2b5100
0x0fd240: 0x4c2b5100
0x0fd244: 0x4c2b5100
0x0fd248: 0x4c2b5100
0x0fd24c: 0x4c2b5100
0x0fd250: 0x4c2b5100
0x0fd254: 0x4c2b5100
0x0fd258: 0x4c2b5100
0x0fd25c: 0x4c2b5100
0x0fd260: 0x4c2b5100
0x0fd264: 0x4c2b5100
0x0fd268: 0x4c2b5100
0x0fd26c: 0x4c2b5100
0x0fd270: 0x4c2b5100
0x0fd274: 0x4c2b5100
0x0fd278: 0x4c2b5100
0x0fd27c: 0x4c2b5100
0x0fd280: 0x4c2b5100
0x0fd284: 0x4c2b5100
0x0fd288: 0x4c2b5100
0x0fd28c: 0x4c2b5100
0x0fd290: 0x4c2b5100
0x0fd294: 0x4c2b5100
0x0fd298: 0x4c2b5100
0x0fd29c: 0x4c2b5100
0x0fd2a0: 0x4c2b5100
0x0fd2a4: 0x4c2b5100
0x0fd2a8: 0x4c2b5100
0x0fd2ac: 0x4c2b5100
0x0fd2b0: 0x4c2b5100
0x0fd2b4: 0x4c2b5100
0x0fd2b8: 0x4c2b5100
0x0fd2bc: 0x4c2b5100
0x0fd2c0: 0x4c2b5100
0x0fd2c4: 0x4c2b5100
0x0fd2c8: 0x4c2b5100
0x0fd2cc: 0x4c2b5100
0x0fd2d0: 0x4c2b5100
0x0fd2d4: 0x4c2b5100
0x0fd2d8: 0x4c2b5100
0x0fd2dc: 0x4c2b5100
0x0fd2e0: 0x4c2b5100
0x0fd2e4: 0x4c2b5100
0x0fd2e8: 0x4c2b5100
0x0fd2ec: 0x4c2b5100
0x0fd2f0: 0x4c2b5100
0x0fd2f4: 0x4c2b5100
0x0fd2f8: 0x4c2b5100
0x0fd2fc: 0x4c2b5100
0x0fd300: 0x4c2b5100
0x0fd304: 0x4c2b5100
0x0fd308: 0x4c2b5100
0x0fd30c: 0x4c2b5100
0x0fd310: 0x4c2b5100
0x0fd314: 0x4c2b5100
0x0fd318: 0x4c2b5100
0x0fd31c: 0x4c2b5100
0x0fd320: 0x4c2b5100
0x0fd324: 0x4c2b5100
0x0fd328: 0x4c2b5100
0x0fd32c: 0x4c2b5100
0x0fd330: 0x4c2b5100
0x0fd334: 0x4c2b5100
0x0fd338: 0x4c2b5100
0x0fd33c: 0x4c2b5100
0x0fd340: 0x4c2b5100
0x0fd344: 0x4c2b5100
0x0fd348: 0x4c2b5100
0x0fd34c: 0x4c2b5100
0x0fd350: 0x4c2b5100
0x0fd354: 0x4c2b5100
0x0fd358: 0x4c2b5100
0x0fd35c: 0x4c2b5100
0x0fd360: 0x4c2b5100
0x0fd364: 0x4c2b5100
0x0fd368: 0x4c2b5100
0x0fd36c: 0x4c2b5100
0x0fd370: 0x4c2b5100
0x0fd374: 0x4c2b5100
0x0fd378: 0x4c2b5100
0x0fd37c: 0x4c2b5100
0x0fd380: 0x4c2b5100
0x0fd384: 0x4c2b5100
0x0fd388: 0x4c2b5100
0x0fd38c: 0x4c2b5100
0x0fd390: 0x4c2b5100
0x0fd394: 0x4c2b5100
0x0fd398: 0x4c2b5100
0x0fd39c: 0x4c2b5100
0x0fd3a0: 0x4c2b5100
0x0fd3a4: 0x4c2b5100
0x0fd3a8: 0x4c2b5100
0x0fd3ac: 0x4c2b5100
0x0fd3b0: 0x4c2b5100
0x0fd3b4: 0x4c2b5100
0x0fd3b8: 0x4c2b5100
0x0fd3bc: 0x4c2b5100
0x0fd3c0: 0x4c2b5100
0x0fd3c4: 0x4c2b5100
0x0fd3c8: 0x4c2b5100
0x0fd3cc: 0x4c2b5100
0x0fd3d0: 0x4c2b5100
0x0fd3d4: 0x4c2b5100
0x0fd3d8: 0x4c2b5100
0x0fd3dc: 0x4c2b5100
0x0fd3e0: 0x4c2b5100
0x0fd3e4: 0x4c2b5100
0x0fd3e8: 0x4c2b5100
0x0fd3ec: 0x4c2b5100
0x0fd3f0: 0x4c2b5100
0x0fd3f4: 0x4c2b5100
0x0fd3f8: 0x4c2b5100
0x0fd3fc: 0x4c2b5100
0x0fd400: 0x4c2b5100
0x0fd404: 0x4c2b5100
0x0fd408: 0x4c2b5100
0x0fd40c: 0x4c2b5100
0x0fd410: 0x4c2b5100
0x0fd414: 0x4c2b5100
0x0fd418: 0x4c2b5100
0x0fd41c: 0x4c2b5100
0x0fd420: 0x4c2b5100
0x0fd424: 0x4c2b5100
0x0fd428: 0x4c2b5100
0x0fd42c: 0x4c2b5100
0x0fd430: 0x4c2b5100
0x0fd434: 0x4c2b5100
0x0fd438: 0x4c2b5100
0x0fd43c: 0x4c2b5100
0x0fd440: 0x4c2b5100
0x0fd444: 0x4c2b5100
0x0fd448: 0x4c2b5100
0x0fd44c: 0x4c2b5100
0x0fd450: 0x4c2b5100
0x0fd454: 0x4c2b5100
0x0fd458: 0x4c2b5100
0x0fd45c: 0x4c2b5100
0x0fd460: 0x4c2b5100
0x0fd464: 0x4c2b5100
0x0fd468: 0x4c2b5100
0x0fd46c: 0x4c2b5100
0x0fd470: 0x4c2b5100
0x0fd474: 0x4c2b5100
0x0fd478: 0x4c2b5100
0x0fd47c: 0x4c2b5100
0x0fd480: 0x4c2b5100
0x0fd484: 0x4c2b5100
0x0fd488: 0x4c2b5100
0x0fd48c: 0x4c2b5100
0x0fd490: 0x4c2b5100
0x0fd494: 0x4c2b5100
0x0fd498: 0x4c2b5100
0x0fd49c: 0x4c2b5100
0x0fd4a0: 0x4c2b5100
0x0fd4a4: 0x4c2b5100
0x0fd4a8: 0x4c2b5100
0x0fd4ac: 0x4c2b5100
0x0fd4b0: 0x4c2b5100
0x0fd4b4: 0x4c2b5100
0x0fd4b8: 0x4c2b5100
0x0fd4bc: 0x4c2b5100
0x0fd4c0: 0x4c2b5100
0x0fd4c4: 0x4c2b5100
0x0fd4c8: 0x4c2b5100
0x0fd4cc: 0x4c2b5100
0x0fd4d0: 0x4c2b5100
0x0fd4d4: 0x4c2b5100
0x0fd4d8: 0x4c2b5100
0x0fd4dc: 0x4c2b5100
0x0fd4e0: 0x4c2b5100
0x0fd4e4: 0x4c2b5100
0x0fd4e8: 0x4c2b5100
0x0fd4ec: 0x4c2b5100
0x0fd4f0: 0x4c2b5100
0x0fd4f4: 0x4c2b5100
0x0fd4f8: 0x4c2b5100
0x0fd4fc: 0x4c2b5100
0x0fd500: 0x4c2b5100
0x0fd504: 0x4c2b5100
0x0fd508: 0x4c2b5100
0x0fd50c: 0x4c2b5100
0x0fd510: 0x4c2b5100
0x0fd514: 0x4c2b5100
0x0fd518: 0x4c2b5100
0x0fd51c: 0x4c2b5100
0x0fd520: 0x4c2b5100
0x0fd524: 0x4c2b5100
0x0fd528: 0x4c2b5100
0x0fd52c: 0x4c2b5100
0x0fd530: 0x4c2b5100
0x0fd534: 0x4c2b5100
0x0fd538: 0x4c2b5100
0x0fd53c: 0x4c2b5100
0x0fd540: 0x4c2b5100
0x0fd544: 0x4c2b5100
0x0fd548: 0x4c2b5100
0x0fd54c: 0x4c2b5100
0x0fd550: 0x4c2b5100
0x0fd554: 0x4c2b5100
0x0fd558: 0x4c2b5100
0x0fd55c: 0x4c2b5100
0x0fd560: 0x4c2b5100
0x0fd564: 0x4c2b5100
0x0fd568: 0x4c2b5100
0x0fd56c: 0x4c2b5100
0x0fd570: 0x4c2b5100
0x0fd574: 0x4c2b5100
0x0fd578: 0x4c2b5100
0x0fd57c: 0x4c2b5100
0x0fd580: 0x4c2b5100
0x0fd584: 0x4c2b5100
0x0fd588: 0x4c2b5100
0x0fd58c: 0x4c2b5100
0x0fd590: 0x4c2b5100
0x0fd594: 0x4c2b5100
0x0fd598: 0x4c2b5100
0x0fd59c: 0x4c2b5100
0x0fd5a0: 0x4c2b5100
0x0fd5a4: 0x4c2b5100
0x0fd5a8: 0x4c2b5100
0x0fd5ac: 0x4c2b5100
0x0fd5b0: 0x4c2b5100
0x0fd5b4: 0x4c2b5100
0x0fd5b8: 0x4c2b5100
0x0fd5bc: 0x4c2b5100
0x0fd5c0: 0x4c2b5100
0x0fd5c4: 0x4c2b5100
0x0fd5c8: 0x4c2b5100
0x0fd5cc: 0x4c2b5100
0x0fd5d0: 0x4c2b5100
0x0fd5d4: 0x4c2b5100
0x0fd5d8: 0x4c2b5100
0x0fd5dc: 0x4c2b5100
0x0fd5e0: 0x4c2b5100
0x0fd5e4: 0x4c2b5100
0x0fd5e8: 0x4c2b5100
0x0fd5ec: 0x4c2b5100
0x0fd5f0: 0x4c2b5100
0x0fd5f4: 0x4c2b5100
0x0fd5f8: 0x4c2b5100
0x0fd5fc: 0x4c2b5100
0x0fd600: 0x4c2b5100
0x0fd604: 0x4c2b5100
0x0fd608: 0x4c2b5100
0x0fd60c: 0x4c2b5100
0x0fd610: 0x4c2b5100
0x0fd614: 0x4c2b5100
0x0fd618: 0x4c2b5100
0x0fd61c: 0x4c2b5100
0x0fd620: 0x4c2b5100
0x0fd624: 0x4c2b5100
0x0fd628: 0x4c2b5100
0x0fd62c: 0x4c2b5100
0x0fd630: 0x4c2b5100
0x0fd634: 0x4c2b5100
0x0fd638: 0x4c2b5100
0x0fd63c: 0x4c2b5100
0x0fd640: 0x4c2b5100
0x0fd644: 0x4c2b5100
0x0fd648: 0x4c2b5100
0x0fd64c: 0x4c2b5100
0x0fd650: 0x4c2b5100
0x0fd654: 0x4c2b5100
0x0fd658: 0x4c2b5100
0x0fd65c: 0x4c2b5100
0x0fd660: 0x4c2b5100
0x0fd664: 0x4c2b5100
0x0fd668: 0x4c2b5100
0x0fd66c: 0x4c2b5100
0x0fd670: 0x4c2b5100
0x0fd674: 0x4c2b5100
0x0fd678: 0x4c2b5100
0x0fd67c: 0x4c2b5100
0x0fd680: 0x4c2b5100
0x0fd684: 0x4c2b5100
0x0fd688: 0x4c2b5100
0x0fd68c: 0x4c2b5100
0x0fd690: 0x4c2b5100
0x0fd694: 0x4c2b5100
0x0fd698: 0x4c2b5100
0x0fd69c: 0x4c2b5100
0x0fd6a0: 0x4c2b5100
0x0fd6a4: 0x4c2b5100
0x0fd6a8: 0x4c2b5100
0x0fd6ac: 0x4c2b5100
0x0fd6b0: 0x4c2b5100
0x0fd6b4: 0x4c2b5100
0x0fd6b8: 0x4c2b5100
0x0fd6bc: 0x4c2b5100
0x0fd6c0: 0x4c2b5100
0x0fd6c4: 0x4c2b5100
0x0fd6c8: 0x4c2b5100
0x0fd6cc: 0x4c2b5100
0x0fd6d0: 0x4c2b5100
0x0fd6d4: 0x4c2b5100
0x0fd6d8: 0x4c2b5100
0x0fd6dc: 0x4c2b5100
0x0fd6e0: 0x4c2b5100
0x0fd6e4: 0x4c2b5100
0x0fd6e8: 0x4c2b5100
0x0fd6ec: 0x4c2b5100
0x0fd6f0: 0x4c2b5100
0x0fd6f4: 0x4c2b5100
0x0fd6f8: 0x4c2b5100
0x0fd6fc: 0x4c2b5100
0x0fd700: 0x4c2b5100
0x0fd704: 0x4c2b5100
0x0fd708: 0x4c2b5100
0x0fd70c: 0x4c2b5100
0x0fd710: 0x4c2b5100
0x0fd714: 0x4c2b5100
0x0fd718: 0x4c2b5100
0x0fd71c: 0x4c2b5100
0x0fd720: 0x4c2b5100
0x0fd724: 0x4c2b5100
0x0fd728: 0x4c2b5100
0x0fd72c: 0x4c2b5100
0x0fd730: 0x4c2b5100
0x0fd734: 0x4c2b5100
0x0fd738: 0x4c2b5100
0x0fd73c: 0x4c2b5100
0x0fd740: 0x4c2b5100
0x0fd744: 0x4c2b5100
0x0fd748: 0x4c2b5100
0x0fd74c: 0x4c2b5100
0x0fd750: 0x4c2b5100
0x0fd754: 0x4c2b5100
0x0fd758: 0x4c2b5100
0x0fd75c: 0x4c2b5100
0x0fd760: 0x4c2b5100
0x0fd764: 0x4c2b5100
0x0fd768: 0x4c2b5100
0x0fd76c: 0x4c2b5100
0x0fd770: 0x4c2b5100
0x0fd774: 0x4c2b5100
0x0fd778: 0x4c2b5100
0x0fd77c: 0x4c2b5100
0x0fd780: 0x4c2b5100
0x0fd784: 0x4c2b5100
0x0fd788: 0x4c2b5100
0x0fd78c: 0x4c2b5100
0x0fd790: 0x4c2b5100
0x0fd794: 0x4c2b5100
0x0fd798: 0x4c2b5100
0x0fd79c: 0x4c2b5100
0x0fd7a0: 0x4c2b5100
0x0fd7a4: 0x4c2b5100
0x0fd7a8: 0x4c2b5100
0x0fd7ac: 0x4c2b5100
0x0fd7b0: 0x4c2b5100
0x0fd7b4: 0x4c2b5100
0x0fd7b8: 0x4c2b5100
0x0fd7bc: 0x4c2b5100
0x0fd7c0: 0x4c2b5100
0x0fd7c4: 0x4c2b5100
0x0fd7c8: 0x4c2b5100
0x0fd7cc: 0x4c2b5100
0x0fd7d0: 0x4c2b5100
0x0fd7d4: 0x4c2b5100
0x0fd7d8: 0x4c2b5100
0x0fd7dc: 0x4c2b5100
0x0fd7e0: 0x4c2b5100
0x0fd7e4: 0x4c2b5100
0x0fd7e8: 0x4c2b5100
0x0fd7ec: 0x4c2b5100
0x0fd7f0: 0x4c2b5100
0x0fd7f4: 0x4c2b5100
0x0fd7f8: 0x4c2b5100
0x0fd7fc: 0x4c2b5100
0x0fd800: 0x4c2b5100
0x0fd804: 0x4c2b5100
0x0fd808: 0x4c2b5100
0x0fd80c: 0x4c2b5100
0x0fd810: 0x4c2b5100
0x0fd814: 0x4c2b5100
0x0fd818: 0x4c2b5100
0x0fd81c: 0x4c2b5100
0x0fd820: 0x4c2b5100
0x0fd824: 0x4c2b5100
0x0fd828: 0x4c2b5100
0x0fd82c: 0x4c2b5100
0x0fd830: 0x4c2b5100
0x0fd834: 0x4c2b5100
0x0fd838: 0x4c2b5100
0x0fd83c: 0x4c2b5100
0x0fd840: 0x4c2b5100
0x0fd844: 0x4c2b5100
0x0fd848: 0x4c2b5100
0x0fd84c: 0x4c2b5100
0x0fd850: 0x4c2b5100
0x0fd854: 0x4c2b5100
0x0fd858: 0x4c2b5100
0x0fd85c: 0x4c2b5100
0x0fd860: 0x4c2b5100
0x0fd864: 0x4c2b5100
0x0fd868: 0x4c2b5100
0x0fd86c: 0x4c2b5100
0x0fd870: 0x4c2b5100
0x0fd874: 0x4c2b5100
0x0fd878: 0x4c2b5100
0x0fd87c: 0x4c2b5100
0x0fd880: 0x4c2b5100
0x0fd884: 0x4c2b5100
0x0fd888: 0x4c2b5100
0x0fd88c: 0x4c2b5100
0x0fd890: 0x4c2b5100
0x0fd894: 0x4c2b5100
0x0fd898: 0x4c2b5100
0x0fd89c: 0x4c2b5100
0x0fd8a0: 0x4c2b5100
0x0fd8a4: 0x4c2b5100
0x0fd8a8: 0x4c2b5100
0x0fd8ac: 0x4c2b5100
0x0fd8b0: 0x4c2b5100
0x0fd8b4: 0x4c2b5100
0x0fd8b8: 0x4c2b5100
0x0fd8bc: 0x4c2b5100
0x0fd8c0: 0x4c2b5100
0x0fd8c4: 0x4c2b5100
0x0fd8c8: 0x4c2b5100
0x0fd8cc: 0x4c2b5100
0x0fd8d0: 0x4c2b5100
0x0fd8d4: 0x4c2b5100
0x0fd8d8: 0x4c2b5100
0x0fd8dc: 0x4c2b5100
0x0fd8e0: 0x4c2b5100
0x0fd8e4: 0x4c2b5100
0x0fd8e8: 0x4c2b5100
0x0fd8ec: 0x4c2b5100
0x0fd8f0: 0x4c2b5100
0x0fd8f4: 0x4c2b5100
0x0fd8f8: 0x4c2b5100
0x0fd8fc: 0x4c2b5100
0x0fd900: 0x4c2b5100
0x0fd904: 0x4c2b5100
0x0fd908: 0x4c2b5100
0x0fd90c: 0x4c2b5100
0x0fd910: 0x4c2b5100
0x0fd914: 0x4c2b5100
0x0fd918: 0x4c2b5100
0x0fd91c: 0x4c2b5100
0x0fd920: 0x4c2b5100
0x0fd924: 0x4c2b5100
0x0fd928: 0x4c2b5100
0x0fd92c: 0x4c2b5100
0x0fd930: 0x4c2b5100
0x0fd934: 0x4c2b5100
0x0fd938: 0x4c2b5100
0x0fd93c: 0x4c2b5100
0x0fd940: 0x4c2b5100
0x0fd944: 0x4c2b5100
0x0fd948: 0x4c2b5100
0x0fd94c: 0x4c2b5100
0x0fd950: 0x4c2b5100
0x0fd954: 0x4c2b5100
0x0fd958: 0x4c2b5100
0x0fd95c: 0x4c2b5100
0x0fd960: 0x4c2b5100
0x0fd964: 0x4c2b5100
0x0fd968: 0x4c2b5100
0x0fd96c: 0x4c2b5100
0x0fd970: 0x4c2b5100
0x0fd974: 0x4c2b5100
0x0fd978: 0x4c2b5100
0x0fd97c: 0x4c2b5100
0x0fd980: 0x4c2b5100
0x0fd984: 0x4c2b5100
0x0fd988: 0x4c2b5100
0x0fd98c: 0x4c2b5100
0x0fd990: 0x4c2b5100
0x0fd994: 0x4c2b5100
0x0fd998: 0x4c2b5100
0x0fd99c: 0x4c2b5100
0x0fd9a0: 0x4c2b5100
0x0fd9a4: 0x4c2b5100
0x0fd9a8: 0x4c2b5100
0x0fd9ac: 0x4c2b5100
0x0fd9b0: 0x4c2b5100
0x0fd9b4: 0x4c2b5100
0x0fd9b8: 0x4c2b5100
0x0fd9bc: 0x4c2b5100
0x0fd9c0: 0x4c2b5100
0x0fd9c4: 0x4c2b5100
0x0fd9c8: 0x4c2b5100
0x0fd9cc: 0x4c2b5100
0x0fd9d0: 0x4c2b5100
0x0fd9d4: 0x4c2b5100
0x0fd9d8: 0x4c2b5100
0x0fd9dc: 0x4c2b5100
0x0fd9e0: 0x4c2b5100
0x0fd9e4: 0x4c2b5100
0x0fd9e8: 0x4c2b5100
0x0fd9ec: 0x4c2b5100
0x0fd9f0: 0x4c2b5100
0x0fd9f4: 0x4c2b5100
0x0fd9f8: 0x4c2b5100
0x0fd9fc: 0x4c2b5100
0x0fda00: 0x4c2b5100
0x0fda04: 0x4c2b5100
0x0fda08: 0x4c2b5100
0x0fda0c: 0x4c2b5100
0x0fda10: 0x4c2b5100
0x0fda14: 0x4c2b5100
0x0fda18: 0x4c2b5100
0x0fda1c: 0x4c2b5100
0x0fda20: 0x4c2b5100
0x0fda24: 0x4c2b5100
0x0fda28: 0x4c2b5100
0x0fda2c: 0x4c2b5100
0x0fda30: 0x4c2b5100
0x0fda34: 0x4c2b5100
0x0fda38: 0x4c2b5100
0x0fda3c: 0x4c2b5100
0x0fda40: 0x4c2b5100
0x0fda44: 0x4c2b5100
0x0fda48: 0x4c2b5100
0x0fda4c: 0x4c2b5100
0x0fda50: 0x4c2b5100
0x0fda54: 0x4c2b5100
0x0fda58: 0x4c2b5100
0x0fda5c: 0x4c2b5100
0x0fda60: 0x4c2b5100
0x0fda64: 0x4c2b5100
0x0fda68: 0x4c2b5100
0x0fda6c: 0x4c2b5100
0x0fda70: 0x4c2b5100
0x0fda74: 0x4c2b5100
0x0fda78: 0x4c2b5100
0x0fda7c: 0x4c2b5100
0x0fda80: 0x4c2b5100
0x0fda84: 0x4c2b5100
0x0fda88: 0x4c2b5100
0x0fda8c: 0x4c2b5100
0x0fda90: 0x4c2b5100
0x0fda94: 0x4c2b5100
0x0fda98: 0x4c2b5100
0x0fda9c: 0x4c2b5100
0x0fdaa0: 0x4c2b5100
0x0fdaa4: 0x4c2b5100
0x0fdaa8: 0x4c2b5100
0x0fdaac: 0x4c2b5100
0x0fdab0: 0x4c2b5100
0x0fdab4: 0x4c2b5100
0x0fdab8: 0x4c2b5100
0x0fdabc: 0x4c2b5100
0x0fdac0: 0x4c2b5100
0x0fdac4: 0x4c2b5100
0x0fdac8: 0x4c2b5100
0x0fdacc: 0x4c2b5100
0x0fdad0: 0x4c2b5100
0x0fdad4: 0x4c2b5100
0x0fdad8: 0x4c2b5100
0x0fdadc: 0x4c2b5100
0x0fdae0: 0x4c2b5100
0x0fdae4: 0x4c2b5100
0x0fdae8: 0x4c2b5100
0x0fdaec: 0x4c2b5100
0x0fdaf0: 0x4c2b5100
0x0fdaf4: 0x4c2b5100
0x0fdaf8: 0x4c2b5100
0x0fdafc: 0x4c2b5100
0x0fdb00: 0x4c2b5100
0x0fdb04: 0x4c2b5100
0x0fdb08: 0x4c2b5100
0x0fdb0c: 0x4c2b5100
0x0fdb10: 0x4c2b5100
0x0fdb14: 0x4c2b5100
0x0fdb18: 0x4c2b5100
0x0fdb1c: 0x4c2b5100
0x0fdb20: 0x4c2b5100
0x0fdb24: 0x4c2b5100
0x0fdb28: 0x4c2b5100
0x0fdb2c: 0x4c2b5100
0x0fdb30: 0x4c2b5100
0x0fdb34: 0x4c2b5100
0x0fdb38: 0x4c2b5100
0x0fdb3c: 0x4c2b5100
0x0fdb40: 0x4c2b5100
0x0fdb44: 0x4c2b5100
0x0fdb48: 0x4c2b5100
0x0fdb4c: 0x4c2b5100
0x0fdb50: 0x4c2b5100
0x0fdb54: 0x4c2b5100
0x0fdb58: 0x4c2b5100
0x0fdb5c: 0x4c2b5100
0x0fdb60: 0x4c2b5100
0x0fdb64: 0x4c2b5100
0x0fdb68: 0x4c2b5100
0x0fdb6c: 0x4c2b5100
0x0fdb70: 0x4c2b5100
0x0fdb74: 0x4c2b5100
0x0fdb78: 0x4c2b5100
0x0fdb7c: 0x4c2b5100
0x0fdb80: 0x4c2b5100
0x0fdb84: 0x4c2b5100
0x0fdb88: 0x4c2b5100
0x0fdb8c: 0x4c2b5100
0x0fdb90: 0x4c2b5100
0x0fdb94: 0x4c2b5100
0x0fdb98: 0x4c2b5100
0x0fdb9c: 0x4c2b5100
0x0fdba0: 0x4c2b5100
0x0fdba4: 0x4c2b5100
0x0fdba8: 0x4c2b5100
0x0fdbac: 0x4c2b5100
0x0fdbb0: 0x4c2b5100
0x0fdbb4: 0x4c2b5100
0x0fdbb8: 0x4c2b5100
0x0fdbbc: 0x4c2b5100
0x0fdbc0: 0x4c2b5100
0x0fdbc4: 0x4c2b5100
0x0fdbc8: 0x4c2b5100
0x0fdbcc: 0x4c2b5100
0x0fdbd0: 0x4c2b5100
0x0fdbd4: 0x4c2b5100
0x0fdbd8: 0x4c2b5100
0x0fdbdc: 0x4c2b5100
0x0fdbe0: 0x4c2b5100
0x0fdbe4: 0x4c2b5100
0x0fdbe8: 0x4c2b5100
0x0fdbec: 0x4c2b5100
0x0fdbf0: 0x4c2b5100
0x0fdbf4: 0x4c2b5100
0x0fdbf8: 0x4c2b5100
0x0fdbfc: 0x4c2b5100
0x0fdc00: 0x4c2b5100
0x0fdc04: 0x4c2b5100
0x0fdc08: 0x4c2b5100
0x0fdc0c: 0x4c2b5100
0x0fdc10: 0x4c2b5100
0x0fdc14: 0x4c2b5100
0x0fdc18: 0x4c2b5100
0x0fdc1c: 0x4c2b5100
0x0fdc20: 0x4c2b5100
0x0fdc24: 0x4c2b5100
0x0fdc28: 0x4c2b5100
0x0fdc2c: 0x4c2b5100
0x0fdc30: 0x4c2b5100
0x0fdc34: 0x4c2b5100
0x0fdc38: 0x4c2b5100
0x0fdc3c: 0x4c2b5100
0x0fdc40: 0x4c2b5100
0x0fdc44: 0x4c2b5100
0x0fdc48: 0x4c2b5100
0x0fdc4c: 0x4c2b5100
0x0fdc50: 0x4c2b5100
0x0fdc54: 0x4c2b5100
0x0fdc58: 0x4c2b5100
0x0fdc5c: 0x4c2b5100
0x0fdc60: 0x4c2b5100
0x0fdc64: 0x4c2b5100
0x0fdc68: 0x4c2b5100
0x0fdc6c: 0x4c2b5100
0x0fdc70: 0x4c2b5100
0x0fdc74: 0x4c2b5100
0x0fdc78: 0x4c2b5100
0x0fdc7c: 0x4c2b5100
0x0fdc80: 0x4c2b5100
0x0fdc84: 0x4c2b5100
0x0fdc88: 0x4c2b5100
0x0fdc8c: 0x4c2b5100
0x0fdc90: 0x4c2b5100
0x0fdc94: 0x4c2b5100
0x0fdc98: 0x4c2b5100
0x0fdc9c: 0x4c2b5100
0x0fdca0: 0x4c2b5100
0x0fdca4: 0x4c2b5100
0x0fdca8: 0x4c2b5100
0x0fdcac: 0x4c2b5100
0x0fdcb0: 0x4c2b5100
0x0fdcb4: 0x4c2b5100
0x0fdcb8: 0x4c2b5100
0x0fdcbc: 0x4c2b5100
0x0fdcc0: 0x4c2b5100
0x0fdcc4: 0x4c2b5100
0x0fdcc8: 0x4c2b5100
0x0fdccc: 0x4c2b5100
0x0fdcd0: 0x4c2b5100
0x0fdcd4: 0x4c2b5100
0x0fdcd8: 0x4c2b5100
0x0fdcdc: 0x4c2b5100
0x0fdce0: 0x4c2b5100
0x0fdce4: 0x4c2b5100
0x0fdce8: 0x4c2b5100
0x0fdcec: 0x4c2b5100
0x0fdcf0: 0x4c2b5100
0x0fdcf4: 0x4c2b5100
0x0fdcf8: 0x4c2b5100
0x0fdcfc: 0x4c2b5100
0x0fdd00: 0x4c2b5100
0x0fdd04: 0x4c2b5100
0x0fdd08: 0x4c2b5100
0x0fdd0c: 0x4c2b5100
0x0fdd10: 0x4c2b5100
0x0fdd14: 0x4c2b5100
0x0fdd18: 0x4c2b5100
0x0fdd1c: 0x4c2b5100
0x0fdd20: 0x4c2b5100
0x0fdd24: 0x4c2b5100
0x0fdd28: 0x4c2b5100
0x0fdd2c: 0x4c2b5100
0x0fdd30: 0x4c2b5100
0x0fdd34: 0x4c2b5100
0x0fdd38: 0x4c2b5100
0x0fdd3c: 0x4c2b5100
0x0fdd40: 0x4c2b5100
0x0fdd44: 0x4c2b5100
0x0fdd48: 0x4c2b5100
0x0fdd4c: 0x4c2b5100
0x0fdd50: 0x4c2b5100
0x0fdd54: 0x4c2b5100
0x0fdd58: 0x4c2b5100
0x0fdd5c: 0x4c2b5100
0x0fdd60: 0x4c2b5100
0x0fdd64: 0x4c2b5100
0x0fdd68: 0x4c2b5100
0x0fdd6c: 0x4c2b5100
0x0fdd70: 0x4c2b5100
0x0fdd74: 0x4c2b5100
0x0fdd78: 0x4c2b5100
0x0fdd7c: 0x4c2b5100
0x0fdd80: 0x4c2b5100
0x0fdd84: 0x4c2b5100
0x0fdd88: 0x4c2b5100
0x0fdd8c: 0x4c2b5100
0x0fdd90: 0x4c2b5100
0x0fdd94: 0x4c2b5100
0x0fdd98: 0x4c2b5100
0x0fdd9c: 0x4c2b5100
0x0fdda0: 0x4c2b5100
0x0fdda4: 0x4c2b5100
0x0fdda8: 0x4c2b5100
0x0fddac: 0x4c2b5100
0x0fddb0: 0x4c2b5100
0x0fddb4: 0x4c2b5100
0x0fddb8: 0x4c2b5100
0x0fddbc: 0x4c2b5100
0x0fddc0: 0x4c2b5100
0x0fddc4: 0x4c2b5100
0x0fddc8: 0x4c2b5100
0x0fddcc: 0x4c2b5100
0x0fddd0: 0x4c2b5100
0x0fddd4: 0x4c2b5100
0x0fddd8: 0x4c2b5100
0x0fdddc: 0x4c2b5100
0x0fdde0: 0x4c2b5100
0x0fdde4: 0x4c2b5100
0x0fdde8: 0x4c2b5100
0x0fddec: 0x4c2b5100
0x0fddf0: 0x4c2b5100
0x0fddf4: 0x4c2b5100
0x0fddf8: 0x4c2b5100
0x0fddfc: 0x4c2b5100
0x0fde00: 0x4c2b5100
0x0fde04: 0x4c2b5100
0x0fde08: 0x4c2b5100
0x0fde0c: 0x4c2b5100
0x0fde10: 0x4c2b5100
0x0fde14: 0x4c2b5100
0x0fde18: 0x4c2b5100
0x0fde1c: 0x4c2b5100
0x0fde20: 0x4c2b5100
0x0fde24: 0x4c2b5100
0x0fde28: 0x4c2b5100
0x0fde2c: 0x4c2b5100
0x0fde30: 0x4c2b5100
0x0fde34: 0x4c2b5100
0x0fde38: 0x4c2b5100
0x0fde3c: 0x4c2b5100
0x0fde40: 0x4c2b5100
0x0fde44: 0x4c2b5100
0x0fde48: 0x4c2b5100
0x0fde4c: 0x4c2b5100
0x0fde50: 0x4c2b5100
0x0fde54: 0x4c2b5100
0x0fde58: 0x4c2b5100
0x0fde5c: 0x4c2b5100
0x0fde60: 0x4c2b5100
0x0fde64: 0x4c2b5100
0x0fde68: 0x4c2b5100
0x0fde6c: 0x4c2b5100
0x0fde70: 0x4c2b5100
0x0fde74: 0x4c2b5100
0x0fde78: 0x4c2b5100
0x0fde7c: 0x4c2b5100
0x0fde80: 0x4c2b5100
0x0fde84: 0x4c2b5100
0x0fde88: 0x4c2b5100
0x0fde8c: 0x4c2b5100
0x0fde90: 0x4c2b5100
0x0fde94: 0x4c2b5100
0x0fde98: 0x4c2b5100
0x0fde9c: 0x4c2b5100
0x0fdea0: 0x4c2b5100
0x0fdea4: 0x4c2b5100
0x0fdea8: 0x4c2b5100
0x0fdeac: 0x4c2b5100
0x0fdeb0: 0x4c2b5100
0x0fdeb4: 0x4c2b5100
0x0fdeb8: 0x4c2b5100
0x0fdebc: 0x4c2b5100
0x0fdec0: 0x4c2b5100
0x0fdec4: 0x4c2b5100
0x0fdec8: 0x4c2b5100
0x0fdecc: 0x4c2b5100
0x0fded0: 0x4c2b5100
0x0fded4: 0x4c2b5100
0x0fded8: 0x4c2b5100
0x0fdedc: 0x4c2b5100
0x0fdee0: 0x4c2b5100
0x0fdee4: 0x4c2b5100
0x0fdee8: 0x4c2b5100
0x0fdeec: 0x4c2b5100
0x0fdef0: 0x4c2b5100
0x0fdef4: 0x4c2b5100
0x0fdef8: 0x4c2b5100
0x0fdefc: 0x4c2b5100
0x0fdf00: 0x4c2b5100
0x0fdf04: 0x4c2b5100
0x0fdf08: 0x4c2b5100
0x0fdf0c: 0x4c2b5100
0x0fdf10: 0x4c2b5100
0x0fdf14: 0x4c2b5100
0x0fdf18: 0x4c2b5100
0x0fdf1c: 0x4c2b5100
0x0fdf20: 0x4c2b5100
0x0fdf24: 0x4c2b5100
0x0fdf28: 0x4c2b5100
0x0fdf2c: 0x4c2b5100
0x0fdf30: 0x4c2b5100
0x0fdf34: 0x4c2b5100
0x0fdf38: 0x4c2b5100
0x0fdf3c: 0x4c2b5100
0x0fdf40: 0x4c2b5100
0x0fdf44: 0x4c2b5100
0x0fdf48: 0x4c2b5100
0x0fdf4c: 0x4c2b5100
0x0fdf50: 0x4c2b5100
0x0fdf54: 0x4c2b5100
0x0fdf58: 0x4c2b5100
0x0fdf5c: 0x4c2b5100
0x0fdf60: 0x4c2b5100
0x0fdf64: 0x4c2b5100
0x0fdf68: 0x4c2b5100
0x0fdf6c: 0x4c2b5100
0x0fdf70: 0x4c2b5100
0x0fdf74: 0x4c2b5100
0x0fdf78: 0x4c2b5100
0x0fdf7c: 0x4c2b5100
0x0fdf80: 0x4c2b5100
0x0fdf84: 0x4c2b5100
0x0fdf88: 0x4c2b5100
0x0fdf8c: 0x4c2b5100
0x0fdf90: 0x4c2b5100
0x0fdf94: 0x4c2b5100
0x0fdf98: 0x4c2b5100
0x0fdf9c: 0x4c2b5100
0x0fdfa0: 0x4c2b5100
0x0fdfa4: 0x4c2b5100
0x0fdfa8: 0x4c2b5100
0x0fdfac: 0x4c2b5100
0x0fdfb0: 0x4c2b5100
0x0fdfb4: 0x4c2b5100
0x0fdfb8: 0x4c2b5100
0x0fdfbc: 0x4c2b5100
0x0fdfc0: 0x4c2b5100
0x0fdfc4: 0x4c2b5100
0x0fdfc8: 0x4c2b5100
0x0fdfcc: 0x4c2b5100
0x0fdfd0: 0x4c2b5100
0x0fdfd4: 0x4c2b5100
0x0fdfd8: 0x4c2b5100
0x0fdfdc: 0x4c2b5100
0x0fdfe0: 0x4c2b5100
0x0fdfe4: 0x4c2b5100
0x0fdfe8: 0x4c2b5100
0x0fdfec: 0x4c2b5100
0x0fdff0: 0x4c2b5100
0x0fdff4: 0x4c2b5100
0x0fdff8: 0x4c2b5100
0x0fdffc: 0x4c2b5100
0x0fe000: 0x4c2b5100
0x0fe004: 0x4c2b5100
0x0fe008: 0x4c2b5100
0x0fe00c: 0x4c2b5100
0x0fe010: 0x4c2b5100
0x0fe014: 0x4c2b5100
0x0fe018: 0x4c2b5100
0x0fe01c: 0x4c2b5100
0x0fe020: 0x4c2b5100
0x0fe024: 0x4c2b5100
0x0fe028: 0x4c2b5100
0x0fe02c: 0x4c2b5100
0x0fe030: 0x4c2b5100
0x0fe034: 0x4c2b5100
0x0fe038: 0x4c2b5100
0x0fe03c: 0x4c2b5100
0x0fe040: 0x4c2b5100
0x0fe044: 0x4c2b5100
0x0fe048: 0x4c2b5100
0x0fe04c: 0x4c2b5100
0x0fe050: 0x4c2b5100
0x0fe054: 0x4c2b5100
0x0fe058: 0x4c2b5100
0x0fe05c: 0x4c2b5100
0x0fe060: 0x4c2b5100
0x0fe064: 0x4c2b5100
0x0fe068: 0x4c2b5100
0x0fe06c: 0x4c2b5100
0x0fe070: 0x4c2b5100
0x0fe074: 0x4c2b5100
0x0fe078: 0x4c2b5100
0x0fe07c: 0x4c2b5100
0x0fe080: 0x4c2b5100
0x0fe084: 0x4c2b5100
0x0fe088: 0x4c2b5100
0x0fe08c: 0x4c2b5100
0x0fe090: 0x4c2b5100
0x0fe094: 0x4c2b5100
0x0fe098: 0x4c2b5100
0x0fe09c: 0x4c2b5100
0x0fe0a0: 0x4c2b5100
0x0fe0a4: 0x4c2b5100
0x0fe0a8: 0x4c2b5100
0x0fe0ac: 0x4c2b5100
0x0fe0b0: 0x4c2b5100
0x0fe0b4: 0x4c2b5100
0x0fe0b8: 0x4c2b5100
0x0fe0bc: 0x4c2b5100
0x0fe0c0: 0x4c2b5100
0x0fe0c4: 0x4c2b5100
0x0fe0c8: 0x4c2b5100
0x0fe0cc: 0x4c2b5100
0x0fe0d0: 0x4c2b5100
0x0fe0d4: 0x4c2b5100
0x0fe0d8: 0x4c2b5100
0x0fe0dc: 0x4c2b5100
0x0fe0e0: 0x4c2b5100
0x0fe0e4: 0x4c2b5100
0x0fe0e8: 0x4c2b5100
0x0fe0ec: 0x4c2b5100
0x0fe0f0: 0x4c2b5100
0x0fe0f4: 0x4c2b5100
0x0fe0f8: 0x4c2b5100
0x0fe0fc: 0x4c2b5100
0x0fe100: 0x4c2b5100
0x0fe104: 0x4c2b5100
0x0fe108: 0x4c2b5100
0x0fe10c: 0x4c2b5100
0x0fe110: 0x4c2b5100
0x0fe114: 0x4c2b5100
0x0fe118: 0x4c2b5100
0x0fe11c: 0x4c2b5100
0x0fe120: 0x4c2b5100
0x0fe124: 0x4c2b5100
0x0fe128: 0x4c2b5100
0x0fe12c: 0x4c2b5100
0x0fe130: 0x4c2b5100
0x0fe134: 0x4c2b5100
0x0fe138: 0x4c2b5100
0x0fe13c: 0x4c2b5100
0x0fe140: 0x4c2b5100
0x0fe144: 0x4c2b5100
0x0fe148: 0x4c2b5100
0x0fe14c: 0x4c2b5100
0x0fe150: 0x4c2b5100
0x0fe154: 0x4c2b5100
0x0fe158: 0x4c2b5100
0x0fe15c: 0x4c2b5100
0x0fe160: 0x4c2b5100
0x0fe164: 0x4c2b5100
0x0fe168: 0x4c2b5100
0x0fe16c: 0x4c2b5100
0x0fe170: 0x4c2b5100
0x0fe174: 0x4c2b5100
0x0fe178: 0x4c2b5100
0x0fe17c: 0x4c2b5100
0x0fe180: 0x4c2b5100
0x0fe184: 0x4c2b5100
0x0fe188: 0x4c2b5100
0x0fe18c: 0x4c2b5100
0x0fe190: 0x4c2b5100
0x0fe194: 0x4c2b5100
0x0fe198: 0x4c2b5100
0x0fe19c: 0x4c2b5100
0x0fe1a0: 0x4c2b5100
0x0fe1a4: 0x4c2b5100
0x0fe1a8: 0x4c2b5100
0x0fe1ac: 0x4c2b5100
0x0fe1b0: 0x4c2b5100
0x0fe1b4: 0x4c2b5100
0x0fe1b8: 0x4c2b5100
0x0fe1bc: 0x4c2b5100
0x0fe1c0: 0x4c2b5100
0x0fe1c4: 0x4c2b5100
0x0fe1c8: 0x4c2b5100
0x0fe1cc: 0x4c2b5100
0x0fe1d0: 0x4c2b5100
0x0fe1d4: 0x4c2b5100
0x0fe1d8: 0x4c2b5100
0x0fe1dc: 0x4c2b5100
0x0fe1e0: 0x4c2b5100
0x0fe1e4: 0x4c2b5100
0x0fe1e8: 0x4c2b5100
0x0fe1ec: 0x4c2b5100
0x0fe1f0: 0x4c2b5100
0x0fe1f4: 0x4c2b5100
0x0fe1f8: 0x4c2b5100
0x0fe1fc: 0x4c2b5100
0x0fe200: 0x4c2b5100
0x0fe204: 0x4c2b5100
0x0fe208: 0x4c2b5100
0x0fe20c: 0x4c2b5100
0x0fe210: 0x4c2b5100
0x0fe214: 0x4c2b5100
0x0fe218: 0x4c2b5100
0x0fe21c: 0x4c2b5100
0x0fe220: 0x4c2b5100
0x0fe224: 0x4c2b5100
0x0fe228: 0x4c2b5100
0x0fe22c: 0x4c2b5100
0x0fe230: 0x4c2b5100
0x0fe234: 0x4c2b5100
0x0fe238: 0x4c2b5100
0x0fe23c: 0x4c2b5100
0x0fe240: 0x4c2b5100
0x0fe244: 0x4c2b5100
0x0fe248: 0x4c2b5100
0x0fe24c: 0x4c2b5100
0x0fe250: 0x4c2b5100
0x0fe254: 0x4c2b5100
0x0fe258: 0x4c2b5100
0x0fe25c: 0x4c2b5100
0x0fe260: 0x4c2b5100
0x0fe264: 0x4c2b5100
0x0fe268: 0x4c2b5100
0x0fe26c: 0x4c2b5100
0x0fe270: 0x4c2b5100
0x0fe274: 0x4c2b5100
0x0fe278: 0x4c2b5100
0x0fe27c: 0x4c2b5100
0x0fe280: 0x4c2b5100
0x0fe284: 0x4c2b5100
0x0fe288: 0x4c2b5100
0x0fe28c: 0x4c2b5100
0x0fe290: 0x4c2b5100
0x0fe294: 0x4c2b5100
0x0fe298: 0x4c2b5100
0x0fe29c: 0x4c2b5100
0x0fe2a0: 0x4c2b5100
0x0fe2a4: 0x4c2b5100
0x0fe2a8: 0x4c2b5100
0x0fe2ac: 0x4c2b5100
0x0fe2b0: 0x4c2b5100
0x0fe2b4: 0x4c2b5100
0x0fe2b8: 0x4c2b5100
0x0fe2bc: 0x4c2b5100
0x0fe2c0: 0x4c2b5100
0x0fe2c4: 0x4c2b5100
0x0fe2c8: 0x4c2b5100
0x0fe2cc: 0x4c2b5100
0x0fe2d0: 0x4c2b5100
0x0fe2d4: 0x4c2b5100
0x0fe2d8: 0x4c2b5100
0x0fe2dc: 0x4c2b5100
0x0fe2e0: 0x4c2b5100
0x0fe2e4: 0x4c2b5100
0x0fe2e8: 0x4c2b5100
0x0fe2ec: 0x4c2b5100
0x0fe2f0: 0x4c2b5100
0x0fe2f4: 0x4c2b5100
0x0fe2f8: 0x4c2b5100
0x0fe2fc: 0x4c2b5100
0x0fe300: 0x4c2b5100
0x0fe304: 0x4c2b5100
0x0fe308: 0x4c2b5100
0x0fe30c: 0x4c2b5100
0x0fe310: 0x4c2b5100
0x0fe314: 0x4c2b5100
0x0fe318: 0x4c2b5100
0x0fe31c: 0x4c2b5100
0x0fe320: 0x4c2b5100
0x0fe324: 0x4c2b5100
0x0fe328: 0x4c2b5100
0x0fe32c: 0x4c2b5100
0x0fe330: 0x4c2b5100
0x0fe334: 0x4c2b5100
0x0fe338: 0x4c2b5100
0x0fe33c: 0x4c2b5100
0x0fe340: 0x4c2b5100
0x0fe344: 0x4c2b5100
0x0fe348: 0x4c2b5100
0x0fe34c: 0x4c2b5100
0x0fe350: 0x4c2b5100
0x0fe354: 0x4c2b5100
0x0fe358: 0x4c2b5100
0x0fe35c: 0x4c2b5100
0x0fe360: 0x4c2b5100
0x0fe364: 0x4c2b5100
0x0fe368: 0x4c2b5100
0x0fe36c: 0x4c2b5100
0x0fe370: 0x4c2b5100
0x0fe374: 0x4c2b5100
0x0fe378: 0x4c2b5100
0x0fe37c: 0x4c2b5100
0x0fe380: 0x4c2b5100
0x0fe384: 0x4c2b5100
0x0fe388: 0x4c2b5100
0x0fe38c: 0x4c2b5100
0x0fe390: 0x4c2b5100
0x0fe394: 0x4c2b5100
0x0fe398: 0x4c2b5100
0x0fe39c: 0x4c2b5100
0x0fe3a0: 0x4c2b5100
0x0fe3a4: 0x4c2b5100
0x0fe3a8: 0x4c2b5100
0x0fe3ac: 0x4c2b5100
0x0fe3b0: 0x4c2b5100
0x0fe3b4: 0x4c2b5100
0x0fe3b8: 0x4c2b5100
0x0fe3bc: 0x4c2b5100
0x0fe3c0: 0x4c2b5100
0x0fe3c4: 0x4c2b5100
0x0fe3c8: 0x4c2b5100
0x0fe3cc: 0x4c2b5100
0x0fe3d0: 0x4c2b5100
0x0fe3d4: 0x4c2b5100
0x0fe3d8: 0x4c2b5100
0x0fe3dc: 0x4c2b5100
0x0fe3e0: 0x4c2b5100
0x0fe3e4: 0x4c2b5100
0x0fe3e8: 0x4c2b5100
0x0fe3ec: 0x4c2b5100
0x0fe3f0: 0x4c2b5100
0x0fe3f4: 0x4c2b5100
0x0fe3f8: 0x4c2b5100
0x0fe3fc: 0x4c2b5100
0x0fe400: 0x4c2b5100
0x0fe404: 0x4c2b5100
0x0fe408: 0x4c2b5100
0x0fe40c: 0x4c2b5100
0x0fe410: 0x4c2b5100
0x0fe414: 0x4c2b5100
0x0fe418: 0x4c2b5100
0x0fe41c: 0x4c2b5100
0x0fe420: 0x4c2b5100
0x0fe424: 0x4c2b5100
0x0fe428: 0x4c2b5100
0x0fe42c: 0x4c2b5100
0x0fe430: 0x4c2b5100
0x0fe434: 0x4c2b5100
0x0fe438: 0x4c2b5100
0x0fe43c: 0x4c2b5100
0x0fe440: 0x4c2b5100
0x0fe444: 0x4c2b5100
0x0fe448: 0x4c2b5100
0x0fe44c: 0x4c2b5100
0x0fe450: 0x4c2b5100
0x0fe454: 0x4c2b5100
0x0fe458: 0x4c2b5100
0x0fe45c: 0x4c2b5100
0x0fe460: 0x4c2b5100
0x0fe464: 0x4c2b5100
0x0fe468: 0x4c2b5100
0x0fe46c: 0x4c2b5100
0x0fe470: 0x4c2b5100
0x0fe474: 0x4c2b5100
0x0fe478: 0x4c2b5100
0x0fe47c: 0x4c2b5100
0x0fe480: 0x4c2b5100
0x0fe484: 0x4c2b5100
0x0fe488: 0x4c2b5100
0x0fe48c: 0x4c2b5100
0x0fe490: 0x4c2b5100
0x0fe494: 0x4c2b5100
0x0fe498: 0x4c2b5100
0x0fe49c: 0x4c2b5100
0x0fe4a0: 0x4c2b5100
0x0fe4a4: 0x4c2b5100
0x0fe4a8: 0x4c2b5100
0x0fe4ac: 0x4c2b5100
0x0fe4b0: 0x4c2b5100
0x0fe4b4: 0x4c2b5100
0x0fe4b8: 0x4c2b5100
0x0fe4bc: 0x4c2b5100
0x0fe4c0: 0x4c2b5100
0x0fe4c4: 0x4c2b5100
0x0fe4c8: 0x4c2b5100
0x0fe4cc: 0x4c2b5100
0x0fe4d0: 0x4c2b5100
0x0fe4d4: 0x4c2b5100
0x0fe4d8: 0x4c2b5100
0x0fe4dc: 0x4c2b5100
0x0fe4e0: 0x4c2b5100
0x0fe4e4: 0x4c2b5100
0x0fe4e8: 0x4c2b5100
0x0fe4ec: 0x4c2b5100
0x0fe4f0: 0x4c2b5100
0x0fe4f4: 0x4c2b5100
0x0fe4f8: 0x4c2b5100
0x0fe4fc: 0x4c2b5100
0x0fe500: 0x4c2b5100
0x0fe504: 0x4c2b5100
0x0fe508: 0x4c2b5100
0x0fe50c: 0x4c2b5100
0x0fe510: 0x4c2b5100
0x0fe514: 0x4c2b5100
0x0fe518: 0x4c2b5100
0x0fe51c: 0x4c2b5100
0x0fe520: 0x4c2b5100
0x0fe524: 0x4c2b5100
0x0fe528: 0x4c2b5100
0x0fe52c: 0x4c2b5100
0x0fe530: 0x4c2b5100
0x0fe534: 0x4c2b5100
0x0fe538: 0x4c2b5100
0x0fe53c: 0x4c2b5100
0x0fe540: 0x4c2b5100
0x0fe544: 0x4c2b5100
0x0fe548: 0x4c2b5100
0x0fe54c: 0x4c2b5100
0x0fe550: 0x4c2b5100
0x0fe554: 0x4c2b5100
0x0fe558: 0x4c2b5100
0x0fe55c: 0x4c2b5100
0x0fe560: 0x4c2b5100
0x0fe564: 0x4c2b5100
0x0fe568: 0x4c2b5100
0x0fe56c: 0x4c2b5100
0x0fe570: 0x4c2b5100
0x0fe574: 0x4c2b5100
0x0fe578: 0x4c2b5100
0x0fe57c: 0x4c2b5100
0x0fe580: 0x4c2b5100
0x0fe584: 0x4c2b5100
0x0fe588: 0x4c2b5100
0x0fe58c: 0x4c2b5100
0x0fe590: 0x4c2b5100
0x0fe594: 0x4c2b5100
0x0fe598: 0x4c2b5100
0x0fe59c: 0x4c2b5100
0x0fe5a0: 0x4c2b5100
0x0fe5a4: 0x4c2b5100
0x0fe5a8: 0x4c2b5100
0x0fe5ac: 0x4c2b5100
0x0fe5b0: 0x4c2b5100
0x0fe5b4: 0x4c2b5100
0x0fe5b8: 0x4c2b5100
0x0fe5bc: 0x4c2b5100
0x0fe5c0: 0x4c2b5100
0x0fe5c4: 0x4c2b5100
0x0fe5c8: 0x4c2b5100
0x0fe5cc: 0x4c2b5100
0x0fe5d0: 0x4c2b5100
0x0fe5d4: 0x4c2b5100
0x0fe5d8: 0x4c2b5100
0x0fe5dc: 0x4c2b5100
0x0fe5e0: 0x4c2b5100
0x0fe5e4: 0x4c2b5100
0x0fe5e8: 0x4c2b5100
0x0fe5ec: 0x4c2b5100
0x0fe5f0: 0x4c2b5100
0x0fe5f4: 0x4c2b5100
0x0fe5f8: 0x4c2b5100
0x0fe5fc: 0x4c2b5100
0x0fe600: 0x4c2b5100
0x0fe604: 0x4c2b5100
0x0fe608: 0x4c2b5100
0x0fe60c: 0x4c2b5100
0x0fe610: 0x4c2b5100
0x0fe614: 0x4c2b5100
0x0fe618: 0x4c2b5100
0x0fe61c: 0x4c2b5100
0x0fe620: 0x4c2b5100
0x0fe624: 0x4c2b5100
0x0fe628: 0x4c2b5100
0x0fe62c: 0x4c2b5100
0x0fe630: 0x4c2b5100
0x0fe634: 0x4c2b5100
0x0fe638: 0x4c2b5100
0x0fe63c: 0x4c2b5100
0x0fe640: 0x4c2b5100
0x0fe644: 0x4c2b5100
0x0fe648: 0x4c2b5100
0x0fe64c: 0x4c2b5100
0x0fe650: 0x4c2b5100
0x0fe654: 0x4c2b5100
0x0fe658: 0x4c2b5100
0x0fe65c: 0x4c2b5100
0x0fe660: 0x4c2b5100
0x0fe664: 0x4c2b5100
0x0fe668: 0x4c2b5100
0x0fe66c: 0x4c2b5100
0x0fe670: 0x4c2b5100
0x0fe674: 0x4c2b5100
0x0fe678: 0x4c2b5100
0x0fe67c: 0x4c2b5100
0x0fe680: 0x4c2b5100
0x0fe684: 0x4c2b5100
0x0fe688: 0x4c2b5100
0x0fe68c: 0x4c2b5100
0x0fe690: 0x4c2b5100
0x0fe694: 0x4c2b5100
0x0fe698: 0x4c2b5100
0x0fe69c: 0x4c2b5100
0x0fe6a0: 0x4c2b5100
0x0fe6a4: 0x4c2b5100
0x0fe6a8: 0x4c2b5100
0x0fe6ac: 0x4c2b5100
0x0fe6b0: 0x4c2b5100
0x0fe6b4: 0x4c2b5100
0x0fe6b8: 0x4c2b5100
0x0fe6bc: 0x4c2b5100
0x0fe6c0: 0x4c2b5100
0x0fe6c4: 0x4c2b5100
0x0fe6c8: 0x4c2b5100
0x0fe6cc: 0x4c2b5100
0x0fe6d0: 0x4c2b5100
0x0fe6d4: 0x4c2b5100
0x0fe6d8: 0x4c2b5100
0x0fe6dc: 0x4c2b5100
0x0fe6e0: 0x4c2b5100
0x0fe6e4: 0x4c2b5100
0x0fe6e8: 0x4c2b5100
0x0fe6ec: 0x4c2b5100
0x0fe6f0: 0x4c2b5100
0x0fe6f4: 0x4c2b5100
0x0fe6f8: 0x4c2b5100
0x0fe6fc: 0x4c2b5100
0x0fe700: 0x4c2b5100
0x0fe704: 0x4c2b5100
0x0fe708: 0x4c2b5100
0x0fe70c: 0x4c2b5100
0x0fe710: 0x4c2b5100
0x0fe714: 0x4c2b5100
0x0fe718: 0x4c2b5100
0x0fe71c: 0x4c2b5100
0x0fe720: 0x4c2b5100
0x0fe724: 0x4c2b5100
0x0fe728: 0x4c2b5100
0x0fe72c: 0x4c2b5100
0x0fe730: 0x4c2b5100
0x0fe734: 0x4c2b5100
0x0fe738: 0x4c2b5100
0x0fe73c: 0x4c2b5100
0x0fe740: 0x4c2b5100
0x0fe744: 0x4c2b5100
0x0fe748: 0x4c2b5100
0x0fe74c: 0x4c2b5100
0x0fe750: 0x4c2b5100
0x0fe754: 0x4c2b5100
0x0fe758: 0x4c2b5100
0x0fe75c: 0x4c2b5100
0x0fe760: 0x4c2b5100
0x0fe764: 0x4c2b5100
0x0fe768: 0x4c2b5100
0x0fe76c: 0x4c2b5100
0x0fe770: 0x4c2b5100
0x0fe774: 0x4c2b5100
0x0fe778: 0x4c2b5100
0x0fe77c: 0x4c2b5100
0x0fe780: 0x4c2b5100
0x0fe784: 0x4c2b5100
0x0fe788: 0x4c2b5100
0x0fe78c: 0x4c2b5100
0x0fe790: 0x4c2b5100
0x0fe794: 0x4c2b5100
0x0fe798: 0x4c2b5100
0x0fe79c: 0x4c2b5100
0x0fe7a0: 0x4c2b5100
0x0fe7a4: 0x4c2b5100
0x0fe7a8: 0x4c2b5100
0x0fe7ac: 0x4c2b5100
0x0fe7b0: 0x4c2b5100
0x0fe7b4: 0x4c2b5100
0x0fe7b8: 0x4c2b5100
0x0fe7bc: 0x4c2b5100
0x0fe7c0: 0x4c2b5100
0x0fe7c4: 0x4c2b5100
0x0fe7c8: 0x4c2b5100
0x0fe7cc: 0x4c2b5100
0x0fe7d0: 0x4c2b5100
0x0fe7d4: 0x4c2b5100
0x0fe7d8: 0x4c2b5100
0x0fe7dc: 0x4c2b5100
0x0fe7e0: 0x4c2b5100
0x0fe7e4: 0x4c2b5100
0x0fe7e8: 0x4c2b5100
0x0fe7ec: 0x4c2b5100
0x0fe7f0: 0x4c2b5100
0x0fe7f4: 0x4c2b5100
0x0fe7f8: 0x4c2b5100
0x0fe7fc: 0x4c2b5100
0x0fe800: 0x4c2b5100
0x0fe804: 0x4c2b5100
0x0fe808: 0x4c2b5100
0x0fe80c: 0x4c2b5100
0x0fe810: 0x4c2b5100
0x0fe814: 0x4c2b5100
0x0fe818: 0x4c2b5100
0x0fe81c: 0x4c2b5100
0x0fe820: 0x4c2b5100
0x0fe824: 0x4c2b5100
0x0fe828: 0x4c2b5100
0x0fe82c: 0x4c2b5100
0x0fe830: 0x4c2b5100
0x0fe834: 0x4c2b5100
0x0fe838: 0x4c2b5100
0x0fe83c: 0x4c2b5100
0x0fe840: 0x4c2b5100
0x0fe844: 0x4c2b5100
0x0fe848: 0x4c2b5100
0x0fe84c: 0x4c2b5100
0x0fe850: 0x4c2b5100
0x0fe854: 0x4c2b5100
0x0fe858: 0x4c2b5100
0x0fe85c: 0x4c2b5100
0x0fe860: 0x4c2b5100
0x0fe864: 0x4c2b5100
0x0fe868: 0x4c2b5100
0x0fe86c: 0x4c2b5100
0x0fe870: 0x4c2b5100
0x0fe874: 0x4c2b5100
0x0fe878: 0x4c2b5100
0x0fe87c: 0x4c2b5100
0x0fe880: 0x4c2b5100
0x0fe884: 0x4c2b5100
0x0fe888: 0x4c2b5100
0x0fe88c: 0x4c2b5100
0x0fe890: 0x4c2b5100
0x0fe894: 0x4c2b5100
0x0fe898: 0x4c2b5100
0x0fe89c: 0x4c2b5100
0x0fe8a0: 0x4c2b5100
0x0fe8a4: 0x4c2b5100
0x0fe8a8: 0x4c2b5100
0x0fe8ac: 0x4c2b5100
0x0fe8b0: 0x4c2b5100
0x0fe8b4: 0x4c2b5100
0x0fe8b8: 0x4c2b5100
0x0fe8bc: 0x4c2b5100
0x0fe8c0: 0x4c2b5100
0x0fe8c4: 0x4c2b5100
0x0fe8c8: 0x4c2b5100
0x0fe8cc: 0x4c2b5100
0x0fe8d0: 0x4c2b5100
0x0fe8d4: 0x4c2b5100
0x0fe8d8: 0x4c2b5100
0x0fe8dc: 0x4c2b5100
0x0fe8e0: 0x4c2b5100
0x0fe8e4: 0x4c2b5100
0x0fe8e8: 0x4c2b5100
0x0fe8ec: 0x4c2b5100
0x0fe8f0: 0x4c2b5100
0x0fe8f4: 0x4c2b5100
0x0fe8f8: 0x4c2b5100
0x0fe8fc: 0x4c2b5100
0x0fe900: 0x4c2b5100
0x0fe904: 0x4c2b5100
0x0fe908: 0x4c2b5100
0x0fe90c: 0x4c2b5100
0x0fe910: 0x4c2b5100
0x0fe914: 0x4c2b5100
0x0fe918: 0x4c2b5100
0x0fe91c: 0x4c2b5100
0x0fe920: 0x4c2b5100
0x0fe924: 0x4c2b5100
0x0fe928: 0x4c2b5100
0x0fe92c: 0x4c2b5100
0x0fe930: 0x4c2b5100
0x0fe934: 0x4c2b5100
0x0fe938: 0x4c2b5100
0x0fe93c: 0x4c2b5100
0x0fe940: 0x4c2b5100
0x0fe944: 0x4c2b5100
0x0fe948: 0x4c2b5100
0x0fe94c: 0x4c2b5100
0x0fe950: 0x4c2b5100
0x0fe954: 0x4c2b5100
0x0fe958: 0x4c2b5100
0x0fe95c: 0x4c2b5100
0x0fe960: 0x4c2b5100
0x0fe964: 0x4c2b5100
0x0fe968: 0x4c2b5100
0x0fe96c: 0x4c2b5100
0x0fe970: 0x4c2b5100
0x0fe974: 0x4c2b5100
0x0fe978: 0x4c2b5100
0x0fe97c: 0x4c2b5100
0x0fe980: 0x4c2b5100
0x0fe984: 0x4c2b5100
0x0fe988: 0x4c2b5100
0x0fe98c: 0x4c2b5100
0x0fe990: 0x4c2b5100
0x0fe994: 0x4c2b5100
0x0fe998: 0x4c2b5100
0x0fe99c: 0x4c2b5100
0x0fe9a0: 0x4c2b5100
0x0fe9a4: 0x4c2b5100
0x0fe9a8: 0x4c2b5100
0x0fe9ac: 0x4c2b5100
0x0fe9b0: 0x4c2b5100
0x0fe9b4: 0x4c2b5100
0x0fe9b8: 0x4c2b5100
0x0fe9bc: 0x4c2b5100
0x0fe9c0: 0x4c2b5100
0x0fe9c4: 0x4c2b5100
0x0fe9c8: 0x4c2b5100
0x0fe9cc: 0x4c2b5100
0x0fe9d0: 0x4c2b5100
0x0fe9d4: 0x4c2b5100
0x0fe9d8: 0x4c2b5100
0x0fe9dc: 0x4c2b5100
0x0fe9e0: 0x4c2b5100
0x0fe9e4: 0x4c2b5100
0x0fe9e8: 0x4c2b5100
0x0fe9ec: 0x4c2b5100
0x0fe9f0: 0x4c2b5100
0x0fe9f4: 0x4c2b5100
0x0fe9f8: 0x4c2b5100
0x0fe9fc: 0x4c2b5100
0x0fea00: 0x4c2b5100
0x0fea04: 0x4c2b5100
0x0fea08: 0x4c2b5100
0x0fea0c: 0x4c2b5100
0x0fea10: 0x4c2b5100
0x0fea14: 0x4c2b5100
0x0fea18: 0x4c2b5100
0x0fea1c: 0x4c2b5100
0x0fea20: 0x4c2b5100
0x0fea24: 0x4c2b5100
0x0fea28: 0x4c2b5100
0x0fea2c: 0x4c2b5100
0x0fea30: 0x4c2b5100
0x0fea34: 0x4c2b5100
0x0fea38: 0x4c2b5100
0x0fea3c: 0x4c2b5100
0x0fea40: 0x4c2b5100
0x0fea44: 0x4c2b5100
0x0fea48: 0x4c2b5100
0x0fea4c: 0x4c2b5100
0x0fea50: 0x4c2b5100
0x0fea54: 0x4c2b5100
0x0fea58: 0x4c2b5100
0x0fea5c: 0x4c2b5100
0x0fea60: 0x4c2b5100
0x0fea64: 0x4c2b5100
0x0fea68: 0x4c2b5100
0x0fea6c: 0x4c2b5100
0x0fea70: 0x4c2b5100
0x0fea74: 0x4c2b5100
0x0fea78: 0x4c2b5100
0x0fea7c: 0x4c2b5100
0x0fea80: 0x4c2b5100
0x0fea84: 0x4c2b5100
0x0fea88: 0x4c2b5100
0x0fea8c: 0x4c2b5100
0x0fea90: 0x4c2b5100
0x0fea94: 0x4c2b5100
0x0fea98: 0x4c2b5100
0x0fea9c: 0x4c2b5100
0x0feaa0: 0x4c2b5100
0x0feaa4: 0x4c2b5100
0x0feaa8: 0x4c2b5100
0x0feaac: 0x4c2b5100
0x0feab0: 0x4c2b5100
0x0feab4: 0x4c2b5100
0x0feab8: 0x4c2b5100
0x0feabc: 0x4c2b5100
0x0feac0: 0x4c2b5100
0x0feac4: 0x4c2b5100
0x0feac8: 0x4c2b5100
0x0feacc: 0x4c2b5100
0x0fead0: 0x4c2b5100
0x0fead4: 0x4c2b5100
0x0fead8: 0x4c2b5100
0x0feadc: 0x4c2b5100
0x0feae0: 0x4c2b5100
0x0feae4: 0x4c2b5100
0x0feae8: 0x4c2b5100
0x0feaec: 0x4c2b5100
0x0feaf0: 0x4c2b5100
0x0feaf4: 0x4c2b5100
0x0feaf8: 0x4c2b5100
0x0feafc: 0x4c2b5100
0x0feb00: 0x4c2b5100
0x0feb04: 0x4c2b5100
0x0feb08: 0x4c2b5100
0x0feb0c: 0x4c2b5100
0x0feb10: 0x4c2b5100
0x0feb14: 0x4c2b5100
0x0feb18: 0x4c2b5100
0x0feb1c: 0x4c2b5100
0x0feb20: 0x4c2b5100
0x0feb24: 0x4c2b5100
0x0feb28: 0x4c2b5100
0x0feb2c: 0x4c2b5100
0x0feb30: 0x4c2b5100
0x0feb34: 0x4c2b5100
0x0feb38: 0x4c2b5100
0x0feb3c: 0x4c2b5100
0x0feb40: 0x4c2b5100
0x0feb44: 0x4c2b5100
0x0feb48: 0x4c2b5100
0x0feb4c: 0x4c2b5100
0x0feb50: 0x4c2b5100
0x0feb54: 0x4c2b5100
0x0feb58: 0x4c2b5100
0x0feb5c: 0x4c2b5100
0x0feb60: 0x4c2b5100
0x0feb64: 0x4c2b5100
0x0feb68: 0x4c2b5100
0x0feb6c: 0x4c2b5100
0x0feb70: 0x4c2b5100
0x0feb74: 0x4c2b5100
0x0feb78: 0x4c2b5100
0x0feb7c: 0x4c2b5100
0x0feb80: 0x4c2b5100
0x0feb84: 0x4c2b5100
0x0feb88: 0x4c2b5100
0x0feb8c: 0x4c2b5100
0x0feb90: 0x4c2b5100
0x0feb94: 0x4c2b5100
0x0feb98: 0x4c2b5100
0x0feb9c: 0x4c2b5100
0x0feba0: 0x4c2b5100
0x0feba4: 0x4c2b5100
0x0feba8: 0x4c2b5100
0x0febac: 0x4c2b5100
0x0febb0: 0x4c2b5100
0x0febb4: 0x4c2b5100
0x0febb8: 0x4c2b5100
0x0febbc: 0x4c2b5100
0x0febc0: 0x4c2b5100
0x0febc4: 0x4c2b5100
0x0febc8: 0x4c2b5100
0x0febcc: 0x4c2b5100
0x0febd0: 0x4c2b5100
0x0febd4: 0x4c2b5100
0x0febd8: 0x4c2b5100
0x0febdc: 0x4c2b5100
0x0febe0: 0x4c2b5100
0x0febe4: 0x4c2b5100
0x0febe8: 0x4c2b5100
0x0febec: 0x4c2b5100
0x0febf0: 0x4c2b5100
0x0febf4: 0x4c2b5100
0x0febf8: 0x4c2b5100
0x0febfc: 0x4c2b5100
0x0fec00: 0x4c2b5100
0x0fec04: 0x4c2b5100
0x0fec08: 0x4c2b5100
0x0fec0c: 0x4c2b5100
0x0fec10: 0x4c2b5100
0x0fec14: 0x4c2b5100
0x0fec18: 0x4c2b5100
0x0fec1c: 0x4c2b5100
0x0fec20: 0x4c2b5100
0x0fec24: 0x4c2b5100
0x0fec28: 0x4c2b5100
0x0fec2c: 0x4c2b5100
0x0fec30: 0x4c2b5100
0x0fec34: 0x4c2b5100
0x0fec38: 0x4c2b5100
0x0fec3c: 0x4c2b5100
0x0fec40: 0x4c2b5100
0x0fec44: 0x4c2b5100
0x0fec48: 0x4c2b5100
0x0fec4c: 0x4c2b5100
0x0fec50: 0x4c2b5100
0x0fec54: 0x4c2b5100
0x0fec58: 0x4c2b5100
0x0fec5c: 0x4c2b5100
0x0fec60: 0x4c2b5100
0x0fec64: 0x4c2b5100
0x0fec68: 0x4c2b5100
0x0fec6c: 0x4c2b5100
0x0fec70: 0x4c2b5100
0x0fec74: 0x4c2b5100
0x0fec78: 0x4c2b5100
0x0fec7c: 0x4c2b5100
0x0fec80: 0x4c2b5100
0x0fec84: 0x4c2b5100
0x0fec88: 0x4c2b5100
0x0fec8c: 0x4c2b5100
0x0fec90: 0x4c2b5100
0x0fec94: 0x4c2b5100
0x0fec98: 0x4c2b5100
0x0fec9c: 0x4c2b5100
0x0feca0: 0x4c2b5100
0x0feca4: 0x4c2b5100
0x0feca8: 0x4c2b5100
0x0fecac: 0x4c2b5100
0x0fecb0: 0x4c2b5100
0x0fecb4: 0x4c2b5100
0x0fecb8: 0x4c2b5100
0x0fecbc: 0x4c2b5100
0x0fecc0: 0x4c2b5100
0x0fecc4: 0x4c2b5100
0x0fecc8: 0x4c2b5100
0x0feccc: 0x4c2b5100
0x0fecd0: 0x4c2b5100
0x0fecd4: 0x4c2b5100
0x0fecd8: 0x4c2b5100
0x0fecdc: 0x4c2b5100
0x0fece0: 0x4c2b5100
0x0fece4: 0x4c2b5100
0x0fece8: 0x4c2b5100
0x0fecec: 0x4c2b5100
0x0fecf0: 0x4c2b5100
0x0fecf4: 0x4c2b5100
0x0fecf8: 0x4c2b5100
0x0fecfc: 0x4c2b5100
0x0fed00: 0x4c2b5100
0x0fed04: 0x4c2b5100
0x0fed08: 0x4c2b5100
0x0fed0c: 0x4c2b5100
0x0fed10: 0x4c2b5100
0x0fed14: 0x4c2b5100
0x0fed18: 0x4c2b5100
0x0fed1c: 0x4c2b5100
0x0fed20: 0x4c2b5100
0x0fed24: 0x4c2b5100
0x0fed28: 0x4c2b5100
0x0fed2c: 0x4c2b5100
0x0fed30: 0x4c2b5100
0x0fed34: 0x4c2b5100
0x0fed38: 0x4c2b5100
0x0fed3c: 0x4c2b5100
0x0fed40: 0x4c2b5100
0x0fed44: 0x4c2b5100
0x0fed48: 0x4c2b5100
0x0fed4c: 0x4c2b5100
0x0fed50: 0x4c2b5100
0x0fed54: 0x4c2b5100
0x0fed58: 0x4c2b5100
0x0fed5c: 0x4c2b5100
0x0fed60: 0x4c2b5100
0x0fed64: 0x4c2b5100
0x0fed68: 0x4c2b5100
0x0fed6c: 0x4c2b5100
0x0fed70: 0x4c2b5100
0x0fed74: 0x4c2b5100
0x0fed78: 0x4c2b5100
0x0fed7c: 0x4c2b5100
0x0fed80: 0x4c2b5100
0x0fed84: 0x4c2b5100
0x0fed88: 0x4c2b5100
0x0fed8c: 0x4c2b5100
0x0fed90: 0x4c2b5100
0x0fed94: 0x4c2b5100
0x0fed98: 0x4c2b5100
0x0fed9c: 0x4c2b5100
0x0feda0: 0x4c2b5100
0x0feda4: 0x4c2b5100
0x0feda8: 0x4c2b5100
0x0fedac: 0x4c2b5100
0x0fedb0: 0x4c2b5100
0x0fedb4: 0x4c2b5100
0x0fedb8: 0x4c2b5100
0x0fedbc: 0x4c2b5100
0x0fedc0: 0x4c2b5100
0x0fedc4: 0x4c2b5100
0x0fedc8: 0x4c2b5100
0x0fedcc: 0x4c2b5100
0x0fedd0: 0x4c2b5100
0x0fedd4: 0x4c2b5100
0x0fedd8: 0x4c2b5100
0x0feddc: 0x4c2b5100
0x0fede0: 0x4c2b5100
0x0fede4: 0x4c2b5100
0x0fede8: 0x4c2b5100
0x0fedec: 0x4c2b5100
0x0fedf0: 0x4c2b5100
0x0fedf4: 0x4c2b5100
0x0fedf8: 0x4c2b5100
0x0fedfc: 0x4c2b5100
0x0fee00: 0x4c2b5100
0x0fee04: 0x4c2b5100
0x0fee08: 0x4c2b5100
0x0fee0c: 0x4c2b5100
0x0fee10: 0x4c2b5100
0x0fee14: 0x4c2b5100
0x0fee18: 0x4c2b5100
0x0fee1c: 0x4c2b5100
0x0fee20: 0x4c2b5100
0x0fee24: 0x4c2b5100
0x0fee28: 0x4c2b5100
0x0fee2c: 0x4c2b5100
0x0fee30: 0x4c2b5100
0x0fee34: 0x4c2b5100
0x0fee38: 0x4c2b5100
0x0fee3c: 0x4c2b5100
0x0fee40: 0x4c2b5100
0x0fee44: 0x4c2b5100
0x0fee48: 0x4c2b5100
0x0fee4c: 0x4c2b5100
0x0fee50: 0x4c2b5100
0x0fee54: 0x4c2b5100
0x0fee58: 0x4c2b5100
0x0fee5c: 0x4c2b5100
0x0fee60: 0x4c2b5100
0x0fee64: 0x4c2b5100
0x0fee68: 0x4c2b5100
0x0fee6c: 0x4c2b5100
0x0fee70: 0x4c2b5100
0x0fee74: 0x4c2b5100
0x0fee78: 0x4c2b5100
0x0fee7c: 0x4c2b5100
0x0fee80: 0x4c2b5100
0x0fee84: 0x4c2b5100
0x0fee88: 0x4c2b5100
0x0fee8c: 0x4c2b5100
0x0fee90: 0x4c2b5100
0x0fee94: 0x4c2b5100
0x0fee98: 0x4c2b5100
0x0fee9c: 0x4c2b5100
0x0feea0: 0x4c2b5100
0x0feea4: 0x4c2b5100
0x0feea8: 0x4c2b5100
0x0feeac: 0x4c2b5100
0x0feeb0: 0x4c2b5100
0x0feeb4: 0x4c2b5100
0x0feeb8: 0x4c2b5100
0x0feebc: 0x4c2b5100
0x0feec0: 0x4c2b5100
0x0feec4: 0x4c2b5100
0x0feec8: 0x4c2b5100
0x0feecc: 0x4c2b5100
0x0feed0: 0x4c2b5100
0x0feed4: 0x4c2b5100
0x0feed8: 0x4c2b5100
0x0feedc: 0x4c2b5100
0x0feee0: 0x4c2b5100
0x0feee4: 0x4c2b5100
0x0feee8: 0x4c2b5100
0x0feeec: 0x4c2b5100
0x0feef0: 0x4c2b5100
0x0feef4: 0x4c2b5100
0x0feef8: 0x4c2b5100
0x0feefc: 0x4c2b5100
0x0fef00: 0x4c2b5100
0x0fef04: 0x4c2b5100
0x0fef08: 0x4c2b5100
0x0fef0c: 0x4c2b5100
0x0fef10: 0x4c2b5100
0x0fef14: 0x4c2b5100
0x0fef18: 0x4c2b5100
0x0fef1c: 0x4c2b5100
0x0fef20: 0x4c2b5100
0x0fef24: 0x4c2b5100
0x0fef28: 0x4c2b5100
0x0fef2c: 0x4c2b5100
0x0fef30: 0x4c2b5100
0x0fef34: 0x4c2b5100
0x0fef38: 0x4c2b5100
0x0fef3c: 0x4c2b5100
0x0fef40: 0x4c2b5100
0x0fef44: 0x4c2b5100
0x0fef48: 0x4c2b5100
0x0fef4c: 0x4c2b5100
0x0fef50: 0x4c2b5100
0x0fef54: 0x4c2b5100
0x0fef58: 0x4c2b5100
0x0fef5c: 0x4c2b5100
0x0fef60: 0x4c2b5100
0x0fef64: 0x4c2b5100
0x0fef68: 0x4c2b5100
0x0fef6c: 0x4c2b5100
0x0fef70: 0x4c2b5100
0x0fef74: 0x4c2b5100
0x0fef78: 0x4c2b5100
0x0fef7c: 0x4c2b5100
0x0fef80: 0x4c2b5100
0x0fef84: 0x4c2b5100
0x0fef88: 0x4c2b5100
0x0fef8c: 0x4c2b5100
0x0fef90: 0x4c2b5100
0x0fef94: 0x4c2b5100
0x0fef98: 0x4c2b5100
0x0fef9c: 0x4c2b5100
0x0fefa0: 0x4c2b5100
0x0fefa4: 0x4c2b5100
0x0fefa8: 0x4c2b5100
0x0fefac: 0x4c2b5100
0x0fefb0: 0x4c2b5100
0x0fefb4: 0x4c2b5100
0x0fefb8: 0x4c2b5100
0x0fefbc: 0x4c2b5100
0x0fefc0: 0x4c2b5100
0x0fefc4: 0x4c2b5100
0x0fefc8: 0x4c2b5100
0x0fefcc: 0x4c2b5100
0x0fefd0: 0x4c2b5100
0x0fefd4: 0x4c2b5100
0x0fefd8: 0x4c2b5100
0x0fefdc: 0x4c2b5100
0x0fefe0: 0x4c2b5100
0x0fefe4: 0x4c2b5100
0x0fefe8: 0x4c2b5100
0x0fefec: 0x4c2b5100
0x0feff0: 0x4c2b5100
0x0feff4: 0x4c2b5100
0x0feff8: 0x4c2b5100
0x0feffc: 0x4c2b5100
0x0ff000: 0x4c2b5100
0x0ff004: 0x4c2b5100
0x0ff008: 0x4c2b5100
0x0ff00c: 0x4c2b5100
0x0ff010: 0x4c2b5100
0x0ff014: 0x4c2b5100
0x0ff018: 0x4c2b5100
0x0ff01c: 0x4c2b5100
0x0ff020: 0x4c2b5100
0x0ff024: 0x4c2b5100
0x0ff028: 0x4c2b5100
0x0ff02c: 0x4c2b5100
0x0ff030: 0x4c2b5100
0x0ff034: 0x4c2b5100
0x0ff038: 0x4c2b5100
0x0ff03c: 0x4c2b5100
0x0ff040: 0x4c2b5100
0x0ff044: 0x4c2b5100
0x0ff048: 0x4c2b5100
0x0ff04c: 0x4c2b5100
0x0ff050: 0x4c2b5100
0x0ff054: 0x4c2b5100
0x0ff058: 0x4c2b5100
0x0ff05c: 0x4c2b5100
0x0ff060: 0x4c2b5100
0x0ff064: 0x4c2b5100
0x0ff068: 0x4c2b5100
0x0ff06c: 0x4c2b5100
0x0ff070: 0x4c2b5100
0x0ff074: 0x4c2b5100
0x0ff078: 0x4c2b5100
0x0ff07c: 0x4c2b5100
0x0ff080: 0x4c2b5100
0x0ff084: 0x4c2b5100
0x0ff088: 0x4c2b5100
0x0ff08c: 0x4c2b5100
0x0ff090: 0x4c2b5100
0x0ff094: 0x4c2b5100
0x0ff098: 0x4c2b5100
0x0ff09c: 0x4c2b5100
0x0ff0a0: 0x4c2b5100
0x0ff0a4: 0x4c2b5100
0x0ff0a8: 0x4c2b5100
0x0ff0ac: 0x4c2b5100
0x0ff0b0: 0x4c2b5100
0x0ff0b4: 0x4c2b5100
0x0ff0b8: 0x4c2b5100
0x0ff0bc: 0x4c2b5100
0x0ff0c0: 0x4c2b5100
0x0ff0c4: 0x4c2b5100
0x0ff0c8: 0x4c2b5100
0x0ff0cc: 0x4c2b5100
0x0ff0d0: 0x4c2b5100
0x0ff0d4: 0x4c2b5100
0x0ff0d8: 0x4c2b5100
0x0ff0dc: 0x4c2b5100
0x0ff0e0: 0x4c2b5100
0x0ff0e4: 0x4c2b5100
0x0ff0e8: 0x4c2b5100
0x0ff0ec: 0x4c2b5100
0x0ff0f0: 0x4c2b5100
0x0ff0f4: 0x4c2b5100
0x0ff0f8: 0x4c2b5100
0x0ff0fc: 0x4c2b5100
0x0ff100: 0x4c2b5100
0x0ff104: 0x4c2b5100
0x0ff108: 0x4c2b5100
0x0ff10c: 0x4c2b5100
0x0ff110: 0x4c2b5100
0x0ff114: 0x4c2b5100
0x0ff118: 0x4c2b5100
0x0ff11c: 0x4c2b5100
0x0ff120: 0x4c2b5100
0x0ff124: 0x4c2b5100
0x0ff128: 0x4c2b5100
0x0ff12c: 0x4c2b5100
0x0ff130: 0x4c2b5100
0x0ff134: 0x4c2b5100
0x0ff138: 0x4c2b5100
0x0ff13c: 0x4c2b5100
0x0ff140: 0x4c2b5100
0x0ff144: 0x4c2b5100
0x0ff148: 0x4c2b5100
0x0ff14c: 0x4c2b5100
0x0ff150: 0x4c2b5100
0x0ff154: 0x4c2b5100
0x0ff158: 0x4c2b5100
0x0ff15c: 0x4c2b5100
0x0ff160: 0x4c2b5100
0x0ff164: 0x4c2b5100
0x0ff168: 0x4c2b5100
0x0ff16c: 0x4c2b5100
0x0ff170: 0x4c2b5100
0x0ff174: 0x4c2b5100
0x0ff178: 0x4c2b5100
0x0ff17c: 0x4c2b5100
0x0ff180: 0x4c2b5100
0x0ff184: 0x4c2b5100
0x0ff188: 0x4c2b5100
0x0ff18c: 0x4c2b5100
0x0ff190: 0x4c2b5100
0x0ff194: 0x4c2b5100
0x0ff198: 0x4c2b5100
0x0ff19c: 0x4c2b5100
0x0ff1a0: 0x4c2b5100
0x0ff1a4: 0x4c2b5100
0x0ff1a8: 0x4c2b5100
0x0ff1ac: 0x4c2b5100
0x0ff1b0: 0x4c2b5100
0x0ff1b4: 0x4c2b5100
0x0ff1b8: 0x4c2b5100
0x0ff1bc: 0x4c2b5100
0x0ff1c0: 0x4c2b5100
0x0ff1c4: 0x4c2b5100
0x0ff1c8: 0x4c2b5100
0x0ff1cc: 0x4c2b5100
0x0ff1d0: 0x4c2b5100
0x0ff1d4: 0x4c2b5100
0x0ff1d8: 0x4c2b5100
0x0ff1dc: 0x4c2b5100
0x0ff1e0: 0x4c2b5100
0x0ff1e4: 0x4c2b5100
0x0ff1e8: 0x4c2b5100
0x0ff1ec: 0x4c2b5100
0x0ff1f0: 0x4c2b5100
0x0ff1f4: 0x4c2b5100
0x0ff1f8: 0x4c2b5100
0x0ff1fc: 0x4c2b5100
0x0ff200: 0x4c2b5100
0x0ff204: 0x4c2b5100
0x0ff208: 0x4c2b5100
0x0ff20c: 0x4c2b5100
0x0ff210: 0x4c2b5100
0x0ff214: 0x4c2b5100
0x0ff218: 0x4c2b5100
0x0ff21c: 0x4c2b5100
0x0ff220: 0x4c2b5100
0x0ff224: 0x4c2b5100
0x0ff228: 0x4c2b5100
0x0ff22c: 0x4c2b5100
0x0ff230: 0x4c2b5100
0x0ff234: 0x4c2b5100
0x0ff238: 0x4c2b5100
0x0ff23c: 0x4c2b5100
0x0ff240: 0x4c2b5100
0x0ff244: 0x4c2b5100
0x0ff248: 0x4c2b5100
0x0ff24c: 0x4c2b5100
0x0ff250: 0x4c2b5100
0x0ff254: 0x4c2b5100
0x0ff258: 0x4c2b5100
0x0ff25c: 0x4c2b5100
0x0ff260: 0x4c2b5100
0x0ff264: 0x4c2b5100
0x0ff268: 0x4c2b5100
0x0ff26c: 0x4c2b5100
0x0ff270: 0x4c2b5100
0x0ff274: 0x4c2b5100
0x0ff278: 0x4c2b5100
0x0ff27c: 0x4c2b5100
0x0ff280: 0x4c2b5100
0x0ff284: 0x4c2b5100
0x0ff288: 0x4c2b5100
0x0ff28c: 0x4c2b5100
0x0ff290: 0x4c2b5100
0x0ff294: 0x4c2b5100
0x0ff298: 0x4c2b5100
0x0ff29c: 0x4c2b5100
0x0ff2a0: 0x4c2b5100
0x0ff2a4: 0x4c2b5100
0x0ff2a8: 0x4c2b5100
0x0ff2ac: 0x4c2b5100
0x0ff2b0: 0x4c2b5100
0x0ff2b4: 0x4c2b5100
0x0ff2b8: 0x4c2b5100
0x0ff2bc: 0x4c2b5100
0x0ff2c0: 0x4c2b5100
0x0ff2c4: 0x4c2b5100
0x0ff2c8: 0x4c2b5100
0x0ff2cc: 0x4c2b5100
0x0ff2d0: 0x4c2b5100
0x0ff2d4: 0x4c2b5100
0x0ff2d8: 0x4c2b5100
0x0ff2dc: 0x4c2b5100
0x0ff2e0: 0x4c2b5100
0x0ff2e4: 0x4c2b5100
0x0ff2e8: 0x4c2b5100
0x0ff2ec: 0x4c2b5100
0x0ff2f0: 0x4c2b5100
0x0ff2f4: 0x4c2b5100
0x0ff2f8: 0x4c2b5100
0x0ff2fc: 0x4c2b5100
0x0ff300: 0x4c2b5100
0x0ff304: 0x4c2b5100
0x0ff308: 0x4c2b5100
0x0ff30c: 0x4c2b5100
0x0ff310: 0x4c2b5100
0x0ff314: 0x4c2b5100
0x0ff318: 0x4c2b5100
0x0ff31c: 0x4c2b5100
0x0ff320: 0x4c2b5100
0x0ff324: 0x4c2b5100
0x0ff328: 0x4c2b5100
0x0ff32c: 0x4c2b5100
0x0ff330: 0x4c2b5100
0x0ff334: 0x4c2b5100
0x0ff338: 0x4c2b5100
0x0ff33c: 0x4c2b5100
0x0ff340: 0x4c2b5100
0x0ff344: 0x4c2b5100
0x0ff348: 0x4c2b5100
0x0ff34c: 0x4c2b5100
0x0ff350: 0x4c2b5100
0x0ff354: 0x4c2b5100
0x0ff358: 0x4c2b5100
0x0ff35c: 0x4c2b5100
0x0ff360: 0x4c2b5100
0x0ff364: 0x4c2b5100
0x0ff368: 0x4c2b5100
0x0ff36c: 0x4c2b5100
0x0ff370: 0x4c2b5100
0x0ff374: 0x4c2b5100
0x0ff378: 0x4c2b5100
0x0ff37c: 0x4c2b5100
0x0ff380: 0x4c2b5100
0x0ff384: 0x4c2b5100
0x0ff388: 0x4c2b5100
0x0ff38c: 0x4c2b5100
0x0ff390: 0x4c2b5100
0x0ff394: 0x4c2b5100
0x0ff398: 0x4c2b5100
0x0ff39c: 0x4c2b5100
0x0ff3a0: 0x4c2b5100
0x0ff3a4: 0x4c2b5100
0x0ff3a8: 0x4c2b5100
0x0ff3ac: 0x4c2b5100
0x0ff3b0: 0x4c2b5100
0x0ff3b4: 0x4c2b5100
0x0ff3b8: 0x4c2b5100
0x0ff3bc: 0x4c2b5100
0x0ff3c0: 0x4c2b5100
0x0ff3c4: 0x4c2b5100
0x0ff3c8: 0x4c2b5100
0x0ff3cc: 0x4c2b5100
0x0ff3d0: 0x4c2b5100
0x0ff3d4: 0x4c2b5100
0x0ff3d8: 0x4c2b5100
0x0ff3dc: 0x4c2b5100
0x0ff3e0: 0x4c2b5100
0x0ff3e4: 0x4c2b5100
0x0ff3e8: 0x4c2b5100
0x0ff3ec: 0x4c2b5100
0x0ff3f0: 0x4c2b5100
0x0ff3f4: 0x4c2b5100
0x0ff3f8: 0x4c2b5100
0x0ff3fc: 0x4c2b5100
0x0ff400: 0x4c2b5100
0x0ff404: 0x4c2b5100
0x0ff408: 0x4c2b5100
0x0ff40c: 0x4c2b5100
0x0ff410: 0x4c2b5100
0x0ff414: 0x4c2b5100
0x0ff418: 0x4c2b5100
0x0ff41c: 0x4c2b5100
0x0ff420: 0x4c2b5100
0x0ff424: 0x4c2b5100
0x0ff428: 0x4c2b5100
0x0ff42c: 0x4c2b5100
0x0ff430: 0x4c2b5100
0x0ff434: 0x4c2b5100
0x0ff438: 0x4c2b5100
0x0ff43c: 0x4c2b5100
0x0ff440: 0x4c2b5100
0x0ff444: 0x4c2b5100
0x0ff448: 0x4c2b5100
0x0ff44c: 0x4c2b5100
0x0ff450: 0x4c2b5100
0x0ff454: 0x4c2b5100
0x0ff458: 0x4c2b5100
0x0ff45c: 0x4c2b5100
0x0ff460: 0x4c2b5100
0x0ff464: 0x4c2b5100
0x0ff468: 0x4c2b5100
0x0ff46c: 0x4c2b5100
0x0ff470: 0x4c2b5100
0x0ff474: 0x4c2b5100
0x0ff478: 0x4c2b5100
0x0ff47c: 0x4c2b5100
0x0ff480: 0x4c2b5100
0x0ff484: 0x4c2b5100
0x0ff488: 0x4c2b5100
0x0ff48c: 0x4c2b5100
0x0ff490: 0x4c2b5100
0x0ff494: 0x4c2b5100
0x0ff498: 0x4c2b5100
0x0ff49c: 0x4c2b5100
0x0ff4a0: 0x4c2b5100
0x0ff4a4: 0x4c2b5100
0x0ff4a8: 0x4c2b5100
0x0ff4ac: 0x4c2b5100
0x0ff4b0: 0x4c2b5100
0x0ff4b4: 0x4c2b5100
0x0ff4b8: 0x4c2b5100
0x0ff4bc: 0x4c2b5100
0x0ff4c0: 0x4c2b5100
0x0ff4c4: 0x4c2b5100
0x0ff4c8: 0x4c2b5100
0x0ff4cc: 0x4c2b5100
0x0ff4d0: 0x4c2b5100
0x0ff4d4: 0x4c2b5100
0x0ff4d8: 0x4c2b5100
0x0ff4dc: 0x4c2b5100
0x0ff4e0: 0x4c2b5100
0x0ff4e4: 0x4c2b5100
0x0ff4e8: 0x4c2b5100
0x0ff4ec: 0x4c2b5100
0x0ff4f0: 0x4c2b5100
0x0ff4f4: 0x4c2b5100
0x0ff4f8: 0x4c2b5100
0x0ff4fc: 0x4c2b5100
0x0ff500: 0x4c2b5100
0x0ff504: 0x4c2b5100
0x0ff508: 0x4c2b5100
0x0ff50c: 0x4c2b5100
0x0ff510: 0x4c2b5100
0x0ff514: 0x4c2b5100
0x0ff518: 0x4c2b5100
0x0ff51c: 0x4c2b5100
0x0ff520: 0x4c2b5100
0x0ff524: 0x4c2b5100
0x0ff528: 0x4c2b5100
0x0ff52c: 0x4c2b5100
0x0ff530: 0x4c2b5100
0x0ff534: 0x4c2b5100
0x0ff538: 0x4c2b5100
0x0ff53c: 0x4c2b5100
0x0ff540: 0x4c2b5100
0x0ff544: 0x4c2b5100
0x0ff548: 0x4c2b5100
0x0ff54c: 0x4c2b5100
0x0ff550: 0x4c2b5100
0x0ff554: 0x4c2b5100
0x0ff558: 0x4c2b5100
0x0ff55c: 0x4c2b5100
0x0ff560: 0x4c2b5100
0x0ff564: 0x4c2b5100
0x0ff568: 0x4c2b5100
0x0ff56c: 0x4c2b5100
0x0ff570: 0x4c2b5100
0x0ff574: 0x4c2b5100
0x0ff578: 0x4c2b5100
0x0ff57c: 0x4c2b5100
0x0ff580: 0x4c2b5100
0x0ff584: 0x4c2b5100
0x0ff588: 0x4c2b5100
0x0ff58c: 0x4c2b5100
0x0ff590: 0x4c2b5100
0x0ff594: 0x4c2b5100
0x0ff598: 0x4c2b5100
0x0ff59c: 0x4c2b5100
0x0ff5a0: 0x4c2b5100
0x0ff5a4: 0x4c2b5100
0x0ff5a8: 0x4c2b5100
0x0ff5ac: 0x4c2b5100
0x0ff5b0: 0x4c2b5100
0x0ff5b4: 0x4c2b5100
0x0ff5b8: 0x4c2b5100
0x0ff5bc: 0x4c2b5100
0x0ff5c0: 0x4c2b5100
0x0ff5c4: 0x4c2b5100
0x0ff5c8: 0x4c2b5100
0x0ff5cc: 0x4c2b5100
0x0ff5d0: 0x4c2b5100
0x0ff5d4: 0x4c2b5100
0x0ff5d8: 0x4c2b5100
0x0ff5dc: 0x4c2b5100
0x0ff5e0: 0x4c2b5100
0x0ff5e4: 0x4c2b5100
0x0ff5e8: 0x4c2b5100
0x0ff5ec: 0x4c2b5100
0x0ff5f0: 0x4c2b5100
0x0ff5f4: 0x4c2b5100
0x0ff5f8: 0x4c2b5100
0x0ff5fc: 0x4c2b5100
0x0ff600: 0x4c2b5100
0x0ff604: 0x4c2b5100
0x0ff608: 0x4c2b5100
0x0ff60c: 0x4c2b5100
0x0ff610: 0x4c2b5100
0x0ff614: 0x4c2b5100
0x0ff618: 0x4c2b5100
0x0ff61c: 0x4c2b5100
0x0ff620: 0x4c2b5100
0x0ff624: 0x4c2b5100
0x0ff628: 0x4c2b5100
0x0ff62c: 0x4c2b5100
0x0ff630: 0x4c2b5100
0x0ff634: 0x4c2b5100
0x0ff638: 0x4c2b5100
0x0ff63c: 0x4c2b5100
0x0ff640: 0x4c2b5100
0x0ff644: 0x4c2b5100
0x0ff648: 0x4c2b5100
0x0ff64c: 0x4c2b5100
0x0ff650: 0x4c2b5100
0x0ff654: 0x4c2b5100
0x0ff658: 0x4c2b5100
0x0ff65c: 0x4c2b5100
0x0ff660: 0x4c2b5100
0x0ff664: 0x4c2b5100
0x0ff668: 0x4c2b5100
0x0ff66c: 0x4c2b5100
0x0ff670: 0x4c2b5100
0x0ff674: 0x4c2b5100
0x0ff678: 0x4c2b5100
0x0ff67c: 0x4c2b5100
0x0ff680: 0x4c2b5100
0x0ff684: 0x4c2b5100
0x0ff688: 0x4c2b5100
0x0ff68c: 0x4c2b5100
0x0ff690: 0x4c2b5100
0x0ff694: 0x4c2b5100
0x0ff698: 0x4c2b5100
0x0ff69c: 0x4c2b5100
0x0ff6a0: 0x4c2b5100
0x0ff6a4: 0x4c2b5100
0x0ff6a8: 0x4c2b5100
0x0ff6ac: 0x4c2b5100
0x0ff6b0: 0x4c2b5100
0x0ff6b4: 0x4c2b5100
0x0ff6b8: 0x4c2b5100
0x0ff6bc: 0x4c2b5100
0x0ff6c0: 0x4c2b5100
0x0ff6c4: 0x4c2b5100
0x0ff6c8: 0x4c2b5100
0x0ff6cc: 0x4c2b5100
0x0ff6d0: 0x4c2b5100
0x0ff6d4: 0x4c2b5100
0x0ff6d8: 0x4c2b5100
0x0ff6dc: 0x4c2b5100
0x0ff6e0: 0x4c2b5100
0x0ff6e4: 0x4c2b5100
0x0ff6e8: 0x4c2b5100
0x0ff6ec: 0x4c2b5100
0x0ff6f0: 0x4c2b5100
0x0ff6f4: 0x4c2b5100
0x0ff6f8: 0x4c2b5100
0x0ff6fc: 0x4c2b5100
0x0ff700: 0x4c2b5100
0x0ff704: 0x4c2b5100
0x0ff708: 0x4c2b5100
0x0ff70c: 0x4c2b5100
0x0ff710: 0x4c2b5100
0x0ff714: 0x4c2b5100
0x0ff718: 0x4c2b5100
0x0ff71c: 0x4c2b5100
0x0ff720: 0x4c2b5100
0x0ff724: 0x4c2b5100
0x0ff728: 0x4c2b5100
0x0ff72c: 0x4c2b5100
0x0ff730: 0x4c2b5100
0x0ff734: 0x4c2b5100
0x0ff738: 0x4c2b5100
0x0ff73c: 0x4c2b5100
0x0ff740: 0x4c2b5100
0x0ff744: 0x4c2b5100
0x0ff748: 0x4c2b5100
0x0ff74c: 0x4c2b5100
0x0ff750: 0x4c2b5100
0x0ff754: 0x4c2b5100
0x0ff758: 0x4c2b5100
0x0ff75c: 0x4c2b5100
0x0ff760: 0x4c2b5100
0x0ff764: 0x4c2b5100
0x0ff768: 0x4c2b5100
0x0ff76c: 0x4c2b5100
0x0ff770: 0x4c2b5100
0x0ff774: 0x4c2b5100
0x0ff778: 0x4c2b5100
0x0ff77c: 0x4c2b5100
0x0ff780: 0x4c2b5100
0x0ff784: 0x4c2b5100
0x0ff788: 0x4c2b5100
0x0ff78c: 0x4c2b5100
0x0ff790: 0x4c2b5100
0x0ff794: 0x4c2b5100
0x0ff798: 0x4c2b5100
0x0ff79c: 0x4c2b5100
0x0ff7a0: 0x4c2b5100
0x0ff7a4: 0x4c2b5100
0x0ff7a8: 0x4c2b5100
0x0ff7ac: 0x4c2b5100
0x0ff7b0: 0x4c2b5100
0x0ff7b4: 0x4c2b5100
0x0ff7b8: 0x4c2b5100
0x0ff7bc: 0x4c2b5100
0x0ff7c0: 0x4c2b5100
0x0ff7c4: 0x4c2b5100
0x0ff7c8: 0x4c2b5100
0x0ff7cc: 0x4c2b5100
0x0ff7d0: 0x4c2b5100
0x0ff7d4: 0x4c2b5100
0x0ff7d8: 0x4c2b5100
0x0ff7dc: 0x4c2b5100
0x0ff7e0: 0x4c2b5100
0x0ff7e4: 0x4c2b5100
0x0ff7e8: 0x4c2b5100
0x0ff7ec: 0x4c2b5100
0x0ff7f0: 0x4c2b5100
0x0ff7f4: 0x4c2b5100
0x0ff7f8: 0x4c2b5100
0x0ff7fc: 0x4c2b5100
0x0ff800: 0x4c2b5100
0x0ff804: 0x4c2b5100
0x0ff808: 0x4c2b5100
0x0ff80c: 0x4c2b5100
0x0ff810: 0x4c2b5100
0x0ff814: 0x4c2b5100
0x0ff818: 0x4c2b5100
0x0ff81c: 0x4c2b5100
0x0ff820: 0x4c2b5100
0x0ff824: 0x4c2b5100
0x0ff828: 0x4c2b5100
0x0ff82c: 0x4c2b5100
0x0ff830: 0x4c2b5100
0x0ff834: 0x4c2b5100
0x0ff838: 0x4c2b5100
0x0ff83c: 0x4c2b5100
0x0ff840: 0x4c2b5100
0x0ff844: 0x4c2b5100
0x0ff848: 0x4c2b5100
0x0ff84c: 0x4c2b5100
0x0ff850: 0x4c2b5100
0x0ff854: 0x4c2b5100
0x0ff858: 0x4c2b5100
0x0ff85c: 0x4c2b5100
0x0ff860: 0x4c2b5100
0x0ff864: 0x4c2b5100
0x0ff868: 0x4c2b5100
0x0ff86c: 0x4c2b5100
0x0ff870: 0x4c2b5100
0x0ff874: 0x4c2b5100
0x0ff878: 0x4c2b5100
0x0ff87c: 0x4c2b5100
0x0ff880: 0x4c2b5100
0x0ff884: 0x4c2b5100
0x0ff888: 0x4c2b5100
0x0ff88c: 0x4c2b5100
0x0ff890: 0x4c2b5100
0x0ff894: 0x4c2b5100
0x0ff898: 0x4c2b5100
0x0ff89c: 0x4c2b5100
0x0ff8a0: 0x4c2b5100
0x0ff8a4: 0x4c2b5100
0x0ff8a8: 0x4c2b5100
0x0ff8ac: 0x4c2b5100
0x0ff8b0: 0x4c2b5100
0x0ff8b4: 0x4c2b5100
0x0ff8b8: 0x4c2b5100
0x0ff8bc: 0x4c2b5100
0x0ff8c0: 0x4c2b5100
0x0ff8c4: 0x4c2b5100
0x0ff8c8: 0x4c2b5100
0x0ff8cc: 0x4c2b5100
0x0ff8d0: 0x4c2b5100
0x0ff8d4: 0x4c2b5100
0x0ff8d8: 0x4c2b5100
0x0ff8dc: 0x4c2b5100
0x0ff8e0: 0x4c2b5100
0x0ff8e4: 0x4c2b5100
0x0ff8e8: 0x4c2b5100
0x0ff8ec: 0x4c2b5100
0x0ff8f0: 0x4c2b5100
0x0ff8f4: 0x4c2b5100
0x0ff8f8: 0x4c2b5100
0x0ff8fc: 0x4c2b5100
0x0ff900: 0x4c2b5100
0x0ff904: 0x4c2b5100
0x0ff908: 0x4c2b5100
0x0ff90c: 0x4c2b5100
0x0ff910: 0x4c2b5100
0x0ff914: 0x4c2b5100
0x0ff918: 0x4c2b5100
0x0ff91c: 0x4c2b5100
0x0ff920: 0x4c2b5100
0x0ff924: 0x4c2b5100
0x0ff928: 0x4c2b5100
0x0ff92c: 0x4c2b5100
0x0ff930: 0x4c2b5100
0x0ff934: 0x4c2b5100
0x0ff938: 0x4c2b5100
0x0ff93c: 0x4c2b5100
0x0ff940: 0x4c2b5100
0x0ff944: 0x4c2b5100
0x0ff948: 0x4c2b5100
0x0ff94c: 0x4c2b5100
0x0ff950: 0x4c2b5100
0x0ff954: 0x4c2b5100
0x0ff958: 0x4c2b5100
0x0ff95c: 0x4c2b5100
0x0ff960: 0x4c2b5100
0x0ff964: 0x4c2b5100
0x0ff968: 0x4c2b5100
0x0ff96c: 0x4c2b5100
0x0ff970: 0x4c2b5100
0x0ff974: 0x4c2b5100
0x0ff978: 0x4c2b5100
0x0ff97c: 0x4c2b5100
0x0ff980: 0x4c2b5100
0x0ff984: 0x4c2b5100
0x0ff988: 0x4c2b5100
0x0ff98c: 0x4c2b5100
0x0ff990: 0x4c2b5100
0x0ff994: 0x4c2b5100
0x0ff998: 0x4c2b5100
0x0ff99c: 0x4c2b5100
0x0ff9a0: 0x4c2b5100
0x0ff9a4: 0x4c2b5100
0x0ff9a8: 0x4c2b5100
0x0ff9ac: 0x4c2b5100
0x0ff9b0: 0x4c2b5100
0x0ff9b4: 0x4c2b5100
0x0ff9b8: 0x4c2b5100
0x0ff9bc: 0x4c2b5100
0x0ff9c0: 0x4c2b5100
0x0ff9c4: 0x4c2b5100
0x0ff9c8: 0x4c2b5100
0x0ff9cc: 0x4c2b5100
0x0ff9d0: 0x4c2b5100
0x0ff9d4: 0x4c2b5100
0x0ff9d8: 0x4c2b5100
0x0ff9dc: 0x4c2b5100
0x0ff9e0: 0x4c2b5100
0x0ff9e4: 0x4c2b5100
0x0ff9e8: 0x4c2b5100
0x0ff9ec: 0x4c2b5100
0x0ff9f0: 0x4c2b5100
0x0ff9f4: 0x4c2b5100
0x0ff9f8: 0x4c2b5100
0x0ff9fc: 0x4c2b5100
0x0ffa00: 0x4c2b5100
0x0ffa04: 0x4c2b5100
0x0ffa08: 0x4c2b5100
0x0ffa0c: 0x4c2b5100
0x0ffa10: 0x4c2b5100
0x0ffa14: 0x4c2b5100
0x0ffa18: 0x4c2b5100
0x0ffa1c: 0x4c2b5100
0x0ffa20: 0x4c2b5100
0x0ffa24: 0x4c2b5100
0x0ffa28: 0x4c2b5100
0x0ffa2c: 0x4c2b5100
0x0ffa30: 0x4c2b5100
0x0ffa34: 0x4c2b5100
0x0ffa38: 0x4c2b5100
0x0ffa3c: 0x4c2b5100
0x0ffa40: 0x4c2b5100
0x0ffa44: 0x4c2b5100
0x0ffa48: 0x4c2b5100
0x0ffa4c: 0x4c2b5100
0x0ffa50: 0x4c2b5100
0x0ffa54: 0x4c2b5100
0x0ffa58: 0x4c2b5100
0x0ffa5c: 0x4c2b5100
0x0ffa60: 0x4c2b5100
0x0ffa64: 0x4c2b5100
0x0ffa68: 0x4c2b5100
0x0ffa6c: 0x4c2b5100
0x0ffa70: 0x4c2b5100
0x0ffa74: 0x4c2b5100
0x0ffa78: 0x4c2b5100
0x0ffa7c: 0x4c2b5100
0x0ffa80: 0x4c2b5100
0x0ffa84: 0x4c2b5100
0x0ffa88: 0x4c2b5100
0x0ffa8c: 0x4c2b5100
0x0ffa90: 0x4c2b5100
0x0ffa94: 0x4c2b5100
0x0ffa98: 0x4c2b5100
0x0ffa9c: 0x4c2b5100
0x0ffaa0: 0x4c2b5100
0x0ffaa4: 0x4c2b5100
0x0ffaa8: 0x4c2b5100
0x0ffaac: 0x4c2b5100
0x0ffab0: 0x4c2b5100
0x0ffab4: 0x4c2b5100
0x0ffab8: 0x4c2b5100
0x0ffabc: 0x4c2b5100
0x0ffac0: 0x4c2b5100
0x0ffac4: 0x4c2b5100
0x0ffac8: 0x4c2b5100
0x0ffacc: 0x4c2b5100
0x0ffad0: 0x4c2b5100
0x0ffad4: 0x4c2b5100
0x0ffad8: 0x4c2b5100
0x0ffadc: 0x4c2b5100
0x0ffae0: 0x4c2b5100
0x0ffae4: 0x4c2b5100
0x0ffae8: 0x4c2b5100
0x0ffaec: 0x4c2b5100
0x0ffaf0: 0x4c2b5100
0x0ffaf4: 0x4c2b5100
0x0ffaf8: 0x4c2b5100
0x0ffafc: 0x4c2b5100
0x0ffb00: 0x4c2b5100
0x0ffb04: 0x4c2b5100
0x0ffb08: 0x4c2b5100
0x0ffb0c: 0x4c2b5100
0x0ffb10: 0x4c2b5100
0x0ffb14: 0x4c2b5100
0x0ffb18: 0x4c2b5100
0x0ffb1c: 0x4c2b5100
0x0ffb20: 0x4c2b5100
0x0ffb24: 0x4c2b5100
0x0ffb28: 0x4c2b5100
0x0ffb2c: 0x4c2b5100
0x0ffb30: 0x4c2b5100
0x0ffb34: 0x4c2b5100
0x0ffb38: 0x4c2b5100
0x0ffb3c: 0x4c2b5100
0x0ffb40: 0x4c2b5100
0x0ffb44: 0x4c2b5100
0x0ffb48: 0x4c2b5100
0x0ffb4c: 0x4c2b5100
0x0ffb50: 0x4c2b5100
0x0ffb54: 0x4c2b5100
0x0ffb58: 0x4c2b5100
0x0ffb5c: 0x4c2b5100
0x0ffb60: 0x4c2b5100
0x0ffb64: 0x4c2b5100
0x0ffb68: 0x4c2b5100
0x0ffb6c: 0x4c2b5100
0x0ffb70: 0x4c2b5100
0x0ffb74: 0x4c2b5100
0x0ffb78: 0x4c2b5100
0x0ffb7c: 0x4c2b5100
0x0ffb80: 0x4c2b5100
0x0ffb84: 0x4c2b5100
0x0ffb88: 0x4c2b5100
0x0ffb8c: 0x4c2b5100
0x0ffb90: 0x4c2b5100
0x0ffb94: 0x4c2b5100
0x0ffb98: 0x4c2b5100
0x0ffb9c: 0x4c2b5100
0x0ffba0: 0x4c2b5100
0x0ffba4: 0x4c2b5100
0x0ffba8: 0x4c2b5100
0x0ffbac: 0x4c2b5100
0x0ffbb0: 0x4c2b5100
0x0ffbb4: 0x4c2b5100
0x0ffbb8: 0x4c2b5100
0x0ffbbc: 0x4c2b5100
0x0ffbc0: 0x4c2b5100
0x0ffbc4: 0x4c2b5100
0x0ffbc8: 0x4c2b5100
0x0ffbcc: 0x4c2b5100
0x0ffbd0: 0x4c2b5100
0x0ffbd4: 0x4c2b5100
0x0ffbd8: 0x4c2b5100
0x0ffbdc: 0x4c2b5100
0x0ffbe0: 0x4c2b5100
0x0ffbe4: 0x4c2b5100
0x0ffbe8: 0x4c2b5100
0x0ffbec: 0x4c2b5100
0x0ffbf0: 0x4c2b5100
0x0ffbf4: 0x4c2b5100
0x0ffbf8: 0x4c2b5100
0x0ffbfc: 0x4c2b5100
0x0ffc00: 0x4c2b5100
0x0ffc04: 0x4c2b5100
0x0ffc08: 0x4c2b5100
0x0ffc0c: 0x4c2b5100
0x0ffc10: 0x4c2b5100
0x0ffc14: 0x4c2b5100
0x0ffc18: 0x4c2b5100
0x0ffc1c: 0x4c2b5100
0x0ffc20: 0x4c2b5100
0x0ffc24: 0x4c2b5100
0x0ffc28: 0x4c2b5100
0x0ffc2c: 0x4c2b5100
0x0ffc30: 0x4c2b5100
0x0ffc34: 0x4c2b5100
0x0ffc38: 0x4c2b5100
0x0ffc3c: 0x4c2b5100
0x0ffc40: 0x4c2b5100
0x0ffc44: 0x4c2b5100
0x0ffc48: 0x4c2b5100
0x0ffc4c: 0x4c2b5100
0x0ffc50: 0x4c2b5100
0x0ffc54: 0x4c2b5100
0x0ffc58: 0x4c2b5100
0x0ffc5c: 0x4c2b5100
0x0ffc60: 0x4c2b5100
0x0ffc64: 0x4c2b5100
0x0ffc68: 0x4c2b5100
0x0ffc6c: 0x4c2b5100
0x0ffc70: 0x4c2b5100
0x0ffc74: 0x4c2b5100
0x0ffc78: 0x4c2b5100
0x0ffc7c: 0x4c2b5100
0x0ffc80: 0x4c2b5100
0x0ffc84: 0x4c2b5100
0x0ffc88: 0x4c2b5100
0x0ffc8c: 0x4c2b5100
0x0ffc90: 0x4c2b5100
0x0ffc94: 0x4c2b5100
0x0ffc98: 0x4c2b5100
0x0ffc9c: 0x4c2b5100
0x0ffca0: 0x4c2b5100
0x0ffca4: 0x4c2b5100
0x0ffca8: 0x4c2b5100
0x0ffcac: 0x4c2b5100
0x0ffcb0: 0x4c2b5100
0x0ffcb4: 0x4c2b5100
0x0ffcb8: 0x4c2b5100
0x0ffcbc: 0x4c2b5100
0x0ffcc0: 0x4c2b5100
0x0ffcc4: 0x4c2b5100
0x0ffcc8: 0x4c2b5100
0x0ffccc: 0x4c2b5100
0x0ffcd0: 0x4c2b5100
0x0ffcd4: 0x4c2b5100
0x0ffcd8: 0x4c2b5100
0x0ffcdc: 0x4c2b5100
0x0ffce0: 0x4c2b5100
0x0ffce4: 0x4c2b5100
0x0ffce8: 0x4c2b5100
0x0ffcec: 0x4c2b5100
0x0ffcf0: 0x4c2b5100
0x0ffcf4: 0x4c2b5100
0x0ffcf8: 0x4c2b5100
0x0ffcfc: 0x4c2b5100
0x0ffd00: 0x4c2b5100
0x0ffd04: 0x4c2b5100
0x0ffd08: 0x4c2b5100
0x0ffd0c: 0x4c2b5100
0x0ffd10: 0x4c2b5100
0x0ffd14: 0x4c2b5100
0x0ffd18: 0x4c2b5100
0x0ffd1c: 0x4c2b5100
0x0ffd20: 0x4c2b5100
0x0ffd24: 0x4c2b5100
0x0ffd28: 0x4c2b5100
0x0ffd2c: 0x4c2b5100
0x0ffd30: 0x4c2b5100
0x0ffd34: 0x4c2b5100
0x0ffd38: 0x4c2b5100
0x0ffd3c: 0x4c2b5100
0x0ffd40: 0x4c2b5100
0x0ffd44: 0x4c2b5100
0x0ffd48: 0x4c2b5100
0x0ffd4c: 0x4c2b5100
0x0ffd50: 0x4c2b5100
0x0ffd54: 0x4c2b5100
0x0ffd58: 0x4c2b5100
0x0ffd5c: 0x4c2b5100
0x0ffd60: 0x4c2b5100
0x0ffd64: 0x4c2b5100
0x0ffd68: 0x4c2b5100
0x0ffd6c: 0x4c2b5100
0x0ffd70: 0x4c2b5100
0x0ffd74: 0x4c2b5100
0x0ffd78: 0x4c2b5100
0x0ffd7c: 0x4c2b5100
0x0ffd80: 0x4c2b5100
0x0ffd84: 0x4c2b5100
0x0ffd88: 0x4c2b5100
0x0ffd8c: 0x4c2b5100
0x0ffd90: 0x4c2b5100
0x0ffd94: 0x4c2b5100
0x0ffd98: 0x4c2b5100
0x0ffd9c: 0x4c2b5100
0x0ffda0: 0x4c2b5100
0x0ffda4: 0x4c2b5100
0x0ffda8: 0x4c2b5100
0x0ffdac: 0x4c2b5100
0x0ffdb0: 0x4c2b5100
0x0ffdb4: 0x4c2b5100
0x0ffdb8: 0x4c2b5100
0x0ffdbc: 0x4c2b5100
0x0ffdc0: 0x4c2b5100
0x0ffdc4: 0x4c2b5100
0x0ffdc8: 0x4c2b5100
0x0ffdcc: 0x4c2b5100
0x0ffdd0: 0x4c2b5100
0x0ffdd4: 0x4c2b5100
0x0ffdd8: 0x4c2b5100
0x0ffddc: 0x4c2b5100
0x0ffde0: 0x4c2b5100
0x0ffde4: 0x4c2b5100
0x0ffde8: 0x4c2b5100
0x0ffdec: 0x4c2b5100
0x0ffdf0: 0x4c2b5100
0x0ffdf4: 0x4c2b5100
0x0ffdf8: 0x4c2b5100
0x0ffdfc: 0x4c2b5100
0x0ffe00: 0x4c2b5100
0x0ffe04: 0x4c2b5100
0x0ffe08: 0x4c2b5100
0x0ffe0c: 0x4c2b5100
0x0ffe10: 0x4c2b5100
0x0ffe14: 0x4c2b5100
0x0ffe18: 0x4c2b5100
0x0ffe1c: 0x4c2b5100
0x0ffe20: 0x4c2b5100
0x0ffe24: 0x4c2b5100
0x0ffe28: 0x4c2b5100
0x0ffe2c: 0x4c2b5100
0x0ffe30: 0x4c2b5100
0x0ffe34: 0x4c2b5100
0x0ffe38: 0x4c2b5100
0x0ffe3c: 0x4c2b5100
0x0ffe40: 0x4c2b5100
0x0ffe44: 0x4c2b5100
0x0ffe48: 0x4c2b5100
0x0ffe4c: 0x4c2b5100
0x0ffe50: 0x4c2b5100
0x0ffe54: 0x4c2b5100
0x0ffe58: 0x4c2b5100
0x0ffe5c: 0x4c2b5100
0x0ffe60: 0x4c2b5100
0x0ffe64: 0x4c2b5100
0x0ffe68: 0x4c2b5100
0x0ffe6c: 0x4c2b5100
0x0ffe70: 0x4c2b5100
0x0ffe74: 0x4c2b5100
0x0ffe78: 0x4c2b5100
0x0ffe7c: 0x4c2b5100
0x0ffe80: 0x4c2b5100
0x0ffe84: 0x4c2b5100
0x0ffe88: 0x4c2b5100
0x0ffe8c: 0x4c2b5100
0x0ffe90: 0x4c2b5100
0x0ffe94: 0x4c2b5100
0x0ffe98: 0x4c2b5100
0x0ffe9c: 0x4c2b5100
0x0ffea0: 0x4c2b5100
0x0ffea4: 0x4c2b5100
0x0ffea8: 0x4c2b5100
0x0ffeac: 0x4c2b5100
0x0ffeb0: 0x4c2b5100
0x0ffeb4: 0x4c2b5100
0x0ffeb8: 0x4c2b5100
0x0ffebc: 0x4c2b5100
0x0ffec0: 0x4c2b5100
0x0ffec4: 0x4c2b5100
0x0ffec8: 0x4c2b5100
0x0ffecc: 0x4c2b5100
0x0ffed0: 0x4c2b5100
0x0ffed4: 0x4c2b5100
0x0ffed8: 0x4c2b5100
0x0ffedc: 0x4c2b5100
0x0ffee0: 0x4c2b5100
0x0ffee4: 0x4c2b5100
0x0ffee8: 0x4c2b5100
0x0ffeec: 0x4c2b5100
0x0ffef0: 0x4c2b5100
0x0ffef4: 0x4c2b5100
0x0ffef8: 0x4c2b5100
0x0ffefc: 0x4c2b5100
0x0fff00: 0x4c2b5100
0x0fff04: 0x4c2b5100
0x0fff08: 0x4c2b5100
0x0fff0c: 0x4c2b5100
0x0fff10: 0x4c2b5100
0x0fff14: 0x4c2b5100
0x0fff18: 0x4c2b5100
0x0fff1c: 0x4c2b5100
0x0fff20: 0x4c2b5100
0x0fff24: 0x4c2b5100
0x0fff28: 0x4c2b5100
0x0fff2c: 0x4c2b5100
0x0fff30: 0x4c2b5100
0x0fff34: 0x4c2b5100
0x0fff38: 0x4c2b5100
0x0fff3c: 0x4c2b5100
0x0fff40: 0x4c2b5100
0x0fff44: 0x4c2b5100
0x0fff48: 0x4c2b5100
0x0fff4c: 0x4c2b5100
0x0fff50: 0x4c2b5100
0x0fff54: 0x4c2b5100
0x0fff58: 0x4c2b5100
0x0fff5c: 0x4c2b5100
0x0fff60: 0x4c2b5100
0x0fff64: 0x4c2b5100
0x0fff68: 0x4c2b5100
0x0fff6c: 0x4c2b5100
0x0fff70: 0x4c2b5100
0x0fff74: 0x4c2b5100
0x0fff78: 0x4c2b5100
0x0fff7c: 0x4c2b5100
0x0fff80: 0x4c2b5100
0x0fff84: 0x4c2b5100
0x0fff88: 0x4c2b5100
0x0fff8c: 0x4c2b5100
0x0fff90: 0x4c2b5100
0x0fff94: 0x4c2b5100
0x0fff98: 0x4c2b5100
0x0fff9c: 0x4c2b5100
0x0fffa0: 0x4c2b5100
0x0fffa4: 0x4c2b5100
0x0fffa8: 0x4c2b5100
0x0fffac: 0x4c2b5100
0x0fffb0: 0x4c2b5100
0x0fffb4: 0x4c2b5100
0x0fffb8: 0x4c2b5100
0x0fffbc: 0x4c2b5100
0x0fffc0: 0x4c2b5100
0x0fffc4: 0x4c2b5100
0x0fffc8: 0x4c2b5100
0x0fffcc: 0x4c2b5100
0x0fffd0: 0x4c2b5100
0x0fffd4: 0x4c2b5100
0x0fffd8: 0x4c2b5100
0x0fffdc: 0x4c2b5100
0x0fffe0: 0x4c2b5100
0x0fffe4: 0x4c2b5100
0x0fffe8: 0x4c2b5100
0x0fffec: 0x4c2b5100
0x0ffff0: 0x4c2b5100
0x0ffff4: 0x4c2b5100
0x0ffff8: 0x4c2b5100
0x0ffffc: 0x4c2b5100

============= AHCI Registers ==============


======open("/dev/cpu/0/msr"): No such file or directory
Could not read MSR for CPU#0: No such file or directory
open("/dev/cpu/0/msr"): No such file or directory
Could not read MSR for CPU#0: No such file or directory
open("/dev/cpu/0/msr"): No such file or directory
Could not read MSR for CPU#0: No such file or directory
open("/dev/cpu/1/msr"): No such file or directory
Could not read MSR for CPU#1: No such file or directory
open("/dev/cpu/1/msr"): No such file or directory
Could not read MSR for CPU#1: No such file or directory
open("/dev/cpu/1/msr"): No such file or directory
Could not read MSR for CPU#1: No such file or directory
open("/dev/cpu/2/msr"): No such file or directory
Could not read MSR for CPU#2: No such file or directory
open("/dev/cpu/2/msr"): No such file or directory
Could not read MSR for CPU#2: No such file or directory
open("/dev/cpu/2/msr"): No such file or directory
Could not read MSR for CPU#2: No such file or directory
open("/dev/cpu/3/msr"): No such file or directory
Could not read MSR for CPU#3: No such file or directory
open("/dev/cpu/3/msr"): No such file or directory
Could not read MSR for CPU#3: No such file or directory
open("/dev/cpu/3/msr"): No such file or directory
Could not read MSR for CPU#3: No such file or directory
open("/dev/cpu/4/msr"): No such file or directory
Could not read MSR for CPU#4: No such file or directory
open("/dev/cpu/4/msr"): No such file or directory
Could not read MSR for CPU#4: No such file or directory
open("/dev/cpu/4/msr"): No such file or directory
Could not read MSR for CPU#4: No such file or directory
open("/dev/cpu/5/msr"): No such file or directory
Could not read MSR for CPU#5: No such file or directory
open("/dev/cpu/5/msr"): No such file or directory
Could not read MSR for CPU#5: No such file or directory
open("/dev/cpu/5/msr"): No such file or directory
Could not read MSR for CPU#5: No such file or directory
open("/dev/cpu/6/msr"): No such file or directory
Could not read MSR for CPU#6: No such file or directory
open("/dev/cpu/6/msr"): No such file or directory
Could not read MSR for CPU#6: No such file or directory
open("/dev/cpu/6/msr"): No such file or directory
Could not read MSR for CPU#6: No such file or directory
open("/dev/cpu/7/msr"): No such file or directory
Could not read MSR for CPU#7: No such file or directory
open("/dev/cpu/7/msr"): No such file or directory
Could not read MSR for CPU#7: No such file or directory
open("/dev/cpu/7/msr"): No such file or directory
Could not read MSR for CPU#7: No such file or directory
open("/dev/cpu/0/msr"): No such file or directory
Could not read MSR for CPU#0: No such file or directory
======= AHCI Configuration Registers ==============


============= SATA Initialization Registers ==============


============= ABAR ==============

ABAR = 0xf7f00000 (MEM)

Generic Host Control Registers:
0x000: 0xc730ff45 (CAP)
0x004: 0x80000002 (GHC)
0x008: 0x00000000 (IS)
0x00c: 0x00000003 (PI)
0x010: 0x00010300 (VS)
0x014: 0x00000000 (CCC_CTL)
0x018: 0x00000000 (CCC_PORTS)
0x01c: 0x01600002 (EM_LOC)
0x020: 0x07010000 (EM_CTL)
0x024: 0x00000004 (CAP2)
0x028: 0x00000000 (BOHC)
0x0a0: 0x00000048 (Reserved)
0x0c0: 0x00311c02 (Reserved)

Port 0 Control Registers:
0x100: 0xfffe0000 (PxCLB)
0x104: 0x00000000 (PxCLBU)
0x108: 0xfffe0400 (PxFB)
0x10c: 0x00000000 (PxFBU)
0x110: 0x00000000 (PxIS)
0x114: 0x7840007f (PxIE)
0x118: 0x0004c117 (PxCMD)
0x11c: 0x00000000 (Reserved)
0x120: 0x00000040 (PxTFD)
0x124: 0x00000101 (PxSIG)
0x128: 0x00000133 (PxSSTS)
0x12c: 0x00000300 (PxSCTL)
0x130: 0x00000000 (PxSERR)
0x134: 0x00000000 (PxSACT)
0x138: 0x00000000 (PxCI)
0x13c: 0x00000000 (PxSNTF)
0x140: 0x00000000 (PxFBS)
0x144: 0x00000000 (PxDEVSLP)
0x148: 0x00000000 (Reserved)

Port 1 Control Registers:
0x180: 0xfffc0000 (PxCLB)
0x184: 0x00000000 (PxCLBU)
0x188: 0xfffc0400 (PxFB)
0x18c: 0x00000000 (PxFBU)
0x190: 0x00000000 (PxIS)
0x194: 0x7840007f (PxIE)
0x198: 0x00044016 (PxCMD)
0x19c: 0x00000000 (Reserved)
0x1a0: 0x0000007f (PxTFD)
0x1a4: 0xffffffff (PxSIG)
0x1a8: 0x00000000 (PxSSTS)
0x1ac: 0x00000300 (PxSCTL)
0x1b0: 0x00000000 (PxSERR)
0x1b4: 0x00000000 (PxSACT)
0x1b8: 0x00000000 (PxCI)
0x1bc: 0x00000000 (PxSNTF)
0x1c0: 0x00000000 (PxFBS)
0x1c4: 0x00000000 (PxDEVSLP)
0x1c8: 0x00000000 (Reserved)

Other registers:

============= Dumping INTEL SGX status =============
Number of CPUs = 8
------------- CPU 0 ----------------
SGX supported             : NO
SGX enabled               : YES
Feature Control locked    : YES
------------- CPU 1 ----------------
SGX supported             : NO
SGX enabled               : YES
Feature Control locked    : YES
------------- CPU 2 ----------------
SGX supported             : NO
SGX enabled               : YES
Feature Control locked    : YES
------------- CPU 3 ----------------
SGX supported             : NO
SGX enabled               : YES
Feature Control locked    : YES
------------- CPU 4 ----------------
SGX supported             : NO
SGX enabled               : YES
Feature Control locked    : YES
------------- CPU 5 ----------------
SGX supported             : NO
SGX enabled               : YES
Feature Control locked    : YES
------------- CPU 6 ----------------
SGX supported             : NO
SGX enabled               : YES
Feature Control locked    : YES
------------- CPU 7 ----------------
SGX supported             : NO
SGX enabled               : YES
Feature Control locked    : YES
====================================================

============= Dumping INTEL TME status =============
TME supported : NO
====================================================

============= Dumping INTEL Key Locker status =============
Key Locker supported : NO
===========================================================
